call,date,q_no,speaker,firm,question_text,operator_intro,topic_auto,hits,broad_arr_growth_flag,source,coverage
FY23_Q1,2023-03-15,1,Brad Alan Zelnick,"Deutsche Bank AG, Research Division","Congrats on a really strong start to the year. Dan, your guidance explicitly embeds assumptions for the macro environment. Can you share with us what those are and how those assumptions might have changed from a few months ago when you last guided?",[Operator Instructions] And we'll take our first question from the line of Brad Zelnick with Deutsche Bank.,macro_other,"{""ai_disruption_competition"": 0, ""seats_pricing_retention"": 0, ""ai_monetization"": 0, ""digital_experience"": 0, ""margins_ai_costs"": 0, ""leadership"": 0, ""macro_other"": 2}",0,full_transcript,full
FY23_Q1,2023-03-15,2,Aleksandr J. Zukin,"Wolfe Research, LLC","So maybe just what do you think is the driving force behind -- so many companies are talking about longer sales cycles, difficulty closing business. You had an outstanding quarter, specifically within the Enterprise. So maybe what's driving those macro headwinds for others that you're not seeing, or your resiliency specifically? And then on the topic of metrics, every metric was strong as we looked at revenues, RPO, Digital Media ARR, operating margins. But maybe just can you talk about deferred revenue in the quarter? Anything there that was a headwind? Because it did look like free cash flow was a little bit lighter than what we were expecting.",And we'll take our next question from the line of Alex Zukin with Wolfe Research.,macro_other,"{""ai_disruption_competition"": 0, ""seats_pricing_retention"": 1, ""ai_monetization"": 0, ""digital_experience"": 1, ""margins_ai_costs"": 2, ""leadership"": 0, ""macro_other"": 5}",1,full_transcript,full
FY23_Q1,2023-03-15,3,Keith Weiss,"Morgan Stanley, Research Division","A really nice quarter. I think my question is actually a deep dive into the prior 2 questions. Dan, maybe digging a little bit into sort of what Brad was asking, we are, like from a market perspective and an investor perspective, worrying about these kind of incremental impacts like Silicon Valley Bank and other bank failures. And you're seeing continued like reduction in head count from big shops like Meta on a go-forward basis. So I think the market is getting incrementally worried about the underlying kind of macro impacts. But you guys went the other way. Like in Q1, you're taking up your net new ARR additions for Digital Media. So can you walk us through specifically, is there anything mechanical or sort of tactical, if you will, that gives you guys the confidence that like, even with the heightened kind of volatility that we're seeing out there, that you guys feel comfortable in Q1 taking up that full year guide? And then on the other side of the equation, on the free cash flow, can you just specify for us and you can give us a sense of kind of where those cash taxes are going to go over time just to help us kind of tune in our model?",[Operator Instructions] We'll take our next question from the line of Keith Weiss with Morgan Stanley.,macro_other,"{""ai_disruption_competition"": 0, ""seats_pricing_retention"": 1, ""ai_monetization"": 0, ""digital_experience"": 0, ""margins_ai_costs"": 1, ""leadership"": 0, ""macro_other"": 3}",1,full_transcript,full
FY23_Q1,2023-03-15,4,Jacob Roberge,"William Blair & Company L.L.C., Research Division",Congrats on great results. I just want to double click on that pension commentary you called out in several areas of the business during the prepared remarks. Is there anything specific that you're doing differently in this period of macro uncertainty that's driving those results? And have you started to see Express help at all with retention metrics as customers know the tier that they can actually graduate down to?,And we'll take our next question from the line of Jake Roberge with William Blair.,seats_pricing_retention,"{""ai_disruption_competition"": 0, ""seats_pricing_retention"": 2, ""ai_monetization"": 0, ""digital_experience"": 0, ""margins_ai_costs"": 0, ""leadership"": 0, ""macro_other"": 1}",0,full_transcript,full
FY23_Q1,2023-03-15,5,Bradley Hartwell Sills,"BofA Securities, Research Division","I wanted to ask about that top of funnel activity that you've been generating here with Communicator and the Consumer segment with Creative Cloud Express, the success you're seeing there. Some exciting new announcements coming here, it sounds like on Creative Cloud Express enhancements here. Could we interpret that to mean that perhaps you're pivoting more towards upselling those customers to some of these newer features and offerings that are coming with Creative Cloud Express, away from that top of funnel activity that you've been very successful with thus far?",And we'll take the next question from the line of Brad Sills with Bank of America.,macro_other,"{""ai_disruption_competition"": 0, ""seats_pricing_retention"": 0, ""ai_monetization"": 0, ""digital_experience"": 0, ""margins_ai_costs"": 0, ""leadership"": 0, ""macro_other"": 0}",0,full_transcript,full
FY23_Q1,2023-03-15,6,Michael James Turrin,"Wells Fargo Securities, LLC, Research Division","Great. One of the things that stood out is you mentioned wins over single-product competitors and a few key areas on the Digital Experience side. Can we go a bit deeper into that as this environment and some of what's happening on the private company side, maybe presenting opportunities you're now able to take advantage of? I'd just be curious here a bit more on maybe both the DX and DM side, just what's happening there.",And we'll take our next question from the line of Michael Turrin with Wells Fargo Securities.,digital_experience,"{""ai_disruption_competition"": 1, ""seats_pricing_retention"": 0, ""ai_monetization"": 0, ""digital_experience"": 2, ""margins_ai_costs"": 0, ""leadership"": 0, ""macro_other"": 0}",0,full_transcript,full
FY23_Q1,2023-03-15,7,Kasthuri Gopalan Rangan,"Goldman Sachs Group, Inc., Research Division",I just want to pick up there where I think David talked about the excitement with generative AI; anybody that wants to jump in. What does this mean for Adobe? Is this just somewhat substitutive for all the opportunity that you have? Or is it somewhat incremental or massively incremental? And how does Adobe monetize generative AI? Is this something that you can create a separate SKU or charge more? I'm curious to get your thoughts quantitatively and qualitatively.,And we'll take our next question from the line of Kash Rangan with Goldman Sachs.,ai_disruption_competition,"{""ai_disruption_competition"": 1, ""seats_pricing_retention"": 0, ""ai_monetization"": 1, ""digital_experience"": 0, ""margins_ai_costs"": 0, ""leadership"": 0, ""macro_other"": 0}",0,full_transcript,full
FY23_Q1,2023-03-15,8,Jay Vleeschhouwer,"Griffin Securities, Inc., Research Division","David, for you first, when we spoke at MAX on the subject of monetization, you alluded to Adobe's plans for new pricing and packaging, and you alluded to that this evening. But there was a third ingredient that you also alluded to at the time, which was segmentation, which sounded to me like something that you have success with back in the pre-CC days. And so is this something that you could talk about in terms of your returning to the segmentation techniques of the past that work rather well for the company? And then for Anil, it's interesting to hear the reference to your competition with single-product companies. That's not a new phenomenon, of course. You've had multi-solution DX portfolio for some time. So would you say, therefore, that the wins or magnitude of the wins against single-product competitors is more pronounced now, it's a larger part of the DX business? And would you say that the investments that you've evidently been making over the last year in consulting capacity has been a critical enabling ingredient for the growth you're now seeing in DX?",And we'll take our next question from the line of Jay Vleeschhouwer with Griffin Securities.,ai_disruption_competition,"{""ai_disruption_competition"": 2, ""seats_pricing_retention"": 2, ""ai_monetization"": 1, ""digital_experience"": 1, ""margins_ai_costs"": 0, ""leadership"": 0, ""macro_other"": 0}",0,full_transcript,full
FY23_Q1,2023-03-15,9,Saket Kalia,"Barclays Bank PLC, Research Division","Okay. Great. Well done in the quarter. I'd love to dig into Figma a little bit, understanding very well that it's still in process. And so David, maybe for you. I know you and the team see the opportunities with products like FigJam in really complementing Creative Cloud. I was wondering if you've seen other opportunities for some of that complementary sort of opportunity as you spend more time with the business. And then, Dan, maybe just a quick housekeeping question. Can you just remind us sort of what the revenue overlap looks like with Figma? I believe it's the Adobe XD product specifically where there's overlap, but maybe you could just remind us sort of what that revenue overlap looks like.",And we'll take our next question from the line of Saket Kalia with Barclays.,ai_disruption_competition,"{""ai_disruption_competition"": 1, ""seats_pricing_retention"": 0, ""ai_monetization"": 0, ""digital_experience"": 0, ""margins_ai_costs"": 0, ""leadership"": 0, ""macro_other"": 0}",0,full_transcript,full
FY23_Q1,2023-03-15,10,Brent John Thill,"Jefferies LLC, Research Division","Shantanu, on the DX business, I'm just curious if you could just give us an overview of what you're seeing there. Are you still seeing the big deals? Are you seeing a higher number of smaller transactions? And then can you just talk through the pipeline, just general kind of set up what you're seeing in terms of the overall DX business and in how customers are behaving?",We'll take our next question from the line of Brent Thill with Jefferies.,digital_experience,"{""ai_disruption_competition"": 0, ""seats_pricing_retention"": 0, ""ai_monetization"": 0, ""digital_experience"": 1, ""margins_ai_costs"": 0, ""leadership"": 0, ""macro_other"": 0}",0,full_transcript,full
FY23_Q2,2023-06-15,1,Michael James Turrin,"Wells Fargo Securities, LLC, Research Division","Nice job on the results. I mean, obviously, I think starting point is with Firefly. We've been fielding a number of questions just on how this alters the size of the market. You had some useful commentary both on monetization and your views on the market. But can you just add some context around early demand signals and how you're expecting this to show up both on the user side of the market and just the overall velocity of content generation?",[Operator Instructions] And the first question comes from Michael Turrin with Wells Fargo Securities.,ai_monetization,"{""ai_disruption_competition"": 0, ""seats_pricing_retention"": 0, ""ai_monetization"": 2, ""digital_experience"": 0, ""margins_ai_costs"": 0, ""leadership"": 0, ""macro_other"": 0}",0,full_transcript,full
FY23_Q2,2023-06-15,2,Saket Kalia,"Barclays Bank PLC, Research Division","Okay. Great. Congrats on a great quarter. David, maybe for you. I want to zero in on that point around Firefly and generating billions of potential users in the years ahead. Obviously, still very early with Firefly but -- as well as Adobe Express. But I'm curious, what are you seeing with Adobe Express and the ability for Firefly to generate some of the demand or pull through some of that demand for Express, both on the consumer side and the enterprise side.",And the next question will come from Saket Kalia with Barclays.,ai_monetization,"{""ai_disruption_competition"": 0, ""seats_pricing_retention"": 0, ""ai_monetization"": 1, ""digital_experience"": 1, ""margins_ai_costs"": 0, ""leadership"": 0, ""macro_other"": 0}",0,full_transcript,full
FY23_Q2,2023-06-15,3,Kirk Materne,"Evercore ISI Institutional Equities, Research Division","Congrats on the quarter. I guess, one, it's probably for David again. David, I was just kind of curious when you think about the enterprise part of the Digital Media business. How, I guess, prepared are customers from a content perspective and the data perspective to take on some of the generative AI capabilities that you guys are bringing to market? And I'm sure this blends into Anil, too, on the Adobe Experience Manager. But I was just wondering if you guys could talk about the data aspect of this and how that interplay might help, frankly, both sides of the Digital Media and the Digital Experience businesses.",And our next question will come from Kirk Materne with Evercore ISI.,digital_experience,"{""ai_disruption_competition"": 0, ""seats_pricing_retention"": 0, ""ai_monetization"": 0, ""digital_experience"": 2, ""margins_ai_costs"": 0, ""leadership"": 0, ""macro_other"": 0}",0,full_transcript,full
FY23_Q2,2023-06-15,4,Arsenije Edward Matovic,"Wolfe Research, LLC","This is Arsenije on for Alex Zukin. Alex is flying right now, but he says it's good to see who the true AI winners are. So now to my question. The DM business continues to outperform in an impressive way. Can you talk to some of the underlying levers and stack rank what is driving the strengths. Whether it's demand for content, uptake of newer products or cross-selling success, can you help unpack the layers of success you're seeing? And then just on gen AI, you have announced new offerings with Generative Fill and more recently, Generative Recolor. As you are seeing kind of the traction you are getting online within the creative community, how is it helping inform you about where the greatest monetization opportunity is?",And our next question will come from Alex Zukin with Wolfe Research.,ai_monetization,"{""ai_disruption_competition"": 0, ""seats_pricing_retention"": 0, ""ai_monetization"": 1, ""digital_experience"": 0, ""margins_ai_costs"": 0, ""leadership"": 0, ""macro_other"": 0}",0,full_transcript,full
FY23_Q2,2023-06-15,5,Mark L. Moerdler,"Sanford C. Bernstein & Co., LLC., Research Division","Congratulations on the strong quarter and the updated guidance. Dan, can you give us some color on how gen AI is going to impact margins? Especially you've -- 0.5 billion assets created just in the beta, the potential for substantial gen AI, once this is all launched, is going to be enormous. How should we think about that?",And our next question will come from Mark Moerdler with Bernstein Research.,margins_ai_costs,"{""ai_disruption_competition"": 0, ""seats_pricing_retention"": 0, ""ai_monetization"": 0, ""digital_experience"": 0, ""margins_ai_costs"": 1, ""leadership"": 0, ""macro_other"": 1}",0,full_transcript,full
FY23_Q2,2023-06-15,6,Tyler Maverick Radke,"Citigroup Inc., Research Division","I wanted to ask about the Document Cloud strength you saw in the quarter. So the business saw a nice improvement relative to last quarter. If you could just unpack that a bit. And then secondly, as I look at the full year outlook, clearly, a really strong quarter, one of the biggest feats we've seen in years. As I think about Q4, just kind of the initial implied guide, is there anything to call out any onetime factors around pricing we should keep in mind as we compare the year-over-year decline? Or is that just conservatism?",And our next question will come from Tyler Radke with Citibank.,macro_other,"{""ai_disruption_competition"": 0, ""seats_pricing_retention"": 1, ""ai_monetization"": 0, ""digital_experience"": 0, ""margins_ai_costs"": 0, ""leadership"": 0, ""macro_other"": 2}",0,full_transcript,full
FY23_Q2,2023-06-15,7,Matthew John Swanson,"RBC Capital Markets, Research Division","Yes. And I'll add my congratulations on the quarter. We've kind of talked from the beginning that a major differentiation point for Firefly is that this is an enterprise-safe generative model. Could you just give us some insights into your customer conversations and really how focused enterprises are around the potential, maybe a copyright or trademark issues that generative could create using other solutions?",And our next question will come from Matt Swanson with RBC.,digital_experience,"{""ai_disruption_competition"": 0, ""seats_pricing_retention"": 0, ""ai_monetization"": 1, ""digital_experience"": 2, ""margins_ai_costs"": 0, ""leadership"": 0, ""macro_other"": 0}",0,full_transcript,full
FY23_Q2,2023-06-15,8,Jay Vleeschhouwer,"Griffin Securities, Inc., Research Division","Shantanu, at summit, with the content supply chain news, the company pretty much effectuated something that you've been talking about for the last number of years. That is content supply chain. And the question is about the potential business impact. Could you talk about what is fundamentally new or newly required in terms of pipeline development for that broader concept of implementing Adobe product? What you think the impact might be, for example, in your average book of business that you disclosed with your top 2,500 and top 1,000 customers each year at the analyst meeting? And you do seem to be investing still heavily in consulting capacity. So is that part of the development that you're foreseeing necessary for content supply chain?",Our next question comes from Jay Vleeschhouwer with Griffin Securities.,ai_monetization,"{""ai_disruption_competition"": 0, ""seats_pricing_retention"": 0, ""ai_monetization"": 2, ""digital_experience"": 0, ""margins_ai_costs"": 0, ""leadership"": 0, ""macro_other"": 0}",0,full_transcript,full
FY23_Q2,2023-06-15,9,Elizabeth Mary Elliott Porter,"Morgan Stanley, Research Division",Great. This is Elizabeth Porter on for Keith Weiss. Congrats on the strong quarter. And my question is again around generative AI. There's clearly a lot of investment and news across the industry. So are there generative AI capabilities that could become table stakes? And what are the areas that drive real differentiation that is monetizable for Adobe? How do you see this market evolving between those 2 pieces over time where Adobe really solidifies its leadership?,And our next question will come from Keith Weiss with Morgan Stanley.,leadership,"{""ai_disruption_competition"": 0, ""seats_pricing_retention"": 0, ""ai_monetization"": 1, ""digital_experience"": 0, ""margins_ai_costs"": 0, ""leadership"": 1, ""macro_other"": 0}",0,full_transcript,full
FY23_Q2,2023-06-15,10,Brent John Thill,"Jefferies LLC, Research Division","Shantanu, a lot of questions around why won't the DX Cloud give the Creative Cloud the [ cold ] as well. Why are you confident this won't spill over? And given I'm the last question, I'll break the operator's policy and asking one for David on, when you think about just the #1 question we're all getting, will AI reduce the number of seats available to you. Can you just address that? That's the #1 question we continue to get.",And that question will come from Brent Thill with Jefferies.,seats_pricing_retention,"{""ai_disruption_competition"": 0, ""seats_pricing_retention"": 1, ""ai_monetization"": 0, ""digital_experience"": 1, ""margins_ai_costs"": 0, ""leadership"": 0, ""macro_other"": 0}",0,full_transcript,full
FY23_Q3,2023-09-14,1,Keith Weiss,"Morgan Stanley, Research Division","A really nice quarter. Dan, actually, a margin question for you and kind of a riddle that like we've been thinking about. We've been told generative AI is really expensive to run. The inference and training costs are really high. You guys have been running a beta for a while, 2 million images generated. There's a lot of functionality already in the product. And your operating margins are up. Your gross margins are up on a year-on-year basis. So how are you able to do that? Like, where are these costs going, if you will? And on a go-forward basis, as all this stuff becomes generally available, how should we think about that gross margin impact or the overall margin impact of generative AI on a go-forward basis?",[Operator Instructions] And our first question will come from Keith Weiss with Morgan Stanley.,margins_ai_costs,"{""ai_disruption_competition"": 0, ""seats_pricing_retention"": 0, ""ai_monetization"": 0, ""digital_experience"": 0, ""margins_ai_costs"": 4, ""leadership"": 0, ""macro_other"": 0}",0,full_transcript,full
FY23_Q3,2023-09-14,2,Kasthuri Gopalan Rangan,"Goldman Sachs Group, Inc., Research Division","Sorry to hear of John Warnock's passing. My condolences. But congrats on the quarter. As we look at the pricing model for generative AI products, which are based on consumption, do you think that these -- rather how additive do you think the generative AI offerings will be to the growth profile of the company going forward? And also one for Dan, when you look at your Q4 guidance, are you contemplating -- it looks like it's not largely changed versus the Street's prior expectations. Are we not embedding any opportunities to show what the generative AI products can do? Because they seem to be largely incremental to what had been contemplated when you first gave guidance fall of last year.",And our next question will come from Kash Rangan with Goldman Sachs.,ai_monetization,"{""ai_disruption_competition"": 0, ""seats_pricing_retention"": 1, ""ai_monetization"": 3, ""digital_experience"": 0, ""margins_ai_costs"": 0, ""leadership"": 0, ""macro_other"": 1}",0,full_transcript,full
FY23_Q3,2023-09-14,3,Saket Kalia,"Barclays Bank PLC, Research Division","Congrats on a great quarter and outlook. Anil, actually my question is for you. Obviously, a lot to talk about with Firefly in the Digital Media business, and it's very clearly a revenue opportunity there. I'm wondering what -- how you think about the generative AI road map or revenue opportunity in the Digital Experience part of the business. I know we talked about the content supply chain, but how do you think about the future of generative AI in your business?",And our next question will come from Saket Kalia with Barclays.,ai_monetization,"{""ai_disruption_competition"": 0, ""seats_pricing_retention"": 0, ""ai_monetization"": 2, ""digital_experience"": 1, ""margins_ai_costs"": 0, ""leadership"": 0, ""macro_other"": 1}",0,full_transcript,full
FY23_Q3,2023-09-14,4,Gregg Steven Moskowitz,"Mizuho Securities USA LLC, Research Division","Congratulations as well on a strong quarter. So when I look at Firefly, the amount of image generation in a 6-month period is clearly pretty stunning. And I'm just wondering if you're able to provide any additional color, whether it be monthly active users or some other metric, that may additionally help all of us gauge the improvements that Firefly is driving to your engagement levels, to your top of funnel, et cetera.",And moving on to Gregg Moskowitz with Mizuho.,seats_pricing_retention,"{""ai_disruption_competition"": 0, ""seats_pricing_retention"": 1, ""ai_monetization"": 1, ""digital_experience"": 0, ""margins_ai_costs"": 0, ""leadership"": 0, ""macro_other"": 0}",0,full_transcript,full
FY23_Q3,2023-09-14,5,Bradley Hartwell Sills,"BofA Securities, Research Division","Wonderful. I wanted to ask about a comment that I think David made earlier in the call, where you're working hard to make Firefly the option for content design to be safe. I would love to double-click on that and understand a little bit how is Adobe the safe option and how is the company making this Firefly in this new generative frontier the safe option for enterprises.",And we have a question from Brad Sills with Bank of America.,ai_monetization,"{""ai_disruption_competition"": 0, ""seats_pricing_retention"": 0, ""ai_monetization"": 1, ""digital_experience"": 1, ""margins_ai_costs"": 0, ""leadership"": 0, ""macro_other"": 0}",0,full_transcript,full
FY23_Q3,2023-09-14,6,Keith Frances Bachman,BMO Capital Markets Equity Research,"Yes. I want to go back -- David, I wanted to hear your perspective on kind of the third cloud, the Document Cloud, if you will, as we look out over the next 12 months. And the spirit of the question is, there's a lot of attention, appropriately so, given Firefly and whatnot and perhaps even lending itself in the Experience Cloud. But does gen AI provide any tailwinds associated with the Document Cloud? Or is it sort of the existing driver that will help contribute to growth as we look at next year? But any just kind of -- what are the key things that we should be thinking about for Document Cloud?",And we have a question from Keith Bachman with BMO Capital Markets.,ai_monetization,"{""ai_disruption_competition"": 0, ""seats_pricing_retention"": 0, ""ai_monetization"": 1, ""digital_experience"": 1, ""margins_ai_costs"": 0, ""leadership"": 0, ""macro_other"": 0}",0,full_transcript,full
FY23_Q3,2023-09-14,7,Brent John Thill,"Jefferies LLC, Research Division","Shantanu, you mentioned success in ETLAs. What's driving that, especially given some of the macro jitters that are still lingering? Are you starting to see those jitters go away and that's the result of what's happening with the ETLAs?",And our next question will come from Brent Thill with Jefferies.,macro_other,"{""ai_disruption_competition"": 0, ""seats_pricing_retention"": 0, ""ai_monetization"": 0, ""digital_experience"": 0, ""margins_ai_costs"": 0, ""leadership"": 0, ""macro_other"": 1}",0,full_transcript,full
FY23_Q3,2023-09-14,8,Aleksandr J. Zukin,"Wolfe Research, LLC","And I guess a two-parter on generative AI. First, just around the pricing model for generative credits. Obviously, very progressive. And I guess, how should we think about -- as we go forward and you've seen at least on the hobbyist side some of the usage of Firefly and within Express, how do we think about for the 2 cohorts of both obvious and professional creatives, how many credits are kind of a typical user or use case likely to drive in a given month? And to the question that you got kind of about Document Cloud and the impact of generative AI on that business, is it fair to think that given the pricing that's been announced, the next wave of incremental innovation, is that going to come more from new product availability? Or should we think about more pricing-enabled levers to come?",And we have a question from Alex Zukin with Wolfe Research.,ai_monetization,"{""ai_disruption_competition"": 0, ""seats_pricing_retention"": 1, ""ai_monetization"": 3, ""digital_experience"": 0, ""margins_ai_costs"": 0, ""leadership"": 0, ""macro_other"": 0}",0,full_transcript,full
FY23_Q3,2023-09-14,9,Aleksandr J. Zukin,"Wolfe Research, LLC","Super clear. Super thoughtful. If I could sneak one in for Dan. Of the $520 million in the net new ARR for Q4, just roughly, you've talked about before having some impact from the generative AI products that you were going to launch this year. Is it fair to assume it's very minimal in that $520 million?",And we have a question from Alex Zukin with Wolfe Research.,seats_pricing_retention,"{""ai_disruption_competition"": 0, ""seats_pricing_retention"": 1, ""ai_monetization"": 1, ""digital_experience"": 0, ""margins_ai_costs"": 0, ""leadership"": 0, ""macro_other"": 0}",1,full_transcript,full
FY23_Q3,2023-09-14,10,Brad Alan Zelnick,"Deutsche Bank AG, Research Division","David, you talked about making Firefly APIs available to customers to embed Firefly into their own content creation workflows. Can you talk about the use cases and monetization? And is this something you foresee partners leveraging as well into their own third-party offerings?",And we'll take a question from Brad Zelnick with Deutsche Bank.,ai_monetization,"{""ai_disruption_competition"": 0, ""seats_pricing_retention"": 0, ""ai_monetization"": 2, ""digital_experience"": 0, ""margins_ai_costs"": 0, ""leadership"": 0, ""macro_other"": 0}",0,full_transcript,full
FY23_Q3,2023-09-14,11,Jay Vleeschhouwer,"Griffin Securities, Inc., Research Division","Shantanu, over the last decade or more, one of the most important attributes of how you've managed your product portfolio have been the intra-segment and intersegment integrations, particularly between Digital Media and DX. There was, as you know, a famous acronym for that. Now when we think about the current generation of integrations that you've just announced, including yesterday, aside from the Firefly-ing of the product line and the proliferation of Firefly, what are some of the internal developmental changes that you yourselves have had to make in order to support the development of new integrations, new packaging? What are you doing differently internally? And then externally, particularly to support the new generation of products, what are you having to invest in, in terms of customer support and enabling their adoption?",Our next question will come from Jay Vleeschhouwer with Griffin Securities.,seats_pricing_retention,"{""ai_disruption_competition"": 0, ""seats_pricing_retention"": 1, ""ai_monetization"": 1, ""digital_experience"": 1, ""margins_ai_costs"": 0, ""leadership"": 0, ""macro_other"": 0}",0,full_transcript,full
FY23_Q4,2023-12-13,1,Kasthuri Gopalan Rangan,"Goldman Sachs Group, Inc., Research Division","Congrats on the quarter, and happy holidays. Shantanu and team, I'm wondering, going into 2024, it definitely feels like the economy's in stable footing. And in general, the software metrics are all improving as this year unfolded and very different from going from '22 to '23, yet your ARR guidance is not the same as how you started last year but you got the benefit of Generative AI, tailwinds from the economy, you've got pricing and Firefly. Can you just help us understand, if you isolate for those factors, what has gone into your guidance? Because it seems like if we exclude the optionalities that you have, including the tailwinds in the economy, that, that guidance looks like it's very conservative. And maybe that's the right thing to do but just wanted to understand your thought process.",[Operator Instructions] We'll take our first question from Kash Rangan with Goldman Sachs.,seats_pricing_retention,"{""ai_disruption_competition"": 0, ""seats_pricing_retention"": 1, ""ai_monetization"": 1, ""digital_experience"": 0, ""margins_ai_costs"": 0, ""leadership"": 0, ""macro_other"": 1}",0,full_transcript,full
FY23_Q4,2023-12-13,2,Keith Weiss,"Morgan Stanley, Research Division","I think this is in a similar vein to what Kash was trying to get at but maybe a little bit more focused on Q4 in particular. When we look at the Digital Media net new ARR adds in Q4, it looks like you had a very, very strong Document Cloud, record quarter, like you were saying. Really strong year-on-year growth in those net adds. Creative Cloud, where we actually saw a price increase and we have all the excitement on Firefly, that was actually down on a year-on-year basis. And this is the first time since 2018, we've seen Creative Cloud net new ARR below $400 million. And I think that's the surprise for investors, was a negative surprise for investors that we're trying to figure out. Was there something dragging the Creative Cloud side of the equation this year or a tough comp from last year or something that explains why the price increases and all the positive momentum and innovation out of Adobe MAX isn't translating into net new ARR growth for Creative Cloud in particular?",We will take our next question from Keith Weiss with Morgan Stanley.,seats_pricing_retention,"{""ai_disruption_competition"": 0, ""seats_pricing_retention"": 2, ""ai_monetization"": 1, ""digital_experience"": 0, ""margins_ai_costs"": 0, ""leadership"": 0, ""macro_other"": 0}",1,full_transcript,full
FY23_Q4,2023-12-13,3,Aleksandr J. Zukin,"Wolfe Research, LLC","I guess maybe looking at next year, as we look at how much of the renewal base in Creative Cloud is potentially up for that type of the pricing uplift, and as we look at Acrobat, specifically the AI functionality that you're releasing into public beta, how should we think about the tailwind to both Creative Cloud from pricing and to Document Cloud specifically from an AI product monetization perspective for '24, for calendar '24?",We will take our next question from Alex Zukin with Wolfe Research.,seats_pricing_retention,"{""ai_disruption_competition"": 0, ""seats_pricing_retention"": 2, ""ai_monetization"": 2, ""digital_experience"": 0, ""margins_ai_costs"": 0, ""leadership"": 0, ""macro_other"": 0}",0,full_transcript,full
FY23_Q4,2023-12-13,4,Kirk Materne,"Evercore ISI Institutional Equities, Research Division","Congrats on the quarter and happy holidays. David, I guess I'll go back to you again. In the commentary, you all talked about enterprise strength and specifically upselling of Firefly and Express in your enterprise customer base. Can you just give us some more, I guess, qualitative color on what those discussions are like? Are they lead, is this part of the reason you're seeing sort of an uptick in new subscriptions in the enterprise in particular? And then on Express, can you just talk again about sort of what you're seeing in terms of leading indicators of that being an enterprise product that can continue to expand into fiscal '24?",We will take our next question from Kirk Materne with Evercore ISI.,ai_monetization,"{""ai_disruption_competition"": 0, ""seats_pricing_retention"": 0, ""ai_monetization"": 1, ""digital_experience"": 1, ""margins_ai_costs"": 0, ""leadership"": 0, ""macro_other"": 0}",0,full_transcript,full
FY23_Q4,2023-12-13,5,Karl Emil Keirstead,"UBS Investment Bank, Research Division","I'd like to ask about a different subject, and that's the Creative Express product now that it's being sold in the enterprise. Wondering if you could offer some color on the adoption ramp, the competitiveness versus Canva and whether your plans around driving Express revenues versus driving user adoption have changed at all.",We will take our next question from Karl Keirstead with UBS.,ai_disruption_competition,"{""ai_disruption_competition"": 2, ""seats_pricing_retention"": 0, ""ai_monetization"": 0, ""digital_experience"": 1, ""margins_ai_costs"": 0, ""leadership"": 0, ""macro_other"": 0}",0,full_transcript,full
FY23_Q4,2023-12-13,6,Brad Alan Zelnick,"Deutsche Bank AG, Research Division","This is for Dan or maybe Anil. As we think about the momentum within the DX business, it's great to hear things like the 60% increase in your AEP and native apps book of business, the strong net dollar retention and you talked about overall strong year-end bookings. But what is it maybe about the pipeline ahead, bookings conversion or perhaps other factors that account for the degree of decel that you're guiding for into next year?",We will take our next question from Brad Zelnick with Deutsche Bank.,seats_pricing_retention,"{""ai_disruption_competition"": 0, ""seats_pricing_retention"": 2, ""ai_monetization"": 1, ""digital_experience"": 2, ""margins_ai_costs"": 0, ""leadership"": 0, ""macro_other"": 1}",0,full_transcript,full
FY23_Q4,2023-12-13,7,Brent John Thill,"Jefferies LLC, Research Division","Dan, if you could just review the broader assumptions in your guide. I think there's still a little concern from the Street in terms of why you're guiding where you're guiding relative to where the Street was at. And maybe just tying in, Shantanu, to the guide, if you could just give us your top line view of do you feel like the environment is improving. Do you think it's just stabilizing? Just any thoughts in terms of sort of a high level what you think is happening as we go into next year.",We will take our next question from Brent Thill with Jefferies.,macro_other,"{""ai_disruption_competition"": 0, ""seats_pricing_retention"": 0, ""ai_monetization"": 0, ""digital_experience"": 0, ""margins_ai_costs"": 0, ""leadership"": 0, ""macro_other"": 1}",0,full_transcript,full
FY23_Q4,2023-12-13,8,Jay Vleeschhouwer,"Griffin Securities, Inc., Research Division","You noted the strength in RPO in the quarter, including the record sequential increase. Could you talk about how you're thinking about RPO for fiscal '24? Would you expect it to continue to be able to outgrow revenue growth by several points as you did in fiscal '23? And perhaps talk about the ingredients that will continue to drive RPO either by segment or any other considerations that you'd like to talk about in that.",We will take our next question from Jay Vleeschhouwer with Griffin Securities.,macro_other,"{""ai_disruption_competition"": 0, ""seats_pricing_retention"": 0, ""ai_monetization"": 0, ""digital_experience"": 0, ""margins_ai_costs"": 0, ""leadership"": 0, ""macro_other"": 1}",0,full_transcript,full
FY23_Q4,2023-12-13,9,Saket Kalia,"Barclays Bank PLC, Research Division","Congrats on a nice quarter. David, maybe for you. I had a question just on Firefly and the subscription packets. I know that the commercial model for commercial for -- I'm sorry, for Firefly credit packets really just started about 6 weeks ago. Are there any early observations that you've seen just on customers' willingness to add those packets or maybe how they're consuming the initial credit allocation that they get with the Creative Cloud subscription?",We will take our next question from Saket Kalia with Barclays.,ai_monetization,"{""ai_disruption_competition"": 0, ""seats_pricing_retention"": 0, ""ai_monetization"": 3, ""digital_experience"": 0, ""margins_ai_costs"": 0, ""leadership"": 0, ""macro_other"": 0}",0,full_transcript,full
FY23_Q4,2023-12-13,10,Mark L. Moerdler,"Sanford C. Bernstein & Co., LLC., Research Division","Dan, I'd like to look a little bit. At MAX, we discussed how excited you were on Firefly and how it drives Creative Cloud seat and paid seat adoption. Now that you've had a bit of time in market, can you explain how you think about how this will drive the paid seat growth? Is it how strong it could be? And should we expect those seats are going to be a lower unit price because they're going to be entry level? Or do you think that will get offset by these higher priced Firefly-driven sales into the enterprise?",We will take our final question from Mark Moerdler with Bernstein Research.,seats_pricing_retention,"{""ai_disruption_competition"": 0, ""seats_pricing_retention"": 3, ""ai_monetization"": 1, ""digital_experience"": 1, ""margins_ai_costs"": 0, ""leadership"": 0, ""macro_other"": 0}",0,full_transcript,full
FY24_Q1,2024-03-14,1,Kirk Materne,"Evercore ISI Institutional Equities, Research Division","I guess maybe this is for David or Dan. Obviously, you guys called out that new Creative ARR was up more than 20% year-over-year when you exclude the pricing increases, which infers a pretty major pricing headwind that we're seeing right now. Can you all just try to parse out how that's going to play out over the year? I know, David, you mentioned ARR will go up in the back half of the year, but that -- it's just tough, I think, to reconcile what's going on in the business on a normalized basis. And when we might see that sort of translate more into the metrics that everybody follows?",[Operator Instructions] Our first question comes from the line of Kirk Materne with Evercore ISI.,seats_pricing_retention,"{""ai_disruption_competition"": 0, ""seats_pricing_retention"": 2, ""ai_monetization"": 0, ""digital_experience"": 0, ""margins_ai_costs"": 0, ""leadership"": 0, ""macro_other"": 0}",0,full_transcript,full
FY24_Q1,2024-03-14,2,Brent John Thill,"Jefferies LLC, Research Division","Shantanu, the magnitude of the beat this quarter, it was roughly half the absolute beat you've had in past quarters and then the guide obviously lower for next quarter. I think everyone is asking, is this some type of AI headwind? Is this macro? Is this execution? Can you just comment on -- and maybe it's none of these things, but can you just comment on what you think you're seeing in the current quarter?",And we will take our next question from Brent Thill with Jefferies.,macro_other,"{""ai_disruption_competition"": 0, ""seats_pricing_retention"": 0, ""ai_monetization"": 0, ""digital_experience"": 0, ""margins_ai_costs"": 0, ""leadership"": 0, ""macro_other"": 2}",0,full_transcript,full
FY24_Q1,2024-03-14,3,Brad Alan Zelnick,"Deutsche Bank AG, Research Division","My question's for Dan. You're not raising the full year guide, and I appreciate it's still early in the year, but I think we're all hoping you can at least affirm it for us. But you also -- you pushed out the enforcement of generative credit limits for some products beyond April that were originally expected sooner. What's the thinking behind this decision? And what are you seeing thus far in terms of credit consumption and purchasing patterns of those credit packs?",Your next question comes from the line of Brad Zelnick with Deutsche Bank.,ai_monetization,"{""ai_disruption_competition"": 0, ""seats_pricing_retention"": 0, ""ai_monetization"": 4, ""digital_experience"": 0, ""margins_ai_costs"": 0, ""leadership"": 0, ""macro_other"": 1}",0,full_transcript,full
FY24_Q1,2024-03-14,4,Michael James Turrin,"Wells Fargo Securities, LLC, Research Division","David, couldn't help but notice you led off your prepared remarks section with the Document Cloud. Can you speak to the enthusiasm you're seeing on the Document side? And when we think about the mix of Digital Media growth for the year, should we expect it will continue to trend towards that Document side? Or is more the second half where some of the creative enhancements start to layer on more meaningfully, we could start to see that shift back a bit?",Your next question comes from the line of Michael Turrin with Wells Fargo Securities.,macro_other,"{""ai_disruption_competition"": 0, ""seats_pricing_retention"": 0, ""ai_monetization"": 0, ""digital_experience"": 0, ""margins_ai_costs"": 0, ""leadership"": 0, ""macro_other"": 0}",0,full_transcript,full
FY24_Q1,2024-03-14,5,Saket Kalia,"Barclays Bank PLC, Research Division","Maybe for both David and Shantanu. Clearly, a lot of news around video creation using generative AI during the quarter, of course, with the announcement of Sora. Maybe the question for you folks is can we just talk a little bit about how you think about the market impact that generative AI can have in the video editing market and how maybe Firefly can participate in that trend?",Your next question comes from the line of Saket Kalia with Barclays.,ai_disruption_competition,"{""ai_disruption_competition"": 1, ""seats_pricing_retention"": 0, ""ai_monetization"": 1, ""digital_experience"": 0, ""margins_ai_costs"": 0, ""leadership"": 0, ""macro_other"": 0}",0,full_transcript,full
FY24_Q1,2024-03-14,6,Aleksandr J. Zukin,"Wolfe Research, LLC","And I just -- mine is going to be more of a clarifying question, because it's clear that from a number of comments, whether it's outperforming Digital Media ARR in the quarter to accelerating Creative ARR in the second half to maybe doing better than $1.9 billion in the full year for Digital Media ARR, my question is very simple. Can you reiterate, not update but reiterate, the guide that you gave in December for Digital Media ARR in net new specifically for this year? And maybe puts and takes around how we should think about, to the question earlier, the second half versus first half tailwind headwind around pricing?",Your next question comes from the line of Alex Zukin with Wolfe Research.,seats_pricing_retention,"{""ai_disruption_competition"": 0, ""seats_pricing_retention"": 3, ""ai_monetization"": 0, ""digital_experience"": 0, ""margins_ai_costs"": 0, ""leadership"": 0, ""macro_other"": 1}",1,full_transcript,full
FY24_Q1,2024-03-14,7,Karl Emil Keirstead,"UBS Investment Bank, Research Division","Dan, maybe I'll continue with this subject that Alex was getting at. So I think what's tough about modeling ARR of late is it's very difficult to see the impact of the price actions. It feels like a black box to us. So I'm wondering if you could help us get aligned for the second half and offer some qualitative color on the extent to which the prior period price actions roll off. Is that more of a 3Q or 4Q phenomenon? Is there any way you could help size that impact, just to feel good about David's earlier comment about that roll-off being a big part of the second half ARR acceleration?",And your next question comes from the line of Karl Keirstead with UBS.,seats_pricing_retention,"{""ai_disruption_competition"": 0, ""seats_pricing_retention"": 1, ""ai_monetization"": 0, ""digital_experience"": 0, ""margins_ai_costs"": 0, ""leadership"": 0, ""macro_other"": 0}",0,full_transcript,full
FY24_Q1,2024-03-14,8,Jay Vleeschhouwer,"Griffin Securities, Inc., Research Division","With respect to Firefly, it's obvious that you are significantly ramping up your investments there, at least judging by the number of relevant open positions you're looking to fill for Firefly development, many of which are seemingly fairly senior. Could you comment on your pipeline of being able to bring in the requisite amount of developmental capacity to support everything you're doing with Firefly and everything else that David, in particular, talked about? And relatedly on go-to-market, in the last few months, you've been opening up the aperture for sales positions globally. Could you comment on what the thinking is behind that, and again, whether the population is there for you to bring in to meet your sales head count needs?",And we will take our next question from the line of Jay Vleeschhouwer with Griffin Securities.,ai_monetization,"{""ai_disruption_competition"": 0, ""seats_pricing_retention"": 0, ""ai_monetization"": 1, ""digital_experience"": 0, ""margins_ai_costs"": 0, ""leadership"": 0, ""macro_other"": 0}",0,full_transcript,full
FY24_Q1,2024-03-14,9,Kasthuri Gopalan Rangan,"Goldman Sachs Group, Inc., Research Division","It looks like there's more trust in AI and Excel models than what you're actually saying qualitatively on this call. I just wanted to give you an opportunity to debunk this hypothesis that is going around that AI, it is generating videos and pictures, but the next step is, it's going to do the actual editing and put out Premier Pro use or whatnot. So that is probably the existential threat that people are debating. So I wanted you -- to see if we could take a shot at why that scenario is very unlikely, that right now it's about generation of images, that your tools pick up where the generation stops and you do the processing, right? So help us understand why this can coexist with AI. That's a philosophical question. And Dan, one for you. Besides the net new ARR that you've already reported on Creative and DM, what are the other indicators such as new business bookings that you don't quantify necessarily, that you qualitatively saw in Q1 that makes you feel good about the year?",We will take our next question from Kash Rangan with Goldman Sachs.,ai_disruption_competition,"{""ai_disruption_competition"": 2, ""seats_pricing_retention"": 1, ""ai_monetization"": 0, ""digital_experience"": 0, ""margins_ai_costs"": 0, ""leadership"": 0, ""macro_other"": 1}",1,full_transcript,full
FY24_Q1,2024-03-14,10,Keith Weiss,"Morgan Stanley, Research Division","I appreciate you squeezing me in. I'm going to take one last crack at this. Shantanu and team, like, we definitely hear your confidence in the business, but obviously, the stock market reaction's reflecting investors are worried about something. And the 2 things that worry investors more so than anything is uncertainty, number one; and number two is back half ramps, right? And so I think what investors would really love to hear is Dan Durn actually say you still expect to do $1.9 billion in net new Digital Media ARR and get some certainty there, and then also have a little bit more certainty or a little bit more explanation of what are the building blocks of that second half ramp. Like which products are expected to go GA? Are we including stuff like Document Intelligence? Is there new monetization avenues that we're putting into the back half? Or is there just some mechanism within sort of the Creative Cloud pricing that's going to turn on in the back half of the year? Like, any further specification in there, I think, would help sort of close the gap between your confidence and sort of the lack of confidence exhibited by the after-hour reaction.",We'll take our next question from Keith Weiss with Morgan Stanley.,seats_pricing_retention,"{""ai_disruption_competition"": 0, ""seats_pricing_retention"": 2, ""ai_monetization"": 1, ""digital_experience"": 0, ""margins_ai_costs"": 0, ""leadership"": 0, ""macro_other"": 0}",1,full_transcript,full
FY24_Q2,2024-06-13,1,Mark L. Moerdler,"Sanford C. Bernstein & Co., LLC., Research Division","Congratulations on the quarter and especially the strong net new ARR. I'd like to ask a little more color on specifically the net new ARR that we saw in Creative Cloud. Can you give us a sense of what the contribution near term, medium term to Digital ARR from seat growth versus upsell versus consumption, things like Adobe Stock and AI credits, even rank ordering or quantifying? Anything you can give us to give us a sense of what's driving that number? And that would be very helpful in really understanding what's going on in the drivers of that number.",[Operator Instructions] Our first question will come from Mark Moerdler with Bernstein.,seats_pricing_retention,"{""ai_disruption_competition"": 0, ""seats_pricing_retention"": 3, ""ai_monetization"": 2, ""digital_experience"": 0, ""margins_ai_costs"": 0, ""leadership"": 0, ""macro_other"": 0}",1,full_transcript,full
FY24_Q2,2024-06-13,2,Aleksandr J. Zukin,"Wolfe Research, LLC","Congratulations on just an incredible result. I wanted to ask kind of just similar to Mark's question. Just how much GenAI demand did you see in the quarter in terms of sort of both the Creative Cloud portfolio and Digital Media, in creative studio as well as in GenStudio? And how does it kind of help to pick up more on the enterprise side of the business, on the SMB side of the business? Help us understand that progression and maybe how you're planning for it in the back half with the [indiscernible] guide.",And our next question will come from Alex Zukin with Wolfe Research.,macro_other,"{""ai_disruption_competition"": 0, ""seats_pricing_retention"": 0, ""ai_monetization"": 1, ""digital_experience"": 1, ""margins_ai_costs"": 0, ""leadership"": 0, ""macro_other"": 2}",0,full_transcript,full
FY24_Q2,2024-06-13,3,Aleksandr J. Zukin,"Wolfe Research, LLC","That's super helpful. And then maybe just one on the macro. Just given your guys' purview, like what is the story that you're seeing in terms of the macro on the demand environment? Clearly, again, you're commenting on solid performance in the SMB and in the enterprise. Is there any areas that you're seeing pockets of weaknesses that's really vertical dependent? What -- just maybe give a comment on kind of how we should think about it as we look to the rest of the year.",And our next question will come from Alex Zukin with Wolfe Research.,macro_other,"{""ai_disruption_competition"": 0, ""seats_pricing_retention"": 0, ""ai_monetization"": 0, ""digital_experience"": 1, ""margins_ai_costs"": 0, ""leadership"": 0, ""macro_other"": 3}",0,full_transcript,full
FY24_Q2,2024-06-13,4,Saket Kalia,"Barclays Bank PLC, Research Division","Echo the congrats on the quarter. Maybe for both of you, Shantanu and David. There are clearly just so many layers to the Firefly monetization story. But I think one theme that's coming out a little bit in this call and particularly interesting route to monetize is just the increased engagement that Firefly helps drive in your flagship products, right, or, I think, what we call sort of the interfaces, right? An example there would be like Generative Fill for Photoshop. And you've clearly started expanding that to other flagships like Premier and Illustrator. Maybe to go one level deeper, is there a way that you think about the potential opportunity from things like higher retention rates? Or any other way that -- I know it's really tough to size. But how have you sort of thought about it even qualitatively?",And our next question will come from Saket Kalia with Barclays.,ai_monetization,"{""ai_disruption_competition"": 0, ""seats_pricing_retention"": 1, ""ai_monetization"": 3, ""digital_experience"": 0, ""margins_ai_costs"": 0, ""leadership"": 0, ""macro_other"": 0}",0,full_transcript,full
FY24_Q2,2024-06-13,5,Brent John Thill,"Jefferies LLC, Research Division","David, on Express, you mentioned the success you're seeing. Can you maybe drill into some of the other metrics and accomplishments that you're seeing out of Express this quarter?",Our next question comes from Brent Thill with Jefferies.,macro_other,"{""ai_disruption_competition"": 0, ""seats_pricing_retention"": 0, ""ai_monetization"": 0, ""digital_experience"": 0, ""margins_ai_costs"": 0, ""leadership"": 0, ""macro_other"": 0}",0,full_transcript,full
FY24_Q2,2024-06-13,6,Gregg Steven Moskowitz,"Mizuho Securities USA LLC, Research Division","And I'll add my congratulations. For your creative business, how are you thinking about the Q side of the P times Q equation over the balance of the year? Based on these numbers anyway, I would certainly assume that you had really healthy unit growth in Q2. And I'm wondering if you expect that to continue.",And the next question comes from Gregg Moskowitz with Mizuho.,macro_other,"{""ai_disruption_competition"": 0, ""seats_pricing_retention"": 0, ""ai_monetization"": 0, ""digital_experience"": 0, ""margins_ai_costs"": 0, ""leadership"": 0, ""macro_other"": 0}",0,full_transcript,full
FY24_Q2,2024-06-13,7,Gregg Steven Moskowitz,"Mizuho Securities USA LLC, Research Division","And Shantanu, since you also called out the strength in Digital earlier, including driving new Creative All Apps subscriptions from your website, are you doing anything different that's helping to drive that behavior? And if so, is that something you think can continue as well?",And the next question comes from Gregg Moskowitz with Mizuho.,macro_other,"{""ai_disruption_competition"": 0, ""seats_pricing_retention"": 0, ""ai_monetization"": 0, ""digital_experience"": 0, ""margins_ai_costs"": 0, ""leadership"": 0, ""macro_other"": 0}",0,full_transcript,full
FY24_Q2,2024-06-13,8,Keith Weiss,"Morgan Stanley, Research Division","And again, congratulations on a really solid set of results in an environment where not very many software companies have been able to beat and raise in this type of uneven environment. I wanted to maybe focus in a little bit on the question that Mark Moerdler asked, in particular on what gives you guys the confidence to see a return to year-on-year growth and Creative Cloud net new ARR. It declined in Q2. It declined in Q1. And if I'm not mistaken, the decline in Q2 was a little bit steeper than what we saw in Q1. So what are the particular drivers and maybe some detail on those drivers that give you guys the confidence that, that trend line that has been actually heading in the wrong direction is going to head in the right direction now? We're actually going to see growth in those metrics in Q3 and Q4.",And moving on to Keith Weiss with Morgan Stanley.,seats_pricing_retention,"{""ai_disruption_competition"": 0, ""seats_pricing_retention"": 1, ""ai_monetization"": 0, ""digital_experience"": 0, ""margins_ai_costs"": 0, ""leadership"": 0, ""macro_other"": 0}",1,full_transcript,full
FY24_Q2,2024-06-13,9,Bradley Hartwell Sills,"BofA Securities, Research Division","I wanted to ask a question around the generative credit component to your pricing here. It seems like with all the progress you've made embedding Firefly across the key flagship products and the engagement levels that you're seeing, we should start to see perhaps some ramp in that generative credit component to your pricing. Is that a fair assessment? Would you expect to start to see that coming in? Or should we look to other services like the video capabilities that you're going to be launching shortly as a key catalyst there?",And we have a question from Brad Sills with Bank of America.,ai_monetization,"{""ai_disruption_competition"": 0, ""seats_pricing_retention"": 1, ""ai_monetization"": 2, ""digital_experience"": 0, ""margins_ai_costs"": 0, ""leadership"": 0, ""macro_other"": 0}",0,full_transcript,full
FY24_Q2,2024-06-13,10,Brad Alan Zelnick,"Deutsche Bank AG, Research Division","Congrats to all of you. I don't want Anil to feel left out so I'm going to ask a DX question. Anil, it's good to hear AEP is on track to become the next billion-dollar business for Adobe. Can you expand on the journey and drivers that get you there? And in particular, how important are cloud migrations? And how do you see AEP AI Assistant perhaps accelerating the journey to $1 billion?",And we'll take a question from Brad Zelnick with Deutsche Bank.,digital_experience,"{""ai_disruption_competition"": 0, ""seats_pricing_retention"": 0, ""ai_monetization"": 1, ""digital_experience"": 2, ""margins_ai_costs"": 0, ""leadership"": 0, ""macro_other"": 0}",0,full_transcript,full
FY24_Q2,2024-06-13,11,Kasthuri Gopalan Rangan,"Goldman Sachs Group, Inc., Research Division","You guys could have 3 separate earnings calls because you have 3 different businesses that even the smallest 1 is very large. So yes, sorry, Anil, Dave and Shantanu, I may not be able to ask all the questions that I want. I'm sure we have plenty. But I'll just keep it super high level, Shantanu. Generative AI, it seems to swing back and forth. Just so early in its evolution, the possibilities seem magical sometimes, endless sometimes. Sometimes it feels very disappointing. But with every quarter that Adobe is executing on this path, where do you stand with the question that we do get from investors? Will generative AI be so good that it's the end of the creative process? So we don't need creative folks, that software will do everything. That sounds a little far-fetched, but I'm just throwing it out there to see how you would react to that proposition. Same in Experience Cloud as well. Could generative AI create its own marketing campaign, create -- put marketing people out of business? Or maybe it doesn't. I'm sure you have strong views. Maybe flipped on the other side, it does create category growth on the other hand, not category compression. So sorry for that super high-level question, but that seems to be a big debate on the stock here at least from the long-term perspective.",We'll take a question from Kash Rangan with Goldman Sachs.,digital_experience,"{""ai_disruption_competition"": 0, ""seats_pricing_retention"": 0, ""ai_monetization"": 0, ""digital_experience"": 2, ""margins_ai_costs"": 0, ""leadership"": 0, ""macro_other"": 0}",0,full_transcript,full
FY24_Q2,2024-06-13,12,Kasthuri Gopalan Rangan,"Goldman Sachs Group, Inc., Research Division","Awesome, the message here is that GenAI is going to create more growth in the category. And Shantanu, you did that with the pivot to cloud. You grew the category, so here we go again.",We'll take a question from Kash Rangan with Goldman Sachs.,macro_other,"{""ai_disruption_competition"": 0, ""seats_pricing_retention"": 0, ""ai_monetization"": 0, ""digital_experience"": 0, ""margins_ai_costs"": 0, ""leadership"": 0, ""macro_other"": 0}",0,full_transcript,full
FY24_Q2,2024-06-13,13,Jacob Roberge,"William Blair & Company L.L.C., Research Division","I'll echo my congrats on the great quarter. I know it's early, but what's been the feedback and customer behavior for those users that are on Firefly Services and GenStudio? And then thinking more longer term, what type of price uplift could you see from those customers over time just given what you said about the acceleration in Firefly generations being driven by those products?",And next will be Jake Roberge with William Blair.,ai_monetization,"{""ai_disruption_competition"": 0, ""seats_pricing_retention"": 1, ""ai_monetization"": 3, ""digital_experience"": 0, ""margins_ai_costs"": 0, ""leadership"": 0, ""macro_other"": 0}",0,full_transcript,full
FY24_Q3,2024-09-12,1,Alex Zukin,Wolfe Research,"Hey, guys, thanks for taking my question, and congrats on what looks like a very strong quarter. I had just one question, but it's a two-parter. The quarter itself, particularly on the Digital Media ARR, looked very strong. It looked unseasonably strong because you haven't grown net new ARR sequentially into 3Q, I think, in almost four years. So, maybe just comment like what drove this unseasonable strength? Is it pricing, AI traction, and particularly the Document Cloud net new ARR? But at the same time, given all the product momentum you went through in the script, it's a bit confusing to understand why the Q4 guide is the lowest it's ever been sequentially for Q4 on net new Digital Media ARR, which I think makes people a little nervous about maybe the go forward, the next year performance. And so, maybe just address this dichotomy because it looks kind of seasonally a little bit different than what we're used to. And I think it's weighing on the stock after hours.",Thank you. [Operator instructions] And the first question will come from Alex Zukin with Wolfe Research.,seats_pricing_retention,"{""ai_disruption_competition"": 0, ""seats_pricing_retention"": 3, ""ai_monetization"": 0, ""digital_experience"": 0, ""margins_ai_costs"": 0, ""leadership"": 0, ""macro_other"": 2}",1,full_transcript,full
FY24_Q3,2024-09-12,2,Mark Murphy,JPMorgan,"Thank you so much, and I'll add my congrats. David, I'm wondering if you can compare the AI monetization opportunity that you're sensing with the image models relative to the future potential. With your audio and video models, just for instance, how many tokens might be consumed when someone is generating a video versus an image? And then tying in with that, just how optimistic are you maybe being able to solve some of the limitations with the current video generation models where the facial expressions can lack realism, or they can't handle the object interactions, or they don't provide enough detail or resolution in the video?",And our next question will come from Mark Murphy with JPMorgan.,ai_monetization,"{""ai_disruption_competition"": 0, ""seats_pricing_retention"": 0, ""ai_monetization"": 2, ""digital_experience"": 0, ""margins_ai_costs"": 0, ""leadership"": 0, ""macro_other"": 0}",0,full_transcript,full
FY24_Q3,2024-09-12,3,Keith Bachman,,"Hi. Thank you very much. I appreciate you taking the question. I wanted to pick up a little bit on how we should be thinking about, David, you said monetization. And will consumption, you think, as we start to turn the year, can consumption contribute to ARR growth as we look at FY '25? Because I think there's pervasive fears that the state of competition may, in fact, limit your ability to turn on that monetization, if you will, from either consumption or price. And I just wanted to see if you could lace in consumption against the backdrop of competition.",And moving on to Keith Bachman with BMO.,seats_pricing_retention,"{""ai_disruption_competition"": 1, ""seats_pricing_retention"": 2, ""ai_monetization"": 2, ""digital_experience"": 0, ""margins_ai_costs"": 0, ""leadership"": 0, ""macro_other"": 0}",1,full_transcript,full
FY24_Q3,2024-09-12,4,Keith Bachman,,"OK. Great. And then perhaps for my follow-up, I wanted to pick up on Alex's first question. But you're guiding net new ARR down 3% year over year in Q4. And I think investors are thereby taking that as perhaps a framework when you look at next year. But is there anything that net new ARR will be down next year? I know you don't want to give guidance for next year, but just any kind of thoughts you want to address as it relates to the guidance associated with net new ARR being down in Q4 versus a framework that we might want to apply for the FY '25 net new ARR?",And moving on to Keith Bachman with BMO.,seats_pricing_retention,"{""ai_disruption_competition"": 0, ""seats_pricing_retention"": 1, ""ai_monetization"": 0, ""digital_experience"": 0, ""margins_ai_costs"": 0, ""leadership"": 0, ""macro_other"": 1}",1,full_transcript,full
FY24_Q3,2024-09-12,5,Saket Kalia,Barclays,"OK, great. Hey, guys, thanks for taking my question. David, maybe for you. You touched on some of the drivers in Document, which was super helpful. But I'd love to maybe go one level deeper into some of the dynamics in that business, which, of course, continues to grow net new ARR at a really nice clip. So, maybe we can just talk a little bit about, are there any pricing headwinds or tailwinds that we should keep in mind, specifically for Document Cloud? And also, maybe you can give us a sense for sort of where Document Cloud is in its journey to maybe becoming more of a subscription-heavy business. Do those make sense?",And the next question will come from Saket Kalia with Barclays.,seats_pricing_retention,"{""ai_disruption_competition"": 0, ""seats_pricing_retention"": 2, ""ai_monetization"": 0, ""digital_experience"": 0, ""margins_ai_costs"": 0, ""leadership"": 0, ""macro_other"": 0}",1,full_transcript,full
FY24_Q3,2024-09-12,6,Jay Vleeschhouwer,Griffin Securities,"Yeah. Thank you. Good evening. David, I'd like to follow up on something that you said on the second-quarter call, and that was that you said at the time that you were, for the rest of the year, going to ""pour gas on your GTM"" and as well engage in a full-funnel campaign later in the year. So, the question is, could you update us on that? I mean, it does seem to be, in no small part, corroborated by some of your internal investments that we've been able to see, for example, in your ICX team, your go-to-market positions across multiple products, strategy positions, and so forth. But you've made this commitment for a substantial expansion. But do you think you need, going forward, to continually accelerate the pace of investments in go-to-market? Or do you think at some point, perhaps soon, you can begin to taper that off and then leverage that capacity to revenue growth and thereby margin expansion?",And the next question will come from Jay Vleeschhouwer with Griffin Securities.,margins_ai_costs,"{""ai_disruption_competition"": 0, ""seats_pricing_retention"": 0, ""ai_monetization"": 0, ""digital_experience"": 0, ""margins_ai_costs"": 1, ""leadership"": 0, ""macro_other"": 0}",0,full_transcript,full
FY24_Q3,2024-09-12,7,Tyler Radke,Citi,"Yes. Thanks very much for taking the question. I wanted to ask you about the Digital Experience side of the business. So, RPO looked pretty strong in terms of sequential additions. The implied guide for Q4 was a bit lighter than consensus. I know you did talk about some unusual dynamics in terms of seasonality, Cyber Monday. But could you just talk about the strength and the underlying dynamics you're seeing in the business heading into Q4? Thank you.",And our next question will come from Tyler Radke with Citi.,macro_other,"{""ai_disruption_competition"": 0, ""seats_pricing_retention"": 0, ""ai_monetization"": 0, ""digital_experience"": 1, ""margins_ai_costs"": 0, ""leadership"": 0, ""macro_other"": 3}",0,full_transcript,full
FY24_Q3,2024-09-12,8,Brent Thill,Jefferies,"Thanks. Just back to the guide. Can we just drill in? I know you mentioned there were a couple of factors that were contemplated. I'm just curious, is there anything else that you're seeing in that that is different in terms of end demand? Or any thoughts as I know the U.S. decelerated a little bit, EMEA has accelerated.",Thank you. That question will come from Brent Thill with Jefferies.,macro_other,"{""ai_disruption_competition"": 0, ""seats_pricing_retention"": 0, ""ai_monetization"": 0, ""digital_experience"": 0, ""margins_ai_costs"": 0, ""leadership"": 0, ""macro_other"": 1}",1,full_transcript,full
FY24_Q4,2024-12-11,1,Michael Turrin,Goldman Sachs,"Hey. Thanks very much. Appreciate you taking the questions. David, you mentioned in your prepared remarks a few things, focusing on expanding innovations, including newer higher-priced Firefly offerings and potentially accelerating Firefly by integrating further into GenStudio. I was hoping you could maybe expand on how you're thinking about the adoption curves of those efforts. And as a second part, Dan, if you can just add any commentary on how, you know, you're incorporating some of these newer efforts into forecasts, if there's conservatism just given they're newer, or just how to think about that, also useful. Thank you.","[Operator instructions] And the first question will come from Kash Rangan with Goldman Sachs. And, Kash, [Operator instructions] We'll go next to Michael Turrin",ai_monetization,"{""ai_disruption_competition"": 0, ""seats_pricing_retention"": 0, ""ai_monetization"": 2, ""digital_experience"": 0, ""margins_ai_costs"": 0, ""leadership"": 0, ""macro_other"": 0}",0,full_transcript,full
FY24_Q4,2024-12-11,2,Alex Zukin,Wolfe Research,"Hey, guys. Thanks for taking the question. I guess maybe to the point that you just alluded to in terms of the AI being meaningful as part of growth narrative for the business, can you maybe talk about how you're thinking about the growth driver from Firefly, from GenStudio? And when -- how will we see that percolate through the year in terms of the net new Digital Media ARR? Is that something that you think is more going to be showing up in the DX business? It'd be great to get some color there. And then, anything, Dan, that we should think through, given the new guidance methodology around seasonality or linearity for net new ARR in the Digital Media business.",And we'll take our next question from Alex Zukin with Wolfe Research.,macro_other,"{""ai_disruption_competition"": 0, ""seats_pricing_retention"": 2, ""ai_monetization"": 2, ""digital_experience"": 1, ""margins_ai_costs"": 0, ""leadership"": 0, ""macro_other"": 3}",1,full_transcript,full
FY24_Q4,2024-12-11,3,Kirk Materne,Evercore ISI,"Yeah. Thanks very much. David, I was wondering if I could just follow up on your last comment on sort of obviously driving new users, new adoptions, you know, incredibly important. I just -- is there pricing sensitivity? Meaning, you're delivering so much value. I think that pricing, given the value you're delivering, would be a bigger lever, you know, unless there's pricing sensitivity. So, can you just walk through that a little bit more because it feels like you should be able to get sort of all three vectors going at the same time, whereas I know you're going to focus more on bringing people in and making them successful. But I'm sort of -- I guess, is there something else on the pricing side that I'm missing while you're not getting that as well? Thanks.",And the next question will come from Kirk Materne with Evercore ISI.,seats_pricing_retention,"{""ai_disruption_competition"": 0, ""seats_pricing_retention"": 2, ""ai_monetization"": 0, ""digital_experience"": 0, ""margins_ai_costs"": 0, ""leadership"": 0, ""macro_other"": 0}",0,full_transcript,full
FY24_Q4,2024-12-11,4,Kirk Materne,Evercore ISI,"I guess as a quick follow-up for Dan. Dan, obviously, Black Monday fell into your first quarter this current year. Any color you can offer in terms of what that meant, if at all, to Creative Cloud net new ARR this quarter?",And the next question will come from Kirk Materne with Evercore ISI.,seats_pricing_retention,"{""ai_disruption_competition"": 0, ""seats_pricing_retention"": 1, ""ai_monetization"": 0, ""digital_experience"": 0, ""margins_ai_costs"": 0, ""leadership"": 0, ""macro_other"": 0}",1,full_transcript,full
FY24_Q4,2024-12-11,5,Keith Weiss,Morgan Stanley,"Excellent. Thank you, guys, for taking the question. A lot of excitement from you guys on the car school about the piece of innovation going on in the business. And we hear it that excitement from creative professionals as they talk about an acceleration in the case of innovation. But apologies to state the obvious, but investors aren't, you know, that excited or are showing that excitement. The stock is a major under-performer on a year-to-date date. It's down again on an after-hours basis today. And I would point to it's the lack of acceleration that we're seeing in the numbers, right? Digital Media net new ARR this quarter grew just -- or in Creative Cloud grew 2%. You're guiding to decelerating growth into the forward year despite all this innovation. And I think the question that it brings up in investors' mind is, is there some leak in the bucket, right? All this innovation, new monetization avenues, pricing going up, but the growth is going in the wrong direction. Like is there a part of the equation that's not working? Is there share losses? Is there something that we're not seeing that is taking away that momentum in the numbers that's not -- sort of not in the acceleration in the numbers, if you will?",And the next question will come from Keith Weiss with Morgan Stanley.,seats_pricing_retention,"{""ai_disruption_competition"": 0, ""seats_pricing_retention"": 2, ""ai_monetization"": 1, ""digital_experience"": 0, ""margins_ai_costs"": 0, ""leadership"": 0, ""macro_other"": 0}",1,full_transcript,full
FY24_Q4,2024-12-11,6,Keith Bachman,,"Hi. Thank you very much. I wanted to ask David to you if I could on Doc Cloud specifically. Growth was certainly strong this quarter, and I just wanted to understand some of the context associated with durability. And if you could break it into some of the parts, it looks like your monthly active users continues to grow well. And in addition to that, how are you thinking about leveraging the value there in terms of price specifically within the growth of Doc Cloud. And again, the broader question is just on the durability of Doc Cloud, grew 23% over the course of the quarter in terms of ARR. Trying to understand how durable it is and what the pieces are. And then, I have a follow-up.",And moving on to Keith Bachman with BMO.,seats_pricing_retention,"{""ai_disruption_competition"": 0, ""seats_pricing_retention"": 2, ""ai_monetization"": 0, ""digital_experience"": 0, ""margins_ai_costs"": 0, ""leadership"": 0, ""macro_other"": 0}",0,full_transcript,full
FY24_Q4,2024-12-11,7,Keith Bachman,,"OK, it sort of leads into my follow-up question, if I could sneak it in, is we've talked about, during the course of this call tonight, the various drivers of growth for ARR. And I just wanted to specifically ask about consumption as we think about FY '25. And the question is, is that going to be a contributor toward ARR growth? Or should investors really be thinking about trying to maximize seats, if you will, and really shouldn't be about consumption being additive to growth in '25? That's it for me. Thank you.",And moving on to Keith Bachman with BMO.,seats_pricing_retention,"{""ai_disruption_competition"": 0, ""seats_pricing_retention"": 2, ""ai_monetization"": 1, ""digital_experience"": 0, ""margins_ai_costs"": 0, ""leadership"": 0, ""macro_other"": 0}",1,full_transcript,full
FY24_Q4,2024-12-11,8,Brad Sills,,"Wonderful. Thank you. Let me ask a question, David, of you, please. In the past, you provided some good color -- it sounds like there's momentum there. It seems like this will be the year with all the Firefly Services integration into the core franchises that we could see some acceleration and conversion of that funnel. So, we'd love to get some updates from you on that effort and how you see that unfolding throughout the year. Thank you.",And moving on to Brad Sills with Bank of America.,seats_pricing_retention,"{""ai_disruption_competition"": 0, ""seats_pricing_retention"": 1, ""ai_monetization"": 1, ""digital_experience"": 0, ""margins_ai_costs"": 0, ""leadership"": 0, ""macro_other"": 0}",0,full_transcript,full
FY24_Q4,2024-12-11,9,Brad Sills,,"Really, just Firefly services across all the franchises, you know, Photoshop, Lightroom, etc. You know, what could that integration effort do to the conversion activity with the top of funnel?",And moving on to Brad Sills with Bank of America.,seats_pricing_retention,"{""ai_disruption_competition"": 0, ""seats_pricing_retention"": 1, ""ai_monetization"": 1, ""digital_experience"": 0, ""margins_ai_costs"": 0, ""leadership"": 0, ""macro_other"": 0}",0,full_transcript,full
FY24_Q4,2024-12-11,10,Jay Vleeschhouwer,Griffin Securities,"Thank you. Good evening. Dan, you noted that your current RPO was up 13% in the quarter, which results in a 10% three-year CAGR for current RPO. Would you expect that over time, or at least in fiscal '25, that your current RPO growth would be closer to what you just reported for Q4? Or might it revert more to the lower three-year CAGR? And then, for David, if I could, just since there were so many mentions of tiered offerings, is the concept there more around functionality at the product level as compared to the olden days of tiering that was more about segmentation and packaging, as in the old CS days? Or is it more currently around the functionality that you're offering on a product-by-product basis?",And that question will come from Jay Vleeschhouwer with Griffin Securities.,seats_pricing_retention,"{""ai_disruption_competition"": 0, ""seats_pricing_retention"": 1, ""ai_monetization"": 0, ""digital_experience"": 0, ""margins_ai_costs"": 0, ""leadership"": 0, ""macro_other"": 1}",0,full_transcript,full
FY25_Q1,2025-03-12,1,Brent Thill,Jefferies,"Good afternoon. Shantanu, if you took the AI book of business, it would be low single-digit percent of your total revenue for the year. I guess many are asking, when does this become more material? How long does it take? What is required? Maybe just help us walk through the AI journey and how that translates to revenue.",Thank you. [Operator instructions] The first question will come from Brent Thill with Jefferies.,ai_monetization,"{""ai_disruption_competition"": 0, ""seats_pricing_retention"": 0, ""ai_monetization"": 1, ""digital_experience"": 0, ""margins_ai_costs"": 0, ""leadership"": 0, ""macro_other"": 0}",0,full_transcript,full
FY25_Q1,2025-03-12,2,Brent Bracelin,Piper Sandler,"Hi, thanks for taking the question. Good afternoon. I wanted to double-click into the demand linearity you saw in the quarter. I appreciate the commentary reaffirming 11% digital media ARR growth guide for the full year. But could you provide more color on trends you saw in the quarter across Creative and Document Cloud here? Thanks.",And the next question will come from Brent Bracelin with Piper Sandler.,macro_other,"{""ai_disruption_competition"": 0, ""seats_pricing_retention"": 1, ""ai_monetization"": 0, ""digital_experience"": 0, ""margins_ai_costs"": 0, ""leadership"": 0, ""macro_other"": 2}",1,full_transcript,full
FY25_Q1,2025-03-12,3,Keith Weiss,Morgan Stanley,"Excellent. Thank you guys for taking the question And thank you for the additional disclosure. I think it's a really interesting view kind of breaking down the creative and marketing professionals versus the business professionals and consumer group. And kind of following on that last question, correct me if I'm wrong, but it feels kind of bullish to me that the business professionals and consumer group has a stronger growth rate, creative at 15% creative, and marketing professionals a little bit behind because it feels like business professionals and consumer group, those products would be faster sales cycle, particularly on the consumer side of the equation, faster adoption. The creative and marketing professionals, this broader solution that you're trying to sell would have a longer sales cycle. So, the question is, am I thinking about that right? And are you seeing any indications that, that creative and marketing professional group, whether it's in your pipeline or sort of the activity you're seeing, could that catch up with what we're seeing from the business professionals and consumer group?",And the next question will come from Keith Weiss with Morgan Stanley.,digital_experience,"{""ai_disruption_competition"": 0, ""seats_pricing_retention"": 0, ""ai_monetization"": 0, ""digital_experience"": 1, ""margins_ai_costs"": 0, ""leadership"": 0, ""macro_other"": 1}",1,full_transcript,full
FY25_Q1,2025-03-12,4,Keith Weiss,Morgan Stanley,"Outstanding. Can I sneak one last one in for Mr. Durn? It's great to see you guys take advantage of the pullback in the stock price by accelerating the share repurchase which picked up this quarter. Could this pace of share repurchases, can you guys sustain this throughout the year, or is that more of a one-time pickup?",And the next question will come from Keith Weiss with Morgan Stanley.,margins_ai_costs,"{""ai_disruption_competition"": 0, ""seats_pricing_retention"": 1, ""ai_monetization"": 0, ""digital_experience"": 0, ""margins_ai_costs"": 2, ""leadership"": 0, ""macro_other"": 0}",0,full_transcript,full
FY25_Q1,2025-03-12,5,Kash Rangan,Goldman Sachs,"Hi. Thank you very much. Much appreciate the disclosure and the color and everything that goes with it. Shantanu, question for you. When you pivoted the company to a new business model through cloud, initially, there was a lot of skepticism. Then you proved to us that the TAM was actually larger in the new creative meets the cloud cycle. And the company was able to accelerate through the transition and put up even better margins and by expanding the TAM necessarily. So, as you look at AI right now, right now, one bearish argument that one could make, which I don't subscribe to, is that you're playing defense and that AI is a cost of staying in business and keeping yourself relevant to your creative base. But how do you look, since you've been through this one big shift before, you've got a lot of experience, where is your conviction on how truly incremental AI can be for your growth? Could you be at a similar juncture where you're poised to get into the next cycle is actually bigger TAM, not to put words in your mouth, but even maybe dare I say the potential to accelerate off of the good growth that we've seen so far? Thank you so much.",And the next question will come from Kash Rangan with Goldman Sachs.,margins_ai_costs,"{""ai_disruption_competition"": 0, ""seats_pricing_retention"": 0, ""ai_monetization"": 0, ""digital_experience"": 0, ""margins_ai_costs"": 2, ""leadership"": 1, ""macro_other"": 0}",0,full_transcript,full
FY25_Q1,2025-03-12,6,Kash Rangan,Goldman Sachs,"Excellent. And one follow-up and very quick, promise if I can. With the turbulence in the markets with trade wars, etc., tariffs, etc., how do you feel your customer base is going to behave? Is everything going to be on track from what you can tell by talking to your customers? Or are they kind of perplexed by what's going on and pausing? Thank you so much and that's it for me.",And the next question will come from Kash Rangan with Goldman Sachs.,macro_other,"{""ai_disruption_competition"": 0, ""seats_pricing_retention"": 0, ""ai_monetization"": 0, ""digital_experience"": 0, ""margins_ai_costs"": 0, ""leadership"": 0, ""macro_other"": 1}",0,full_transcript,full
FY25_Q1,2025-03-12,7,Mark Moerdler,Bernstein Research,"Thank you very much. Dan, can you give us more color on why you're changing the categorization of revenue, removing the historical Document Cloud and Creative Cloud? Is this driven by the One Adobe sales motion? Is Express now sold predominantly with Document Cloud? How should we think about the drivers? Thank you.",And the next question will come from Mark Moerdler with Bernstein Research.,macro_other,"{""ai_disruption_competition"": 0, ""seats_pricing_retention"": 0, ""ai_monetization"": 0, ""digital_experience"": 0, ""margins_ai_costs"": 0, ""leadership"": 0, ""macro_other"": 0}",0,full_transcript,full
FY25_Q1,2025-03-12,8,Mark Moerdler,Bernstein Research,That makes a lot of sense. And one quick other one. Should we expect the disclosure on the AI ARR something that we'll be getting quarterly or periodically updated? Thank you.,And the next question will come from Mark Moerdler with Bernstein Research.,ai_monetization,"{""ai_disruption_competition"": 0, ""seats_pricing_retention"": 0, ""ai_monetization"": 1, ""digital_experience"": 0, ""margins_ai_costs"": 0, ""leadership"": 0, ""macro_other"": 0}",0,full_transcript,full
FY25_Q1,2025-03-12,9,Alex Zukin,Wolfe Research,"Hey, thanks guys for taking the question. And I will join the chorus of those commenting positively on some of the new numbers, particularly the AI book of business. And that's where I wanted to ask the question. Basically, look, you're going to give us a number, we're going to ask for more. So, in that spirit, if you look at the $125 million and you think about the segmentation between Assistant, Firefly, GenStudio, is there any triangulation around maybe how much -- what the percentages of for the breakout of those and maybe stack rank the growth rates that are going to get you to double that by the end of the year? And then kind of similarly, if you think about if that $125 million is impacting or where the tailwinds are more toward the creative and marketing professional or the business professionals?",And the next question will come from Alex Zukin with Wolfe Research.,ai_monetization,"{""ai_disruption_competition"": 0, ""seats_pricing_retention"": 0, ""ai_monetization"": 3, ""digital_experience"": 1, ""margins_ai_costs"": 0, ""leadership"": 0, ""macro_other"": 0}",0,full_transcript,full
FY25_Q1,2025-03-12,10,Alex Zukin,Wolfe Research,"That's very, very helpful. I guess maybe just to follow along there. You've seen -- or we've seen a lot of consolidation start to happen within the AI realm where the model companies or the agent even emerging the agentic companies. Maybe just remind us on how you're thinking about your approach toward organic versus inorganic innovation here, given just the plethora of functionality that you're releasing across the board.",And the next question will come from Alex Zukin with Wolfe Research.,ai_monetization,"{""ai_disruption_competition"": 0, ""seats_pricing_retention"": 0, ""ai_monetization"": 2, ""digital_experience"": 0, ""margins_ai_costs"": 0, ""leadership"": 1, ""macro_other"": 0}",0,full_transcript,full
FY25_Q1,2025-03-12,11,Mark Murphy,J.P,Thank you very much. I was wondering if you can just comment on what you're sensing fundamentally in terms of advertising activity and consumer spending trends in the wake of some very choppy results from multiple airlines the last several days and multiple retailers. What is giving you the resilience to reaffirm the FY '25 guidance when some of those are really huge sectors of the economy and they seem to be encountering some turbulence? I'm just wondering if there -- you basically see them continuing to create and market and advertise despite this environment.,And the next question will come from Mark Murphy with J.P. Morgan.,macro_other,"{""ai_disruption_competition"": 0, ""seats_pricing_retention"": 0, ""ai_monetization"": 0, ""digital_experience"": 0, ""margins_ai_costs"": 0, ""leadership"": 0, ""macro_other"": 1}",0,full_transcript,full
FY25_Q1,2025-03-12,12,Mark Murphy,J.P,"OK. I appreciate that, Shantanu. As a very quick follow-up on Alex's question, with the ARR, the $125 million ARR doubling in the next nine months, do you think it's going to be the same composition, or is something going to be coming in from the video models that might change the mix there in the next nine months?",And the next question will come from Mark Murphy with J.P. Morgan.,ai_monetization,"{""ai_disruption_competition"": 0, ""seats_pricing_retention"": 0, ""ai_monetization"": 1, ""digital_experience"": 0, ""margins_ai_costs"": 0, ""leadership"": 0, ""macro_other"": 0}",0,full_transcript,full
FY25_Q1,2025-03-12,13,Saket Kalia,Barclays,"Hey, guys, thanks for taking my question here and squeezing me in. I'll keep it to one. David, maybe for you. It's great to see the Firefly app tiers that customers can add to their existing subscriptions. And maybe to Shantanu's point, this is a better topic for FA Day, but I'm wondering if we could just talk about, how do you envision sort of the potential attach rate there? I mean, Firefly is clearly an unprecedented offering so maybe that's really tough to answer. But are there any products that maybe Adobe has seen in the past like Adobe Stock or any others that you look at as sort of a framework for what that adoption curve could look like?",And our last question will come from Saket Kalia with Barclays.,seats_pricing_retention,"{""ai_disruption_competition"": 0, ""seats_pricing_retention"": 1, ""ai_monetization"": 1, ""digital_experience"": 0, ""margins_ai_costs"": 0, ""leadership"": 0, ""macro_other"": 0}",0,full_transcript,full
FY25_Q3,2025-09-11,1,Keith Weiss,Morgan Stanley,"Excellent. And great to see the full year numbers heading up in the right direction. Two questions for you, if I may. One, just on sort of the demo that you guys gave on that video at the beginning. Really, again, highlighting the Adobe magic with kind of what you’re doing with Nano Banana, and — being able to manipulate images like that. Can you help us understand like what part of that is the diffusion engine coming from Nano Banana? What part of that is the Adobe infrastructure underneath that, that enables, that fine -grain manipulation just to give us a better understanding of kind of what the value proposition Adobe is bringing to the equation? That’s question number one. And question number two, a broader concern that I’ve heard from investors is really about advertising platforms like Google or Meta putting diffusion engines in their ad platforms directly. In trying to ascertain that risk, can you help us understand like what percentage of your customer base would be those single channel marketers for which that could actually be a risk to Adobe of losing those customers?",[Operator Instructions] And our first question will come from Keith Weiss with Morgan Stanley.,ai_disruption_competition,"{""ai_disruption_competition"": 2, ""seats_pricing_retention"": 0, ""ai_monetization"": 0, ""digital_experience"": 1, ""margins_ai_costs"": 0, ""leadership"": 0, ""macro_other"": 0}",0,full_transcript,full
FY25_Q3,2025-09-11,2,Bradley Sills,Bank of America,"Wonderful. Really great to see that you’re exceeding that target for the full year of $250 million ARR from AI first products. There’s a lot in there, and it would be great to get some color from you as to which component of that is driving the upside? And where are you seeing the strength in those AI-first products.",And the next question will come from Brad Sills with Bank of America.,ai_monetization,"{""ai_disruption_competition"": 0, ""seats_pricing_retention"": 0, ""ai_monetization"": 2, ""digital_experience"": 0, ""margins_ai_costs"": 0, ""leadership"": 0, ""macro_other"": 0}",0,full_transcript,full
FY25_Q3,2025-09-11,3,Sang-Jin Byun,,"This is John Byun for Brent Thill. I’ve got 2 questions. Just wondering if you could shed a little bit of light on the mix of AI credit usage between your own Firefly-based solutions and third party, whether you’re seeing any pickup from the third-party models and how users are responding? And then on the LLM Optimizer, I’m wondering whether you’ve used that Adobe internally and any impact on the top of funnel and conversion?",And moving on to Brent Thill with Jefferies.,ai_monetization,"{""ai_disruption_competition"": 1, ""seats_pricing_retention"": 1, ""ai_monetization"": 3, ""digital_experience"": 0, ""margins_ai_costs"": 0, ""leadership"": 0, ""macro_other"": 0}",0,full_transcript,full
FY25_Q3,2025-09-11,4,Tyler Radke,Citi,"I wanted to touch on the pricing side of the equation. Obviously, with the kind of line item optimization in the quarter. I was wondering if you could comment on if you have any texture on kind of the performance ex price and kind of how that was received by the installed base? And then just sort of how to think about the PxQ heading into next year?",And we’ll take a question from Tyler Radke with Citi.,seats_pricing_retention,"{""ai_disruption_competition"": 0, ""seats_pricing_retention"": 2, ""ai_monetization"": 0, ""digital_experience"": 0, ""margins_ai_costs"": 0, ""leadership"": 0, ""macro_other"": 0}",0,full_transcript,full
FY25_Q3,2025-09-11,5,Aleksandr Zukin,Wolfe Research,"I guess maybe, Shantanu to the earlier point that you just made, I’ve got just 2 quick questions. One, it seems like this was kind of almost, I would say, a turning point quarter for you guys. It was the first quarter, I think, we’re net new DM ARR actually was flat to maybe even growing for the first time this year on a tougher comp. You raised the guide. You exceeded your AI-first spending ARR target a quarter early. It seems like you’re doing way better than expected. Can you help bifurcate like how much of this is just better adoption of the AI-first products versus for PxQ? And ultimately, does this give you confidence in continuing to be able to grow DM ARR at least double digits for the foreseeable future? And then I’ve got a quick product follow-up.",And our next question will come from Alex Zukin with Wolfe Research.,ai_monetization,"{""ai_disruption_competition"": 0, ""seats_pricing_retention"": 0, ""ai_monetization"": 1, ""digital_experience"": 0, ""margins_ai_costs"": 0, ""leadership"": 0, ""macro_other"": 1}",1,full_transcript,full
FY25_Q3,2025-09-11,6,Aleksandr Zukin,Wolfe Research,"Excellent. And then maybe just as a follow-up. You alluded to it in the comments, Anil, but as the nature of the web shifts for a kind of traditional search based to LLM based information discovery and traditional top of funnel marketing is changing in AI-driven the world. How do you see yourself the role in which you’re helping CMOs adapt, which parts of your portfolio are best positioned to capture this change? And when do we start seeing that show up kind of some of the DX book of business?",And our next question will come from Alex Zukin with Wolfe Research.,digital_experience,"{""ai_disruption_competition"": 0, ""seats_pricing_retention"": 0, ""ai_monetization"": 1, ""digital_experience"": 3, ""margins_ai_costs"": 0, ""leadership"": 1, ""macro_other"": 0}",0,full_transcript,full
FY25_Q3,2025-09-11,7,Mark Moerdler,Bernstein Research,"Congratulations on the strength of the AI adoption, the fact that you hit the AI numbers so quickly is really nice to speak. So what is — I have a question, there’s a thesis out there for software in general. That AI is the headwind to seats and the seats will need to shift to consumption, the issue is then can capture more consumption revenue than seat. How do you think about the relationship between seats and consumption in the Creative Cloud, do you see that there’s any pressure on the seat side, do you see consumption as being upside to that? And separately, what are your thoughts on when AI could be big enough to move the needle on the Creative side?",And the next question will come from Mark Moerdler with Bernstein Research.,seats_pricing_retention,"{""ai_disruption_competition"": 0, ""seats_pricing_retention"": 2, ""ai_monetization"": 1, ""digital_experience"": 0, ""margins_ai_costs"": 0, ""leadership"": 0, ""macro_other"": 0}",0,full_transcript,full
FY25_Q3,2025-09-11,8,Michael Turrin,Wells Fargo Securities,"Dan, on margin, you’ve been speaking to mid-40s margin profile, you’re still operating a bit above that this quarter. It looks like gross margins are actually up a touch versus last year. Why aren’t you seeing degradation from AI adoption, given some of the metrics you’re providing? Is that something we could or should expect to see as those numbers continue to ramp, just the why or why not in terms of the margin profile, I think, relative to what was initially expected.",And the next question will come from Michael Turrin with Wells Fargo Securities.,margins_ai_costs,"{""ai_disruption_competition"": 0, ""seats_pricing_retention"": 0, ""ai_monetization"": 0, ""digital_experience"": 0, ""margins_ai_costs"": 2, ""leadership"": 0, ""macro_other"": 0}",0,full_transcript,full
FY25_Q3,2025-09-11,9,Brad Zelnick,Deutsche Bank,"Excellent. Anil, it’s great to see agents for AEP now generally available. Can you talk us through the vision of how these agents drive greater for customers? And then ultimately, how Adobe captures some of that benefit?",And we will take a question from Brad Zelnick with Deutsche Bank.,ai_monetization,"{""ai_disruption_competition"": 0, ""seats_pricing_retention"": 0, ""ai_monetization"": 1, ""digital_experience"": 1, ""margins_ai_costs"": 0, ""leadership"": 0, ""macro_other"": 0}",0,full_transcript,full
FY25_Q3,2025-09-11,10,Saket Kalia,Barclays,"Okay. Great. David, maybe for you. I mean I think a resounding theme on this call is sort of the infusion of AI into the core applications is really what’s differentiating. And I think that’s interesting from a couple of angles. But one of them, especially in my view, is retention. So can you just talk about what you’re seeing in terms of retention trends as AI adoption grows, and then separately, just as an aside, we’ve also started to see some noise out there about intellectual property issues, right, when it comes to AI usage. Maybe talk about how important the commercial safety aspect is as you spend time with enterprises.",And we’ll take our last question from Saket Kalia with Barclays.,seats_pricing_retention,"{""ai_disruption_competition"": 0, ""seats_pricing_retention"": 1, ""ai_monetization"": 0, ""digital_experience"": 1, ""margins_ai_costs"": 0, ""leadership"": 0, ""macro_other"": 0}",0,full_transcript,full
FY25_Q4,2025-12-10,1,Mark Murphy,JPMorgan Chase & Co,"Congratulations on a great finish to the year. Shantanu, down at Adobe MAX, the energy, the enthusiasm was just truly phenomenal. And it felt to us like a breakthrough moment, talking to customers down that there was just quite a bit of interest in Firefly Foundry specifically because the customers can end up with this private AI model and something that will understand their identity and their style. Can you speak to how customers are starting to use Foundry in the early stages? And perhaps just what type of economic potential that might be able to unleash for Adobe?","(Operator Instructions) Mark Murphy, JPMorgan.",ai_monetization,"{""ai_disruption_competition"": 0, ""seats_pricing_retention"": 0, ""ai_monetization"": 2, ""digital_experience"": 0, ""margins_ai_costs"": 0, ""leadership"": 0, ""macro_other"": 0}",0,full_transcript,full
FY25_Q4,2025-12-10,2,Matthew Swanson,RBC Capital Markets Inc,"I had a question kind of as we expand the product portfolio and the go-to-market motion of really mirroring up the Creative Cloud and the Experience Cloud. Could you just talk about maybe the ROI focus on kind of justifying the value creation of these new productivity enhancements, right? We've seen through all your product demos how much more content can be created, but really being able to marry that up to results and really kind of why is it a good thing for the enterprise that they have all these new capabilities.","Matt Swanson, RBC Capital Markets.",digital_experience,"{""ai_disruption_competition"": 0, ""seats_pricing_retention"": 0, ""ai_monetization"": 0, ""digital_experience"": 2, ""margins_ai_costs"": 0, ""leadership"": 0, ""macro_other"": 0}",0,full_transcript,full
FY25_Q4,2025-12-10,3,Ivan Radojicic,Wolfe Research LLC,This is Ivan here on the line for Alex. Maybe one question on going back to Semrush acquisition. Can you maybe talk a little bit about what was the strategic rationale? A little more color on that and maybe how we should think about the series from the deal for next year.,"Alex Zukin, Wolfe Research.",digital_experience,"{""ai_disruption_competition"": 0, ""seats_pricing_retention"": 0, ""ai_monetization"": 0, ""digital_experience"": 1, ""margins_ai_costs"": 0, ""leadership"": 0, ""macro_other"": 0}",0,full_transcript,full
FY25_Q4,2025-12-10,4,Keith Weiss,Morgan Stanley,"Congratulations on the solid end of the year. Maybe a kind of longer-term focus question. You guys have been clear that the strategy is proliferation first and then kind of monetization going forward when it comes to a lot of these technologies and a lot of the innovation that you're pushing into the base. And I think some of the metrics that we're seeing in Q4 are getting us a little bit excited that we're starting to see some of that ability. You guys talked about monthly active users up over 15%. So the user base is growing. You talked about 3x growth in the usage of the models on a quarter-on-quarter basis, so the usage is ramping up. When can we potentially see this sort of grow the totality or stabilize or accelerate the totality of growth at Adobe? Meaning, another -- when do we see a year where ARR growth is stable, right, on a year-on-year basis are actually improving because I think that's what investors really want to see to get more confident in the stock and start revisiting the stock and coming back to the shares?","Keith Weiss, Morgan Stanley.",seats_pricing_retention,"{""ai_disruption_competition"": 0, ""seats_pricing_retention"": 2, ""ai_monetization"": 1, ""digital_experience"": 0, ""margins_ai_costs"": 0, ""leadership"": 0, ""macro_other"": 0}",1,full_transcript,full
FY25_Q4,2025-12-10,5,unidentifiedparticipant,,"This is [Shelly] calling on behalf of Mark. Congratulations on a solid quarter. Total Adobe and ARR growth this year ended at 11.5%. And next year, you're guiding to 10.2%. Could you help us understand what is driving the difference between this year's growth and the guidance? Is it certain parts of the market that you think might behave differently next year versus this year?","Mark Moerdler, Bernstein.",seats_pricing_retention,"{""ai_disruption_competition"": 0, ""seats_pricing_retention"": 1, ""ai_monetization"": 0, ""digital_experience"": 0, ""margins_ai_costs"": 0, ""leadership"": 0, ""macro_other"": 1}",1,full_transcript,full
FY25_Q4,2025-12-10,6,Jake Roberge,William Blair Capital Partners,"Good to see the partnership announcement and integration with ChatGPT. David, as you expand to these new surfaces outside of the Adobe ecosystem, how are you thinking about driving monetization of that usage or converting those users over to your platform?","Jake Roberge, William Blair.",ai_disruption_competition,"{""ai_disruption_competition"": 1, ""seats_pricing_retention"": 1, ""ai_monetization"": 1, ""digital_experience"": 0, ""margins_ai_costs"": 0, ""leadership"": 0, ""macro_other"": 0}",0,full_transcript,full
FY25_Q4,2025-12-10,7,Michael Turrin,Wells Fargo Securities LLC,"You mentioned credit consumption up 3x this quarter. I was just hoping to hear a bit more around what you're seeing from an overall consumption perspective, how third-party models are impacting that? And if you're becoming at all more confident in monetizing or forecasting consumption? And then secondarily, from your perspective, are there better or worse scenario for us to be thinking about in terms of which of the larger models win [mile] share in the market for Adobe just given, I think you've seen a lot of differing opinions of that, especially of late?","Michael Turrin, Wells Fargo.",ai_monetization,"{""ai_disruption_competition"": 1, ""seats_pricing_retention"": 0, ""ai_monetization"": 3, ""digital_experience"": 0, ""margins_ai_costs"": 0, ""leadership"": 0, ""macro_other"": 0}",0,full_transcript,full
FY25_Q4,2025-12-10,8,Keith Bachman,Bank of Montreal,"David, I'd like to direct this to you, if I could, and just ask you how you're thinking about the components of the construct of growth over the course of FY26? And if I break it into two parts, just wondering if you could comment specifically on seats within the creator and marketing professionals? Not looking for specific numbers, but if seat growth remain steady within that category, it looks like you're filling the top of the funnel across the board. But really, what I'm asking about is paid seat growth. Would you anticipate that that remains steady in FY26? And then the second part of the question is, in the prepared remarks, digital media more broadly, it was 75% was upsell in price and then the balance was basically price. And what I'm asking -- the spirit of the question is, despite growing competition, do you think pricing is still a lever that you can draw on to support growth in '26 and beyond?","Keith Bachman, BMO.",seats_pricing_retention,"{""ai_disruption_competition"": 1, ""seats_pricing_retention"": 5, ""ai_monetization"": 0, ""digital_experience"": 1, ""margins_ai_costs"": 0, ""leadership"": 1, ""macro_other"": 0}",0,full_transcript,full
FY26_Q1,2026-03-12,1,Jay Vleeschhouwer,Griffin Securities,"Shantanu, first, for you, I just want to say how much I have appreciated our 3-decade relationship. And I do want to commend you, if that's a strong enough word, for the multiple transformations at the company that we've seen over that long period of time. So I just wanted to make that personal and professional remark before I ask my question, which this evening is actually for Dan, not a product question. One of your most important metrics, I think, is and will be the progression of your current RPO. The constant currency growth rate for cRPO was about 1 point better than Q4 and also, over the last number of years, we've seen that cRPO has fairly consistently been somewhere around 51%, 52% of your estimated next 12-month revenue on a rolling quarterly basis. Is there any reason to believe that your revenue visibility via cRPO coverage might proportionately increase over the next number of years. Maybe just talk about that perhaps structural change that you foresee, if any, in your cRPO?",[Operator Instructions] And we will take our first question from Jay Vleeschhouwer with Griffin Securities.,macro_other,"{""ai_disruption_competition"": 0, ""seats_pricing_retention"": 0, ""ai_monetization"": 0, ""digital_experience"": 0, ""margins_ai_costs"": 0, ""leadership"": 0, ""macro_other"": 3}",1,full_transcript,full
FY26_Q1,2026-03-12,2,Saket Kalia,Barclays,"Shantanu, I just want to start by echoing Jay's comments. I mean clearly, this has been a very dynamic space, but you've helped build one of the largest SaaS businesses in the world over the years. So let me just start by saying congrats. But maybe on that point, I was wondering just a bit of a broad question. What is the Board looking for in Adobe's next CEO?",We will take our next question from Saket Kalia with Barclays.,leadership,"{""ai_disruption_competition"": 0, ""seats_pricing_retention"": 0, ""ai_monetization"": 0, ""digital_experience"": 0, ""margins_ai_costs"": 0, ""leadership"": 2, ""macro_other"": 0}",0,full_transcript,full
FY26_Q1,2026-03-12,3,Brad Zelnick,Deutsche Bank,"Firstly, Shantanu congrats on an epic run. Your impact on Adobe and the industry at large, I know will be enduring for decades to come. But my question is for David. David, it's great to hear the generative credit consumption is ramping so meaningfully up 45% sequentially and much of the expansion has been skewing towards video and audio. Would love to understand what use cases you're seeing consume credit so meaningfully in video and audio. Are we still in more of an exploration stage or maybe asked differently, what are the use cases you're seeing from leading-edge customers that are driving this type of consumption?",We will take our next question from Brad Zelnick with Deutsche Bank.,ai_monetization,"{""ai_disruption_competition"": 0, ""seats_pricing_retention"": 0, ""ai_monetization"": 3, ""digital_experience"": 0, ""margins_ai_costs"": 0, ""leadership"": 0, ""macro_other"": 0}",0,full_transcript,full
FY26_Q1,2026-03-12,4,Mark Murphy,JPMorgan,"Shantanu, congrats on one of the greatest and longest CEO tenures and growing Adobe to $26 billion in revenue. I want to ask you and also the others, it's remarkable to see 13% subscription revenue growth. We haven't seen that in quite some time. It's intriguing that total revenue growth accelerated in constant currency to 11% or maybe I should say, upticked, but can you speak to the revenue acceleration, we were not expecting to see revenue accelerate quite yet. And I'm just trying to understand, should we assume the stock business is pretty small. And therefore, whatever minor setback you saw, it's just being more than offset by tripling in AI revenue and the step-up in credit consumption that Brad asked about. And that maybe -- is it that kind of netting out that drove this top line acceleration during the quarter?",We will take our next question from Mark Murphy with JPMorgan.,ai_monetization,"{""ai_disruption_competition"": 0, ""seats_pricing_retention"": 0, ""ai_monetization"": 3, ""digital_experience"": 0, ""margins_ai_costs"": 0, ""leadership"": 1, ""macro_other"": 1}",0,full_transcript,full
FY26_Q1,2026-03-12,5,Keith Weiss,Morgan Stanley,"Shantanu, I don't think we can start a question without congratulating you on what was really an amazing career. I think it's pretty safe to say that you've been a North Star of leadership for the entire careers of probably most of the people on this call and your stewardship of Adobe has just been legendary. So you'll be sorely missed. So it's been a pleasure working with you. So thank you for all of that. And best of luck on your future endeavors. Maybe as a little bit of an for your future successor, you talked a lot about laying foundation for future growth. You talked about some of the initiatives in the near term that -- near term ARR, but sets us up for success in the longer term. Can you talk to us a little bit more about those initiatives and a little bit more about those foundations and how you expect that to evolve? And maybe just the time frame for what today is a foundation-building initiative to when that becomes more of a ARR-driving initiative when that becomes more of the acceleration story within Adobe.",We will take our next question from Keith Weiss with Morgan Stanley.,leadership,"{""ai_disruption_competition"": 0, ""seats_pricing_retention"": 0, ""ai_monetization"": 0, ""digital_experience"": 0, ""margins_ai_costs"": 0, ""leadership"": 2, ""macro_other"": 0}",0,full_transcript,full
FY26_Q1,2026-03-12,6,Aleksandr Zukin,Wolfe Research,"And again, echoing everybody's praise, Shantanu on the call, it's truly been a special opportunity to work with you and follow your progress. I guess maybe a quick 2-parter, which is, if I think about the impact of AI MAU growth on ARR growth in the quarter, can you maybe just unpack exactly why it was dampened. And as consumption trends improve, how do we think about that kind of impact as we head through Q2, Q3, Q4, when does net new ARR growth start to maybe go positive? And then maybe just anything on the timeline that we and investors should expect around the CEO search. Is this something that is a quarter, multiple quarters? Any timing there would be helpful.",We will take our next question from Alex Zukin with Wolfe Research.,seats_pricing_retention,"{""ai_disruption_competition"": 0, ""seats_pricing_retention"": 3, ""ai_monetization"": 1, ""digital_experience"": 0, ""margins_ai_costs"": 0, ""leadership"": 2, ""macro_other"": 0}",1,full_transcript,full
FY26_Q1,2026-03-12,7,Matthew Swanson,RBC Capital Markets,"Shantanu, I'd echo my congratulations, I guess, as I work for this, too. I want to talk to you about the partnerships that we've had announced the last 2 quarters. So last quarter, with all the embedded models and then this quarter, building on even more so with a lot of the advertising platforms, Amazon Ads, Google, Meta. It's a lot of different companies that I think over the last year on this GenAI journey, investors have brought up to us as potential competitors or maybe almost a risk to Adobe that are now kind of part of the ecosystem. So can you talk a little bit more about kind of how you're evolving in this role of orchestration to really help monetize all this new creative content for all these stakeholders.",We will take our next question from Matt Swanson with RBC Capital Markets.,ai_disruption_competition,"{""ai_disruption_competition"": 1, ""seats_pricing_retention"": 0, ""ai_monetization"": 1, ""digital_experience"": 0, ""margins_ai_costs"": 0, ""leadership"": 0, ""macro_other"": 0}",0,full_transcript,full
FY26_Q1,2026-03-12,8,Brent Thill,Jefferies,"The dampening of ARR with new premium offerings, I guess, what gives you confidence on the back side that you can monetize this?",We will take our next question from Brent Thill with Jefferies.,ai_monetization,"{""ai_disruption_competition"": 0, ""seats_pricing_retention"": 0, ""ai_monetization"": 1, ""digital_experience"": 0, ""margins_ai_costs"": 0, ""leadership"": 0, ""macro_other"": 0}",0,full_transcript,full
FY26_Q1,2026-03-12,9,Brent Thill,Jefferies,"And then Dan, one quick follow-up just on capital allocation. From an M&A perspective, I know you backed off quite a bit, but the environment has changed considerably where other large companies are feeling things are easier to get done. Have you shifted your view at all on the buyback versus M&A?",We will take our next question from Brent Thill with Jefferies.,margins_ai_costs,"{""ai_disruption_competition"": 0, ""seats_pricing_retention"": 0, ""ai_monetization"": 0, ""digital_experience"": 0, ""margins_ai_costs"": 2, ""leadership"": 0, ""macro_other"": 0}",0,full_transcript,full
FY26_Q1,2026-03-12,10,Michael Turrin,Wells Fargo Securities,"This one's for the broader team. The company is still delivering greater than 47% operating margin. It's an impressive number, but the net new ARR number was down a touch this quarter. So I'm just wondering what the team's thoughts are on potentially taking margin down to grow faster. It's the question we're getting from investors across software. So is that something you think you could do with some of the newer revenue streams and engagement levels you're seeing? Or maybe talk to us around how you're evaluating the trade-offs there just given the current environment.",We will take our next question from Michael Turrin with Wells Fargo Securities.,seats_pricing_retention,"{""ai_disruption_competition"": 0, ""seats_pricing_retention"": 1, ""ai_monetization"": 0, ""digital_experience"": 0, ""margins_ai_costs"": 1, ""leadership"": 0, ""macro_other"": 0}",1,full_transcript,full
FY26_Q2,2026-06-11,1,Michael Turrin,Wells Fargo Securities,"Hey. Brent. Thanks very much. Appreciate you taking the question. And I guess just realize it was not planned, but with Daniel leaving, I think we are going to feel questions on how the company manages through this level of transition in a world where there are a lot of questions around just disruption or changes to the market across software. So maybe you can just speak to how you maintain continuity with the both CEO search and CFO transition in motion and maybe also touch on the profile of what you are looking towards or think the company needs and it is next stage at this point.","Thank you. Saket, once your mute function is turned off to allow your signal to reach our equipment. Again, that is *1 if you would like to signal with question",leadership,"{""ai_disruption_competition"": 1, ""seats_pricing_retention"": 0, ""ai_monetization"": 0, ""digital_experience"": 0, ""margins_ai_costs"": 0, ""leadership"": 5, ""macro_other"": 0}",0,full_transcript,full
FY26_Q2,2026-06-11,2,Michael Turrin,Wells Fargo Securities,"And just if I may, a follow-up just on the decision to defer line optimizations on Creative Cloud I assume we are coming up on just potential price increase there. So maybe speak to why that is the right decision for Adobe today. And how you think that kind of sets the creative business up for future growth.","Thank you. Saket, once your mute function is turned off to allow your signal to reach our equipment. Again, that is *1 if you would like to signal with question",seats_pricing_retention,"{""ai_disruption_competition"": 0, ""seats_pricing_retention"": 2, ""ai_monetization"": 0, ""digital_experience"": 0, ""margins_ai_costs"": 0, ""leadership"": 0, ""macro_other"": 0}",0,full_transcript,full
FY26_Q2,2026-06-11,3,Alex Zukin,Wolfe Research,"Hey guys. appreciate you taking my question. I apologize for any background noise. Maybe just at the risk of redundancy or simplification, just why now to accelerate the freemium MAU motion I think before, we were thinking that the previous messaging was that it could actually positively impact second half ARR. The freemium motion, and now it is turning into a headwind. As they convert. Or so maybe just simplify why now is the right time and then I have got a quick follow-up.",And the next question comes from Alex Zukin with Wolfe Research.,seats_pricing_retention,"{""ai_disruption_competition"": 0, ""seats_pricing_retention"": 3, ""ai_monetization"": 0, ""digital_experience"": 0, ""margins_ai_costs"": 0, ""leadership"": 0, ""macro_other"": 0}",0,full_transcript,full
FY26_Q2,2026-06-11,4,Alex Zukin,Wolfe Research,"And then maybe just to follow-up then. If we think about the combination of that action that you described and the per postponement of the line optimizations as driving roughly, I think, by our math, a half-billion-dollar adjustment to the organic ARR. Downward. Like, what is the payback period on that? So $500 million, let's say, that you are investing in this motion, what is the payback period and multiple that you think you can get as a result of the successful strategy that you are or potential successful strategy that you are embarking Well, let me give you some color.",And the next question comes from Alex Zukin with Wolfe Research.,seats_pricing_retention,"{""ai_disruption_competition"": 0, ""seats_pricing_retention"": 1, ""ai_monetization"": 0, ""digital_experience"": 0, ""margins_ai_costs"": 0, ""leadership"": 0, ""macro_other"": 0}",0,full_transcript,full
FY26_Q2,2026-06-11,5,Matt Swanson,RBC Capital Markets,"Brent. Thank you guys so much for taking my question. Not to front-run Cannes too much, but if we could focus a little bit on the brand visibility solution and kind of the broader idea of what SEMRush brings to the Adobe platform. You just kinda talk a little bit maybe more holistically on how that fits into your broader portfolio and kind of what the maybe compounding benefit could be over time?","And once again, if you would like to And we will take our next question from Matt Swanson with RBC Capital Markets.",digital_experience,"{""ai_disruption_competition"": 0, ""seats_pricing_retention"": 0, ""ai_monetization"": 0, ""digital_experience"": 1, ""margins_ai_costs"": 0, ""leadership"": 0, ""macro_other"": 0}",0,full_transcript,full
FY26_Q2,2026-06-11,6,Zelnick,,"Brent. Thank you so much for taking the question. Maybe on a different topic, we saw the announcement on the Creativity Connector with Google Gemini. Wondering how you are thinking about relationships with companies like Google that are seemingly developing their own design tools versus making Adobe innovations available in their apps? And more broadly, how are you thinking about competition partnerships and co-opetition in the age of AI?",And the next question will come from brand Zelnick with Deutsche Bank. brand,ai_disruption_competition,"{""ai_disruption_competition"": 2, ""seats_pricing_retention"": 0, ""ai_monetization"": 0, ""digital_experience"": 0, ""margins_ai_costs"": 0, ""leadership"": 0, ""macro_other"": 0}",0,full_transcript,full
FY26_Q2,2026-06-11,7,Billy Fitzsimmons,Piper Sandler,"Hey, guys. Thanks for taking the question and fitting me in. I want to go back to the discussion earlier. there is a lot of debates right now around kind of the moats in software. If I think back to Summit, there is a big focus on kind of what you are doing with AI agents internally. And I think there is an important emphasis on your differentiation of being you know, having 20 years of customer relationships and proprietary data around that. As well as being that governance and auditability layer for AgenTic workflows. You just talk about the importance of that in the ecosystem? And then if I could sneak another 1 in And to be honest, I do not really know who this is for at this point, but you announced a $25 billion share repurchase authorization at Summit. A significant chunk of your cap we are also in a much more or it feels like a more relaxed regulatory environment. How do we think about kind of your ability and propensity to do kind of tuck-in M&A in this environment? Thanks, guys.",And the next question will come from Billy Fitzsimmons with Piper Sandler.,ai_monetization,"{""ai_disruption_competition"": 0, ""seats_pricing_retention"": 0, ""ai_monetization"": 2, ""digital_experience"": 0, ""margins_ai_costs"": 1, ""leadership"": 0, ""macro_other"": 1}",0,full_transcript,full
FY26_Q2,2026-06-11,8,Kirk Materne,Evercore ISI,"Yes. Thanks for taking the question. I guess this 1's maybe for David. David, when we think about this push into freemium and changing that up a little bit, I guess, how do you get comfortable on sort of the long term economics in terms of lifetime value? I guess, what are you seeing in terms of those customers going through sort of a gestation period and then monetizing over a certain period of time. Can you just add some more color to that? Because I get the idea of adding a lot more new users to the platform, but just trying to get a sense on how you guys get comfort about sort of the stickiness of those users after a certain period of time. And you know, the ultimate monetization opportunity? Thanks.",And our next question will come from Kirk Materne with Evercore ISI.,seats_pricing_retention,"{""ai_disruption_competition"": 0, ""seats_pricing_retention"": 2, ""ai_monetization"": 2, ""digital_experience"": 0, ""margins_ai_costs"": 0, ""leadership"": 0, ""macro_other"": 0}",0,full_transcript,full
FY26_Q2,2026-06-11,9,Brent Thill,Jefferies,"Shantanu, 1 of the questions we get is, just the reset for this next tectonic shift and I realize you are guiding margins down a bit, but I think many investors believe that you could be doing more and putting a much bigger moat and investment in to protect yourself. I do not know if that view is right or wrong, but I am curious why not be a little more severe in terms of the push and the pivot You went through this from perpetual subscription. You obviously nailed it and had incredible results from that pivot. Maybe it is not the right analogy, but I think we are getting a lot of questions on that. Yeah.",And our next question will come from Brent Thill with Jefferies.,ai_disruption_competition,"{""ai_disruption_competition"": 1, ""seats_pricing_retention"": 0, ""ai_monetization"": 0, ""digital_experience"": 0, ""margins_ai_costs"": 1, ""leadership"": 0, ""macro_other"": 0}",0,full_transcript,full
FY26_Q2,2026-06-11,10,Saket Kalia,,"Okay, great. Hey, guys. Thanks for taking the question here. Maybe for Shantanu and David, you know, as I think about the original freemium business at Adele, it is really Acrobat. And I think the hope here is that some of your products like Express and Firefly can replicate that success. Maybe the question is, can you just compare and contrast maybe the next generation of freemium products in terms of what is similar, what is different than, you know, some of the really successful freemium businesses that we have built up over the years.",And moving on to Saket Kalia with Barclays.,seats_pricing_retention,"{""ai_disruption_competition"": 0, ""seats_pricing_retention"": 1, ""ai_monetization"": 1, ""digital_experience"": 0, ""margins_ai_costs"": 0, ""leadership"": 0, ""macro_other"": 0}",0,full_transcript,full
