call,date,section,speaker,role,firm,text
FY23_Q1,2023-03-15,prepared,Operator,operator,,"Good day, and welcome to the Q1 FY 2023 Adobe Earnings Conference Call. Today's conference is being recorded. At this time, I'd like to turn the conference over to Jonathan Vaas, VP of Investor Relations. Please go ahead."
FY23_Q1,2023-03-15,prepared,Jonathan Vaas,mgmt,Adobe Inc.,"Good afternoon, and thank you for joining us. With me on the call today are Shantanu Narayen, Adobe's Chairman and CEO; David Wadhwani, President of Digital Media; Anil Chakravarthy, President of Digital Experience; and Dan Durn, Executive Vice President and CFO. On this call, which is being recorded, we will discuss Adobe's first quarter fiscal year 2023 financial results. You can find our press release as well as PDFs of our prepared remarks and financial results on Adobe's Investor Relations website. The information discussed on this call, including our financial targets and product plans, is as of today, March 15, and contains forward-looking statements that involve risks, uncertainty and assumptions. Actual results may differ materially from those set forth in these statements. For a discussion of these risks, you should review the factors discussed in today's press release and in Adobe's SEC filings. On this call, we will discuss GAAP and non-GAAP financial measures. Our reported results include GAAP growth rates as well as constant currency rates. During this presentation, Adobe's executives will refer to constant currency growth rates, unless otherwise stated. Reconciliations are available in our earnings release and on Adobe's Investor Relations website. Adobe Summit is just around the corner in Las Vegas at the Venetian Convention and Expo Center beginning on Tuesday, March 21. Following the Day 1 keynote, we will host a Q&A session with financial analysts and investors in attendance at 11:30 a.m. Pacific Time. Audio of the event will be broadcast live, and the replay will be available on Adobe's IR website. More details about Summit and the agenda are available at summit.adobe.com. I will now turn the call over to Shantanu."
FY23_Q1,2023-03-15,prepared,Shantanu Narayen,mgmt,Adobe Inc.,"Thanks, Jonathan. Good afternoon, and thank you for joining us. Adobe had a strong Q1, driving record revenue across our Creative Cloud, Document Cloud and Experience Cloud businesses. We achieved $4.66 billion in revenue, representing 13% year-over-year growth. GAAP earnings per share for the quarter was $2.71, and non-GAAP earnings per share was $3.80. Digital is reshaping how we connect and engage with the world around us. Our performance demonstrates the critical role that Adobe products are playing in fueling the global digital economy, empowering everyone everywhere to imagine, create and bring any digital experience to life. We're executing against our strategy to unleash creativity for all, accelerate document productivity, and power digital businesses, delivering on our innovative product road map and engaging a growing universe of customers, from individuals to small businesses to the largest enterprises. Given the recent news reports, I wanted to provide an update on the process and timing of our pending acquisition of Figma. We remain excited about the opportunity to advance product design, accelerate collaborative creativity on the Web and redefine the future of creativity and productivity. The potential combination continues to be well received by customers, industry analysts and partners. In addition, we are preparing for integration as we work through the regulatory process. From the outset, we have been well prepared for all potential scenarios while realistic about the regulatory environment. We have completed the discovery phase of the U.S. DOJ second request and are prepared for next steps, whether that is an approval or a challenge. Adobe remains confident in the facts underlying the case. And based on current process timing, we believe the transaction continues to be on track for a close by the end of 2023. It goes without saying that our Q1 success demonstrates that we continue to be ruthlessly focused on executing against our immense opportunities, independent of this combination. David, over to you."
FY23_Q1,2023-03-15,prepared,David Wadhwani,mgmt,Adobe Inc.,"Thanks, Shantanu. Hello, everyone. We're living in a visual, digital-first world where content creation and consumption are exploding and where consumers, students and businesses need to create content that stands out and elevates their online profiles. As a result, more and more people are turning to Creative Cloud, which remains a preeminent destination for creativity across imaging, design, video, illustration and animation, as well as new media types like 3D and augmented reality. We continue to see strong demand for our flagship applications, including Photoshop, Lightroom, Illustrator, Premiere Pro and Acrobat and are excited about the traction we're getting with Adobe Express. Q1 was a strong quarter for Creative Cloud. We achieved net new Creative ARR of $307 million and revenue of $2.76 billion, which grew 13% year-over-year. Q1 highlights include strong growth in top-of-funnel traffic, which resulted in healthy new demand for creative cloud applications across all routes to market and customer segments globally, from individuals to SMBs, to large enterprises. Increased demand and mobile adoption in imaging with products like Photoshop and Lightroom. Lightroom mobile is now the default photo editor for the high-end photo editing experience on the Samsung Galaxy S-23 Series. Continued momentum for Premier Pro, After Effects and Frame.io, which are leaders in video editing and collaboration. Over 2/3 of films at Sundance, as well as Oscar winners Everything Everywhere All at Once and Navalny, were edited with our video products. Rapid adoption of Substance 3D by brands such as Amazon, Burberry and Louis Vuitton. The Substance 3D team was honored with a technical Oscar in recognition of 3D capabilities that are making popular films such as Spider-Man, Star Wars and Blade Runner 2049 possible. Acceleration in our Adobe Stock business driven by the demand for high-quality imaging, vector, video and 3D content. Momentum for Adobe Express with significant year-over-year growth in monthly active users across segments such as students, small businesses and creative professionals. We are actively driving adoption of both new users and existing Creative Cloud subscribers who are now using Express when they want speed and ease, and we look forward to an imminent release of a dramatic upgrade with enhanced performance, collaboration functionality and new authoring capabilities for video and mixed media. Exciting introduction of new products, including our beta releases of Character Animator and Adobe Podcast. Adobe Podcast is a web-based, AI-powered audio recording and editing app, perfect for the growing podcast industry. It makes every recording, even those done on your phone in busy spaces, sound like they were recorded in a studio. Key customer wins in the quarter include Accenture, BBC, Disney, IBM, Infosys and Nintendo. Our innovation engine continues to fire on all cylinders to reimagine the future of creativity. Last October, we previewed some of Adobe's Generative AI technology at MAX. We have been hard at work training Adobe models on our proprietary data sets, creating APIs, envisioning new services and integrating all these capabilities into our existing applications as a creative co-pilot. These innovations are developed and deployed in alignment with Adobe's AI ethics principles of accountability, responsibility and transparency. Stay tuned for some exciting announcements slated for next week in conjunction with Adobe Summit. Digital documents are powering productivity at home and at work, whether users are filing a tax form, submitting a sales contract, requesting feedback on a marketing campaign or completing an online bank transaction. Adobe Document Cloud is a leader in digital documents, redefining how people view, edit, share, scan and sign documents across desktop, Web and mobile. In Q1, Document Cloud had record revenue of $634 million, which represents 16% year-over-year growth and strong net new ARR of $103 million, with ending ARR growing 22% year-over-year in constant currency. Q1 highlights include continued demand for PDF with outstanding growth in documents opened in the Acrobat Chrome extension and a new integration that will make Acrobat Reader the default PDF viewer in Microsoft Edge for over 1 billion Windows users; significant growth in monthly active users for Acrobat Web driven by search volume for PDF-related verbs and a continually optimized funnel to our Web offering; continued proliferation of Acrobat driven by demand for integrated functionality such as Share for Review for collaboration and Adobe Sign for e-signatures; outstanding increase in API transactions as our ecosystem and business customers continue to customize and integrate document services; strong demand across all routes to market and customer segments globally, from individuals, to SMBs, to large enterprises; key customer wins include Bank of Montreal, HP, JPMorgan Chase, Ministry of Defense of Netherlands, Samsung and Verizon. Given the strong Q1, the demand for our products and our innovation road map, we're pleased to raise our FY '23 Digital Media net new ARR target. I'll now pass it to Anil."
FY23_Q1,2023-03-15,prepared,Anil S. Chakravarthy,mgmt,Adobe Inc.,"Thanks, David. Hello, everyone. During the 2022 holiday season, e-commerce drove a record $211 billion, with 38 days of $3-plus billion in daily spend, according to the Adobe Digital Economy Index. Companies across B2B and B2C need an integrated Customer Experience Management platform that empowers them to anticipate and meet the expectations of their customers. Today, digital is especially critical in enabling companies to drive profitable growth by delivering engaging and efficient customer experiences across the entire funnel, and Adobe is uniquely positioned to power experience-led growth. Experience Cloud offers a comprehensive portfolio of products that span the entire experience life cycle, from marketing planning and workflows, to data insights and activation, to content and commerce and customer journeys. Built natively on Adobe Experience Platform, our Real-Time CDP provides businesses with actionable customer profiles, leveraging data from online and off-line channels to deliver personalized experiences at scale. In Q1, we continued to drive strong growth in our Experience Cloud business, achieving $1.18 billion in revenue. Subscription revenue was $1.04 billion, both representing 14% year-over-year growth. Petco is a great example of a B2C company leveraging Adobe's comprehensive set of products to create and deliver engaging experiences. Petco uses Creative Cloud to create content and Experience Cloud, including Real-Time CDP and Adobe Journey Optimizer, to orchestrate personalized experiences across their pet care ecosystem, including veterinary care, grooming, training and insurance. On the B2B side, Qualcomm is harnessing Experience Cloud to deliver personalized experiences and improve marketing performance as well as Creative Cloud and Document Cloud to accelerate content velocity across its business lines. Additional Q1 highlights include high retention rates and strong demand for services, demonstrating our customers' focus on long-term value realization; strong growth in Adobe Experience Platform and our native applications, inclusive of Real-Time CDP, Adobe Journey Optimizer and Customer Journey Analytics; momentum for Workfront, which is powering workflows to help teams around the globe collaborate and launch campaigns with ease and efficiency; significant wins over single product competitors in analytics, content management and CDP that underscore Adobe's differentiation; leadership in industry analyst reports, including the Forrester Wave for Digital Intelligence Platforms, the Forrester Wave for Cross-Channel Marketing Hubs and Gartner's Magic Quadrant for Digital Experience Platforms; a significant number of transformational deals, including Accenture, Carnival AIDA, Costco, IBM, MetLife, Paramount, Pfizer, S&P Global, TD Bank and Tim Hortons. The Digital Experience business had a strong start to the year. Enterprises are focused on driving revenue growth through digital channels while increasing the productivity of their investments in customer experience and marketing. Experience Cloud is uniquely positioned to help enterprise customers across the world unlock profitable growth. Next week, we are excited to host Adobe Summit, the world's largest digital experience conference. It's our first time coming together in person in Las Vegas since 2019, and we'll be joined online by tens of thousands of customers, partners and developers from around the world. In addition to unveiling exciting new technology innovation across Experience Cloud, we will host inspirational C-level executives from several companies at the forefront of the digital economy. I'll now pass it to Dan."
FY23_Q1,2023-03-15,prepared,Daniel J. Durn,mgmt,Adobe Inc.,"Thanks, Anil. Today, I'll start by summarizing Adobe's performance in Q1 fiscal 2023, highlighting growth drivers across our businesses, and I'll finish with financial targets. Q1 was a strong start to the year for Adobe. I know the macroeconomy is on every investor's mind right now, and you can see the resilience and diversification of Adobe's business in our financial results. Businesses today are prioritizing investments in order to maximize returns and impact, both to drive their top line and to deliver operational efficiency. And individuals are looking to create content that enables them to connect and stand out across digital platforms. In this environment, the demand for our products continues to be strong as our solutions are mission-critical to customers in a world where digital content and engagement drive the global economy. Our product differentiation, engine of innovation and data-driven operating model are continuing to drive Adobe's growth. We have a world-class balance sheet, industry-leading margins, a strong cash flow profile and a proven track record. I can't think of a company that's better positioned as we continue to innovate in our core business and create and scale emerging businesses to drive profitable growth. In Q1, Adobe achieved record revenue of $4.66 billion, which represents 9% year-over-year growth or 13% in constant currency. Business and financial highlights included GAAP diluted earnings per share of $2.71 and non-GAAP diluted earnings per share of $3.80, Digital Media revenue of $3.40 billion, net new Digital Media ARR of $410 million, Digital Experience revenue of $1.18 billion, cash flows from operations of $1.69 billion, RPO of $15.21 billion exiting the quarter and repurchasing approximately 5 million shares of our stock during the quarter. In our Digital Media segment, we achieved Q1 revenue of $3.40 billion, which represents 9% year-over-year growth or 14% in constant currency. We exited the quarter with $13.67 billion of Digital Media ARR. We achieved Creative revenue of $2.76 billion, which represents 8% year-over-year growth or 13% in constant currency, and we added $307 million of net new creative ARR in the quarter. Q1 creative growth drivers included new user growth, fueled by customer demand and targeted marketing campaigns, which drove increased web traffic in the quarter; adoption of our Creative Cloud All Apps offerings across customer segments and geographies; students graduating from our Education segment into the creative professional job market; continued strength in upselling our new Acrobat CC offering, which includes integrated sign capabilities; licensing of individual applications, including a strong quarter for our imaging and photography offerings; momentum in high-growth businesses, such as Substance and Stock, where we had a tremendous quarter generating new business, and with Frame, which we are successfully cross-selling into our video customer base; and a fast start to the year selling into our large enterprise accounts. Adobe achieved Document Cloud revenue of $634 million, which represents 13% year-over-year growth or 16% in constant currency. We added $103 million of net new Document Cloud ARR in the quarter. Q1 Document Cloud growth drivers included continued growth of Acrobat Web, demonstrating the success of our product-led growth strategy; strength in conversion and retention rates of our Acrobat mobile customers; demand for Acrobat subscriptions across all customer segments; success generating new customer demand for Acrobat Sign in SMB and the mid-market; and strength in the enterprise, driving seat expansion for our Acrobat business. Turning to our Digital Experience segment. In Q1, we achieved revenue of $1.18 billion and subscription revenue of $1.04 billion, which represents 12% year-over-year growth or 14% in constant currency. Q1 Digital Experience growth drivers included success closing numerous transformational deals with large enterprises that are choosing Adobe to be their end-to-end CXM platform to drive personalization at scale; momentum with our AEP and native applications, with the book of business growing more than 50% year-over-year; strength with our Content and Workfront solutions, as our content supply chain strategy is resonating with customers; renewal rates of our enterprise customers that continue to be strong; and sales execution across multiple geographies. Turning to the income statement and balance sheet. In Q1, we continued with our strategy of making disciplined investments to drive growth while identifying cost-saving opportunities to drive earnings. Adobe's effective tax rate in Q1 was 22% on a GAAP basis and 18.5% on a non-GAAP basis, in line with our expectations. For fiscal 2023, Adobe's management is adopting a fixed long-term projected non-GAAP tax rate to assess and report on operating results, which we believe provides a clear view of Adobe's financial performance. The fixed long-term non-GAAP rate considers our current operating structure, existing tax positions, legislation and available forecast information. This rate is based on a 3-year projection and may be adjusted for changes in the future. RPO exiting the quarter was $15.21 billion, growing 10% year-over-year or 13% when factoring in a 3 percentage point FX headwind. Our ending cash and short-term investment position exiting Q1 was $5.65 billion, and cash flows from operations in the quarter were $1.69 billion. Over the past year, we completed a thorough review of our short-term investments and marketable securities to ensure we are prepared for the current environment and with a bias towards the higher end of the investment-grade spectrum. Adobe does not hold substantial assets or securities at Silicon Valley Bank or any regional bank. In Q1, we entered into a $1.4 billion share repurchase agreement, and we currently have $5.2 billion remaining of our $15 billion authorization granted in December 2020, which goes through the end of fiscal 2024. In light of the strong start to the year and momentum across our business and factoring in the macroeconomic environment, for Q2, we're targeting total Adobe revenue of $4.75 billion to $4.78 billion, Digital Media net new ARR of approximately $420 million, Digital Media segment revenue of $3.45 billion to $3.47 billion, Digital Experience segment revenue of $1.21 billion to $1.23 billion, Digital Experience subscription revenue of $1.06 billion to $1.08 billion, tax rate of approximately 21.5% on a GAAP basis and 18.5% on a non-GAAP basis, GAAP earnings per share of $2.65 to $2.70 and non-GAAP earnings per share of $3.75 to $3.80. As a result of the strong performance in Q1 and trajectory of the business, we are raising our fiscal 2023 net new ARR and EPS targets. For fiscal 2023, we are now targeting Digital Media net new ARR of approximately $1.70 billion, GAAP earnings per share of $10.85 to $11.15 and non-GAAP earnings per share of $15.30 to $15.60. In summary, I'm pleased with our strong top line and bottom line execution in Q1, demonstrating the momentum we've established for the year. Our strong engine of innovation, combined with our operational rigor, are driving profitable growth and position us well to capture the massive growth opportunities at our doorstep. Shantanu, back to you."
FY23_Q1,2023-03-15,prepared,Shantanu Narayen,mgmt,Adobe Inc.,"Thanks, Dan. Adobe's Q1 results underscore our strong momentum and the significant opportunities we have across our businesses. We're thrilled to be back in Las Vegas for Adobe Summit next week. In addition to unveiling several new innovations across Experience Cloud, Creative Cloud and Document Cloud, we will share how we are building on our decades of AI leadership to deliver generative AI technologies that redefine creativity and customer experiences. We look forward to seeing you there. Adobe's employees around the world motivate us to continuously raise the bar and create the future. This quarter, we were named to Glassdoor's Best Places to Work, Bloomberg's Gender-Equality Index for the fifth year in a row; and the CDP A List, which recognizes leadership and environmental impact. Our renowned brand, mission-critical products, and vast base of customers create an unmatched advantage that will fuel our growth. Thank you, and we will now take questions. Operator?"
FY23_Q1,2023-03-15,qa,Operator,operator,,[Operator Instructions] And we'll take our first question from the line of Brad Zelnick with Deutsche Bank.
FY23_Q1,2023-03-15,qa,Brad Alan Zelnick,analyst,"Deutsche Bank AG, Research Division","Congrats on a really strong start to the year. Dan, your guidance explicitly embeds assumptions for the macro environment. Can you share with us what those are and how those assumptions might have changed from a few months ago when you last guided?"
FY23_Q1,2023-03-15,qa,Daniel J. Durn,mgmt,Adobe Inc.,"Yes. Thanks, Brad. There's really no change in our view in the macro environment. I think we're pretty clear, at the time we set our annual guidance, the environment that we're in. We see the environment that others see. I think you can see that the company is performing really well against that backdrop. So we feel good about how we're situated, the way in which we're engaging with customers and its broad diversified performance across that environment. And so we like how we're set up, but there's really no change to the assumptions underlying the macro environment. We see the same environment that others do."
FY23_Q1,2023-03-15,qa,Operator,operator,,And we'll take our next question from the line of Alex Zukin with Wolfe Research.
FY23_Q1,2023-03-15,qa,Aleksandr J. Zukin,analyst,"Wolfe Research, LLC","So maybe just what do you think is the driving force behind -- so many companies are talking about longer sales cycles, difficulty closing business. You had an outstanding quarter, specifically within the Enterprise. So maybe what's driving those macro headwinds for others that you're not seeing, or your resiliency specifically? And then on the topic of metrics, every metric was strong as we looked at revenues, RPO, Digital Media ARR, operating margins. But maybe just can you talk about deferred revenue in the quarter? Anything there that was a headwind? Because it did look like free cash flow was a little bit lighter than what we were expecting."
FY23_Q1,2023-03-15,qa,Shantanu Narayen,mgmt,Adobe Inc.,"I'll take the first, Alex, and then maybe Dan can speak to the second. I mean I think, as Dan said, when we look at the macroeconomic situation, and you can see strong companies actually refer to this across the board, whether it's consumers, whether it's small and medium businesses, whether it's enterprises globally, I think the reality is that digital for them is an imperative. And really for companies that have innovative solutions, it's a tailwind. I think what a lot of companies are focused on is the message that enterprises are certainly sharing, is that if the prior focus was growth at any cost, certainly, they're looking for more profitable growth. And I think if you look at our solutions on the Creative, Document or Enterprise side, we help them. We help them with growth, but we help them with profitable growth and engaging with customers. The second thing I would say is that there's a large TAM here. And so I think our job in this environment is making sure that we have an even larger pipeline that we go address and attract because there may be some difference in the closure rates. But I think if you look at it in aggregate, our job is looking at it and saying how do we differentiate ourselves. I think the one thing also I would say, Alex, is that a lot of the companies that have single product offerings, I think they are probably seeing more headwind because a certain company may not put one part of what they offer as a priority. And I think a lot of the companies are looking at it and saying, ""If we're engaging in digital, we might change our focus from content management to the implementation of the customer data platform,"" or there might be a focus more on campaigns or ensuring that the advertising spend, the attribution associated with it. So I think the team has executed against continuing to try and drive a large opportunity. The other thing I think we feel good about is the fact that both Summit as well as in the U.S. and U.K., we're looking forward to being in person because we can engage more in person with them. So hopefully, that gives you some color of why perhaps the stronger companies are showing more macro strength than other companies."
FY23_Q1,2023-03-15,qa,Daniel J. Durn,mgmt,Adobe Inc.,"And Alex, I'll jump in on the second part of the question. As we think about RPO being up 13% year-over-year on a constant currency basis, you think about the underlying performance of deferred revenue, unbilled backlog, it's a very similar profile across both of those dimensions of the RPO. If you think about cash flow, the one thing I would point to, we all know that there's been a change in the tax regulation around capitalization of R&D expenses. We signaled, at the time we set our annual targets, that we would see a step-up in cash taxes starting this quarter, and that's really what you see profiling through operating cash."
FY23_Q1,2023-03-15,qa,Aleksandr J. Zukin,analyst,"Wolfe Research, LLC",Perfect. Congrats.
FY23_Q1,2023-03-15,qa,Operator,operator,,[Operator Instructions] We'll take our next question from the line of Keith Weiss with Morgan Stanley.
FY23_Q1,2023-03-15,qa,Keith Weiss,analyst,"Morgan Stanley, Research Division","A really nice quarter. I think my question is actually a deep dive into the prior 2 questions. Dan, maybe digging a little bit into sort of what Brad was asking, we are, like from a market perspective and an investor perspective, worrying about these kind of incremental impacts like Silicon Valley Bank and other bank failures. And you're seeing continued like reduction in head count from big shops like Meta on a go-forward basis. So I think the market is getting incrementally worried about the underlying kind of macro impacts. But you guys went the other way. Like in Q1, you're taking up your net new ARR additions for Digital Media. So can you walk us through specifically, is there anything mechanical or sort of tactical, if you will, that gives you guys the confidence that like, even with the heightened kind of volatility that we're seeing out there, that you guys feel comfortable in Q1 taking up that full year guide? And then on the other side of the equation, on the free cash flow, can you just specify for us and you can give us a sense of kind of where those cash taxes are going to go over time just to help us kind of tune in our model?"
FY23_Q1,2023-03-15,qa,Daniel J. Durn,mgmt,Adobe Inc.,"Yes. So let me take them in reverse order. In terms of cash taxes, there's a 5-year amortization period around the capitalization of that R&D. So you'll see a pretty dramatic cash tax step-up initially. But over that 5-year amortization period, it will converge on the reported tax rate. And so that's the general profile, and that's why you see the significant step-up in Q1 just starting that process now. In terms of the environment we're in, clearly, the company is performing well. You see the diversification of our business. That's across geographies, industry sectors, product portfolio. The company is just performing well at a broad base way. On the strength of that performance and the momentum we have, the visibility we have into the full year, we think it's the prudent thing to set expectations with investors in a way that reflects what we see as the opportunity in the company-specific performance. When I take a step back and I think about what is driving that differential performance in this environment, I think our products are mission-critical to our customers. We are on the critical path of them generating revenue. But as the world goes digital and those investments are prioritized, not only do we help companies drive top line growth but we help them with the underlying productivity gains that go with that. It is why customers in this environment are prioritizing around things that we sell to enable their success. It addresses top line performance as well as underlying profitability of our customers. So being on the critical path, being mission-critical to customers, we think this is the type of environment where the power of Adobe and the performance of the company gets to shine."
FY23_Q1,2023-03-15,qa,David Wadhwani,mgmt,Adobe Inc.,"Yes. And I'll just add a little bit specific to Digital Media. The foundation of the growth that we have, we still feel a very significant tailwind even in this market. Shantanu talked about the strength of the enterprise business. Every business needs to be a digital business. Digital content is fueling the global economy. That's true for smaller organizations and individuals as well. If you look at the creator economy, we're seeing more people come in to start to create their own personal online brands. So we saw a very strong digital funnel. As well, we had the highest traffic that we've ever had come to adobe.com. And even in small, medium businesses, the part of their business that they need to invest most in is the digital channel, as Dan was talking about. You look at that diversity, you then layer on the diversity of the growth drivers that we have in the business, whether it's new user acquisition, whether it's upsell of existing users, whether it's retention rates, whether it's new businesses like Substance or Stock or the pricing and packaging opportunities that we have. Every one of those levers has been very productive for us. In terms of primary growth driver, it is and always has been new user acquisition. It is, by far, the biggest contributor. And a lot of the PLG work that we've done over the last year or 1.5 years is contributing to not just top of funnel but also conversion of that top of funnel. In terms of upsell and migration, we've been investing for a decade or more in education, and we have a very efficient channel now where students that graduate effectively upgrade and migrate into full-priced offerings. That drove a very strong Creative Cloud individual all apps quarter for us. Retention, we've been doing a lot of work in retention through PLG, but we've also been driving a lot of utilization of Adobe Express as part of the Creative Cloud business. All of that combined makes for a very strong retention rate. New businesses, we talked about Substance and Frame having outsized growth, and of course, the pricing and packaging work that we've been doing, all along continues to contribute to that, both for CC and Acrobat CC/DC as a whole. So looking ahead, all of these drivers and these levers are intact, and we have lots of opportunities going forward as well."
FY23_Q1,2023-03-15,qa,Shantanu Narayen,mgmt,Adobe Inc.,"And maybe just putting it all together, if you look at it and say that, hey, we did $410 million in Q1. We're targeting $420 million of net new ARR in Q2. The question you would have asked us if we hadn't done this was what are you signaling about the second half of the year. So I think it's a way of showing that the momentum is there in the business."
FY23_Q1,2023-03-15,qa,Operator,operator,,And we'll take our next question from the line of Jake Roberge with William Blair.
FY23_Q1,2023-03-15,qa,Jacob Roberge,analyst,"William Blair & Company L.L.C., Research Division",Congrats on great results. I just want to double click on that pension commentary you called out in several areas of the business during the prepared remarks. Is there anything specific that you're doing differently in this period of macro uncertainty that's driving those results? And have you started to see Express help at all with retention metrics as customers know the tier that they can actually graduate down to?
FY23_Q1,2023-03-15,qa,Shantanu Narayen,mgmt,Adobe Inc.,"Well, for a couple of years right now, we've been really focused on what we've called in the past the data-driven operating model and really being pretty focused on driving the business both with the narrative and the number. And so I think as we continue to, as David mentioned, have different products, he's really focused on how we're acquiring them, how are we engaging them, what's the usage, how do we make sure they're getting value for the product, how do we continuously tell them about what's new. And then I think as David has come in and introduced the notion of product PLG, I think that part has also really started to reflect in making sure that customers know that we're building products and features that are relevant for the pain points that they have. So I would say the underlying business, while they are sort of the digital imperative, I wouldn't underestimate the incredible execution that the team continues to do on that or in DX. I mean how do you look at the solutions we're selling? How do you understand cross-sell? How do you understand upsell? And I think the hours and hours of work that goes in is sometimes not appreciated, but I'm incredibly respectful and appreciative of what the teams have done. So a lot of execution is, I think, the short answer."
FY23_Q1,2023-03-15,qa,Operator,operator,,And we'll take the next question from the line of Brad Sills with Bank of America.
FY23_Q1,2023-03-15,qa,Bradley Hartwell Sills,analyst,"BofA Securities, Research Division","I wanted to ask about that top of funnel activity that you've been generating here with Communicator and the Consumer segment with Creative Cloud Express, the success you're seeing there. Some exciting new announcements coming here, it sounds like on Creative Cloud Express enhancements here. Could we interpret that to mean that perhaps you're pivoting more towards upselling those customers to some of these newer features and offerings that are coming with Creative Cloud Express, away from that top of funnel activity that you've been very successful with thus far?"
FY23_Q1,2023-03-15,qa,David Wadhwani,mgmt,Adobe Inc.,"Yes. As Shantanu talked about, it's a holistic process. First of all, we've, over the last couple of years, spent a lot of time with product-led growth. What that gives us is confidence that when people come to Adobe.com and they get into the products, they're going to have a great onboarding experience. They're more likely to convert, and they're more likely to stay, which then starts to give us more confidence and growth in terms of improving what has already been world-class in terms of lifetime value. As that happens, we've been running more targeted campaigns with things for Photoshop and Acrobat and Illustrator, as an example, that are more targeted to the growth activities and the landing pages in the products themselves. And we've actually been connecting all of our outbound marketing activities with landing pages in the products themselves. So we have been able to really increase our demand efforts and the ROI associated with that to bring more traffic to top of funnel. In addition to that, we have been investing a lot in growth loops. So people are able to now, when using the products, actually share the content out to stakeholders. Those stakeholders are able to look at that content, but also become top-of-funnel opportunity for us. If you look at Acrobat Web, as an example, we've seen a massive increase in terms of Acrobat Web usage driven by things like share for review. So that drives more top of funnel for us. And then third is partnerships. We've been working very closely with Microsoft, as an example. We've announced that Reader, as an example, will be the default PDF viewer in Edge, which now gives us access to over 1 billion users on Windows-based devices. So it's a cacophony of these activities that ultimately results in strong top of funnel. And then, as we talked about, it's really about the hard work and the data to drive personalized experiences at scale, leveraging a lot of Anil's DX business and products to drive users all the way through to conversion."
FY23_Q1,2023-03-15,qa,Operator,operator,,And we'll take our next question from the line of Michael Turrin with Wells Fargo Securities.
FY23_Q1,2023-03-15,qa,Michael James Turrin,analyst,"Wells Fargo Securities, LLC, Research Division","Great. One of the things that stood out is you mentioned wins over single-product competitors and a few key areas on the Digital Experience side. Can we go a bit deeper into that as this environment and some of what's happening on the private company side, maybe presenting opportunities you're now able to take advantage of? I'd just be curious here a bit more on maybe both the DX and DM side, just what's happening there."
FY23_Q1,2023-03-15,qa,Anil S. Chakravarthy,mgmt,Adobe Inc.,"Yes. Let me start on the Digital Experience side. We have a broad and comprehensive portfolio, and it's integrated with the Adobe Experience Platform. So from a customer perspective, they get the best of both worlds. They get those best-in-class applications, whether it's content and commerce, customer journeys or data insights or workflow, marketing workflow, and they get the benefit of integration with the Adobe Experience Platform and the native apps that we've built there. So that's a powerful combination. It helps to really address what Shantanu was talking about, which is how do you keep growing through your digital channels and you get the revenue growth but you also get the benefit of getting efficiency through consolidation. And that's where we believe we really shine as customers are looking at their overall stack. Similar to what they have done in other aspects of their IT enterprise architecture, they're looking at who is my go-to platform that I can really standardize on and I'll build around, and so we are getting the benefit of that choice."
FY23_Q1,2023-03-15,qa,David Wadhwani,mgmt,Adobe Inc.,"And on the DME side, we look at just all the energy in the market around single-product players, whether it's a mobile app, whether it's a Web app or whether it's this excitement, incredible excitement, that we have as well around generative AI, really as focused on driving top of funnel because it's driving a lot of awareness of creativity and the things that people want to do. And ultimately, as they leverage those apps, as they see themselves as more accretive, they inevitably end up at our doorstep going forward."
FY23_Q1,2023-03-15,qa,Operator,operator,,And we'll take our next question from the line of Kash Rangan with Goldman Sachs.
FY23_Q1,2023-03-15,qa,Kasthuri Gopalan Rangan,analyst,"Goldman Sachs Group, Inc., Research Division",I just want to pick up there where I think David talked about the excitement with generative AI; anybody that wants to jump in. What does this mean for Adobe? Is this just somewhat substitutive for all the opportunity that you have? Or is it somewhat incremental or massively incremental? And how does Adobe monetize generative AI? Is this something that you can create a separate SKU or charge more? I'm curious to get your thoughts quantitatively and qualitatively.
FY23_Q1,2023-03-15,qa,David Wadhwani,mgmt,Adobe Inc.,"Yes, Kash, I think there was about 3 or 4 questions but all related, so happy to take those really quickly. Nicely played. First of all, this is really about increasing the total number of users, we believe, very strongly. As we talked about at MAX, this is about enhancing human creativity, not replacing it. And ultimately, whether you're an individual solo-printer SMB or enterprise, we're hearing the same thing, which is that you need to create more content than you're able to create today. And so this really plays well into our core strength. As you know, we've got a decades-long focus on AI, things like neural filters and object selection. And hundreds of other features have been based on AI for us. And they've increased creativity, and they've increased productivity, and they've helped people keep up with the demand for content. They've also made it easier for people to onboard into the experiences. And so we've been able to broaden the opportunity for people to start leveraging and using our core products. We've now been able to leverage the hundreds of people that are in our research organization and really target them towards generative technology, which we believe is a huge step forward, leveraging all the work we've done, but a huge step forward going forward. And we and everyone else in the industry are still in the early innings. So to give you a sense of where we're going, at MAX, we talked about our vision for effectively not just creating content but really engaging and embedding it in the existing workflows to create a creative copilot, we refer to it as. And since then, we've been very hard at work at creating our own model. And the model that we're focused on is around output quality. So it's about best-of-breed generative AI, but combining that with the Adobe Magic that we've talked about over the years and all of the technology we have that takes images and makes them better. And so the output quality, we think, is going to be differentiated. The second thing is around commercial reuse. There's a lot of complex questions here around copyrights, around diversity and inclusion, about harmful content that's being created. That's something we take very seriously, and we're embedding that into everything we do. And the third thing is really about workflow integration. Creating an image is just the start. It's not the end. And Adobe is the only player that has a full end-to-end workflow, not just within the products and the tools that we have in the digital media business but also everything that Anil is doing around the content workflow and the content supply chain out to the point of distribution. And in fact, because of this, we're seeing other gen-tech companies wanting to partner with us more and more. And so we feel like we're in a really advantaged position where we're going to come out with our own model and we're going to be partnering with others to make sure that, because of our distribution and the place we play in the market, we can bring a lot of this value to actual fruition. And stay tuned. Next week at Summit, we have a lot of exciting announcements and progress to make there. And then last to your, I think, fourth or fifth question, monetization. We're very excited about what this means for the business. New user onboarding, we think that, again, if you can start to imagine yourself as creative by using a text prompt, we can take you through that full journey and onboard you into other Adobe offerings. It's also great for retention. We've always seen the more value that gets used in our core offerings, the better the retention rates and the better the LTV. And we think there's upsell opportunity. We do think these are distinct new packages that we can bring to market and upsell people to."
FY23_Q1,2023-03-15,qa,Operator,operator,,And we'll take our next question from the line of Jay Vleeschhouwer with Griffin Securities.
FY23_Q1,2023-03-15,qa,Jay Vleeschhouwer,analyst,"Griffin Securities, Inc., Research Division","David, for you first, when we spoke at MAX on the subject of monetization, you alluded to Adobe's plans for new pricing and packaging, and you alluded to that this evening. But there was a third ingredient that you also alluded to at the time, which was segmentation, which sounded to me like something that you have success with back in the pre-CC days. And so is this something that you could talk about in terms of your returning to the segmentation techniques of the past that work rather well for the company? And then for Anil, it's interesting to hear the reference to your competition with single-product companies. That's not a new phenomenon, of course. You've had multi-solution DX portfolio for some time. So would you say, therefore, that the wins or magnitude of the wins against single-product competitors is more pronounced now, it's a larger part of the DX business? And would you say that the investments that you've evidently been making over the last year in consulting capacity has been a critical enabling ingredient for the growth you're now seeing in DX?"
FY23_Q1,2023-03-15,qa,David Wadhwani,mgmt,Adobe Inc.,"Yes. So starting with the DME side, Jay, for broad understanding, what we talked about at Adobe MAX was this recognition that since we introduced Creative Cloud 10 or 11 years ago, we have now a much more comprehensive set of capabilities all the way from a freemium model with Adobe Express, all the way to our high-end creative cloud offerings, but also additional capabilities and packages beyond that like Substance and like Frame and like Stock that allow people to go beyond what they can do with the core creative products. The second thing in addition to that expansion that's happened is that, as we've been driving more with DDOM and more with product-led growth, we are starting to automatically segment customers not necessarily today in terms of what they buy but how they experience the products that they're using already. And so what that leads to is an opportunity. And then going back to all the levers that we have for ongoing growth, there's the opportunity to start segmenting them earlier in the purchase flow into offers and offers that meet their needs and optimize the value to the price in a way that benefits our customers and, of course, also benefits Adobe. So you can expect to see us continuing to play with everything from how we get new users, how we upsell users, how we retain them, new businesses we bring in, but also pricing and packaging to your point."
FY23_Q1,2023-03-15,qa,Shantanu Narayen,mgmt,Adobe Inc.,"And just to punctuate that maybe a little bit, Jay, I mean the reality is that we actually have different pricing for different devices today, which is completely different. We have web-based pricing for people who come and experience this as a result of a Web search that they've made more successfully through Acrobat Web, for example. And so if the question is when we had things like design collection or Web collection or video collection, I mean the reality is that CC All Apps, which actually had a really good quarter, is perceived by people to be the new sort of table stakes for what is happening in Creative, and we think that that's a great offering. And as David said, I mean whether it's Stock or whether it is Substance and our 3D offerings, what we are doing there, those are really perceived to be the differential offerings that are personalized and, for a Photoshop customer, how do we get them to use one of these other offerings. So I think we've done a really good job on that particular front."
FY23_Q1,2023-03-15,qa,Anil S. Chakravarthy,mgmt,Adobe Inc.,"Yes. From the DX perspective, we obviously started investing in AEP 5 years ago. Now we have lots of examples of customers who are using some of the capabilities like unified profile or the Real-Time CDP and the real-time performance at scale in production. So from a customer's perspective, if they think about a single product, they actually know what an integrated product looks like, and they realize that that's what they would have to build together, build on their own. So I think that's making the choice of going with a product from Adobe, which is already integrated with also best-in-class application, versus a single product where they would have to put it together. I think that's making the contrast more stark."
FY23_Q1,2023-03-15,qa,Shantanu Narayen,mgmt,Adobe Inc.,"And there's more scrutiny. Wouldn't you say, Anil? So I think part of what's happening is, as the IT or the Chief Marketing Officer, the Chief Digital Officer is thinking about this holistically, there's more scrutiny around who is the company that can provide us the more comprehensive solutions. So you have seen, Jay, a certain difference in how customers are viewing that, which again plays to our strengths."
FY23_Q1,2023-03-15,qa,Operator,operator,,And we'll take our next question from the line of Saket Kalia with Barclays.
FY23_Q1,2023-03-15,qa,Saket Kalia,analyst,"Barclays Bank PLC, Research Division","Okay. Great. Well done in the quarter. I'd love to dig into Figma a little bit, understanding very well that it's still in process. And so David, maybe for you. I know you and the team see the opportunities with products like FigJam in really complementing Creative Cloud. I was wondering if you've seen other opportunities for some of that complementary sort of opportunity as you spend more time with the business. And then, Dan, maybe just a quick housekeeping question. Can you just remind us sort of what the revenue overlap looks like with Figma? I believe it's the Adobe XD product specifically where there's overlap, but maybe you could just remind us sort of what that revenue overlap looks like."
FY23_Q1,2023-03-15,qa,Shantanu Narayen,mgmt,Adobe Inc.,"Yes, Saket, maybe I'll first jump in. I mean I think, just let's remember before they answer, these are 2 separate companies, and so we are operating at arm's length in terms of what they are doing. I think we've shared upfront that the XD revenue is de minimis. And so that's the part that I wanted to get across, and then David can certainly speak to some of the strategic rationale and ideas for what we can do."
FY23_Q1,2023-03-15,qa,David Wadhwani,mgmt,Adobe Inc.,"Yes. So I think there's a ton of opportunity in terms of how we look at the Figma business and figure out Figma opportunity. First of all, as we've discussed, we believe that we can just fundamentally accelerate what they're doing today in product design. We have a global footprint. We are working with a lot of our enterprise customers across the globe. And the feedback that we're getting from these enterprise customers is a lot of excitement about the kind of things we can do by bringing these 2 companies together, to just accelerate, make them more productive in terms of what they want to accomplish and just accelerate everything that they're doing. The second thing is around taking workflows between Photoshop and Illustrator and Figma and really just operationalizing them in a way that we can bring real-time collaboration capabilities based on the Figma platform to the core disciplines like illustration and video editing and photography and 3D design and more. And the third is really around the evolution with FigJam, bringing that into the core for productivity use cases. So taking FigJam and integrating it more deeply with things like Acrobat and starting to just recognize that creativity is starting to be the foundation of how new productivity applications need to present themselves. And that whole motion of enabling productivity workers, to express themselves creatively, is where the market is going with the rise of the creator economy. And so we just see a ton of opportunities to integrate the products. We are limited in what we can talk to them about in the moment. But what I can say is everyone, from Adobe employees to Figma employees, to our customers, can't wait for this to close so we can actually get moving on all this."
FY23_Q1,2023-03-15,qa,Jonathan Vaas,mgmt,Adobe Inc.,"Operator, we're just about at the top of the hour. We'll take one more question, please."
FY23_Q1,2023-03-15,qa,Operator,operator,,We'll take our next question from the line of Brent Thill with Jefferies.
FY23_Q1,2023-03-15,qa,Brent John Thill,analyst,"Jefferies LLC, Research Division","Shantanu, on the DX business, I'm just curious if you could just give us an overview of what you're seeing there. Are you still seeing the big deals? Are you seeing a higher number of smaller transactions? And then can you just talk through the pipeline, just general kind of set up what you're seeing in terms of the overall DX business and in how customers are behaving?"
FY23_Q1,2023-03-15,qa,Shantanu Narayen,mgmt,Adobe Inc.,"Happy to, Brent, and I hope we get to see you next week at Summit because then you'll also get to meet a whole bunch of customers. And Anil, certainly feel free to add. I mean I think we saw some really good transformational deals. I think both Dan and Anil referred to that. And so companies that are looking at Adobe to help them with their entire end-to-end customer experience management, good strength there, Brent. I mean those tend to be ones that we have worked with for many years and some that are really looking at it as strategic. So I would say that segment, the pipeline associated with people who are looking for a comprehensive and integrated CXM solution, is pretty large. I think as it relates to what we call the solution-led segment as well, which is people who may have our analytic solutions and want content solutions or those who have both of those and want Journey Optimizer or Customer Journey Analytics or certainly the commerce solutions, that's another part of the business where we are making sure that we can upsell. I know Anil, typically at every FA meeting, gives you stats and metrics on how we're making progress. So that is one. Given we have the customer relationship and we have the customer engagement, and we have customer success managers, I think, continuing to penetrate a customer account, that's where also we see pipeline. And that's a pipeline that's driven, frankly, by us. I think in terms of the geographies, we continue to see strength in North America. I think when you think about EMEA, that remains an area of strength. There are some areas in Asia, some countries in Asia. So our job there, really, Brent, has been how do you drive a large pipeline, understanding that there's going to be different companies that look at this differently in specific quarter. But we are focused on the addressable market. Anil, I don't know if you have other stuff to add."
FY23_Q1,2023-03-15,qa,Anil S. Chakravarthy,mgmt,Adobe Inc.,"I think the only thing I would say is I think the themes that we're going to sit on at Summit, personalization at scale, content supply chain, even for customers who are starting with a single product, they like the vision because they know that, that is what is key to driving the digital growth and driving profitable growth. So even if they're starting with one and focusing on value realization, they have their eye on a longer-term road map, and that benefits our relationship with them."
FY23_Q1,2023-03-15,qa,Shantanu Narayen,mgmt,Adobe Inc.,"And Brent, the other thing I'll say, given this is the last question is, I think at Summit, you'll see some of the themes. I mean, certainly, content has been a theme for us for a long time. Data has been a theme for us for a long time. The focus on customer platform and CDP has been a big one. I think how this spreads its tentacles into the product and PLG, as David has said, so I think we have some exciting things that we'll talk about in that particular space in AI and how AI can help. So we're not just resting on what we have today as an integrated offering. Really, the innovative product road map across each one of our businesses, what David's been doing in creative, what's happening in documents on the Web and mobile devices and what Anil's going to show, I think that's also what gives us a lot of confidence that we're anticipating and solving customer problems. And so it was a strong start to Q1. And based on the product innovation, we really continue to be excited about the opportunity that we have at Adobe, and we look forward to seeing all of you at Summit."
FY23_Q1,2023-03-15,qa,Jonathan Vaas,mgmt,Adobe Inc.,"Thanks, everyone, for joining the call. Like Shantanu said, we hope to see many of you next Tuesday at Summit. I look forward to talking to many of you soon, and this concludes the call."
FY23_Q1,2023-03-15,qa,Operator,operator,,"Thank you. This does conclude today's meeting. Thank you for your attendance, and you may now disconnect."
FY23_Q2,2023-06-15,prepared,Operator,operator,,"Good day, and welcome to the Q2 FY '23 Adobe Earnings Conference Call. Today's conference is being recorded. At this time, I'd like to turn the conference over to Jonathan Vaas, Vice President of Investor Relations. Please go ahead."
FY23_Q2,2023-06-15,prepared,Jonathan Vaas,mgmt,Adobe Inc.,"Good afternoon, and thank you for joining us. With me on the call today are Shantanu Narayen, Adobe's Chair and CEO; David Wadhwani, President of Digital Media; Anil Chakravarthy, President of Digital Experience; and Dan Durn, Executive Vice President and CFO. On this call, which is being recorded, we will discuss Adobe's second quarter fiscal year 2023 financial results. You can find our press release as well as PDFs of our prepared remarks and financial results on Adobe's Investor Relations website. The information discussed on this call, including our financial targets and product plans, is as of today, June 15, and contains forward-looking statements that involve risk, uncertainty and assumptions. Actual results may differ materially from those set forth in these statements. For a discussion of these risks, you should review the factors discussed in today's press release and in Adobe's SEC filings. On this call, we will discuss GAAP and non-GAAP financial measures. Our reported results include GAAP growth rates as well as constant currency rates. During this presentation, Adobe's executives will refer to constant currency growth rates unless otherwise stated. Reconciliations are available in our earnings release and on Adobe's Investor Relations website. I will now turn the call over to Shantanu."
FY23_Q2,2023-06-15,prepared,Shantanu Narayen,mgmt,Adobe Inc.,"Thanks, Jonathan. Good afternoon, and thank you for joining us. Adobe had an outstanding quarter, achieving record revenue of $4.82 billion, representing 13% year-over-year growth. GAAP earnings per share for the quarter was $2.82, and non-GAAP earnings per share was $3.91. Our results demonstrate strong demand across Creative Cloud, Document Cloud and Experience Cloud with particular strength in Digital Media ARR. Adobe's mission to change the world through personalized digital experiences is more critical than ever as digital continues to rapidly transform work, life and play. Our groundbreaking innovations, including the new Adobe Express; the launch of Firefly, our family of creative generative AI models; co-pilot functionality in our creative applications, including Photoshop and Illustrator; AI-powered advancements in Acrobat; a new product analytics solution; and the latest capabilities in Real-Time CDP are empowering an ever-expanding customer base to imagine, create and deliver standout content and experiences. We're executing against our strategy to unleash creativity for all, accelerate document productivity and power digital businesses. Every disruptive technology has presented exciting opportunities for Adobe to innovate and increase our addressable market opportunity. This has been true for cloud computing, mobile and AI. We have delivered hundreds of AI innovations through Adobe Sensei such as Neural Filters in Photoshop, Liquid Mode in Acrobat and Customer AI in Adobe Experience Platform. Our ongoing R&D investments have enabled a rapid development and deployment of Firefly, our generative AI technology. We believe generative AI will drive both further accessibility and adoption of our products. Our generative AI strategy focuses on data, models and interfaces. Our rich data sets across creativity, documents and customer experiences enable us to train models on the highest quality assets. We will build foundation models in the categories where we have deep domain expertise, including imaging, vector, video, documents and marketing. We are bringing generative AI to life as a copilot across our incredible array of interfaces to deliver magic and productivity gains for a broader set of customers. Since its launch in March, Firefly has captured the imagination of the world with over 0.5 billion generations, and we're just getting started. Our Digital Experience business is powering personalized customer engagement for companies around the world, enabling them to drive experience-led growth. We're delivering an innovative product road map and integrating Sensei GenAI services across Experience Cloud. Last week, we hosted a successful EMEA Summit with tremendous excitement from thousands of customers and partners reinforcing that digital is a critical imperative across industries. Adobe's category leadership and mission-critical products will continue to drive our growth. For FY '23, we now expect Creative Cloud and Document Cloud to end the year ahead of our previously issued revenue and ARR targets and Digital Experience to be slightly below our previous annual target given the current enterprise spend environment. As a result of our groundbreaking innovation and continued execution, we are pleased to raise total Adobe annual revenue and EPS targets. David, over to you."
FY23_Q2,2023-06-15,prepared,David Wadhwani,mgmt,Adobe Inc.,"Thanks, Shantanu, and hello, everyone. Adobe has long had a mission to unleash creativity for all; and today, this is more possible than ever through the power of AI. The introduction of the new Adobe Express and Firefly will go down as a seminal moment in our creative history. These innovative products and our generative AI copilot in our flagship applications will extend our leadership in core creative categories such as imaging, design, video, illustration, animation and 3D as well as attract an increasingly expansive global audience. In Q2, we achieved net new creative ARR of $354 million and revenue of $2.85 billion, which grew 14% year-over-year. We could not be more excited about our generative AI road map that will make Adobe products more accessible to an even larger universe of people while dramatically enhancing productivity for existing customers. Firefly is attracting tremendous customer interest and is highly differentiated in the market. It is being directly integrated into our product workflows as a copilot to accelerate ideation, exploration and the end-to-end production process. Business and innovation highlights include the beta release of Firefly, Adobe's pioneering family of creative generative AI models and adobe.com/firefly, a destination that allows users to generate and refine content. Firefly's first model is trained on Adobe Stock images and other openly licensed content designed to generate commercially viable, professional quality content. Firefly-powered capabilities seamlessly integrated into Photoshop are catalyzing a new era of creative power and precision. The viral response to Photoshop's new Generative Fill copilot has been extraordinary across social media platforms. Users have now generated over 0.5 billion assets on the Firefly website and in Photoshop, making these 2 of our most successful beta releases in company history. Building on this innovation, earlier this week, we announced Generative Recolor in Illustrator, which will similarly serve as a generative AI copilot to millions of designers to iterate and transform vector art. We also released an all-new Adobe Express with Firefly generative AI capabilities that revolutionizes how everyone, from students to small business owners to marketers and large organizations, creates and shares standout content. Adobe Express brings the magic of our technology from Photoshop, Illustrator, Premiere and Acrobat to combine power and precision with speed and ease. The response to the public beta, in particular, the groundbreaking video editing capabilities, has been overwhelmingly positive. The Enterprise version of Adobe Express and Firefly will empower every employee in an organization to participate in the creation of content, campaigns and websites in conjunction with Experience Cloud. New AI-powered text-based editing and automatic tone mapping in Premiere Pro makes video editors more productive. An expanded Frame.io platform that now supports collaboration across PDFs and images, in addition to video, increases the value of Adobe's cross-cloud content supply chain solution. A major Lightroom mobile update that instantly allows you to access photos from Apple iCloud and the Android Gallery empowers our growing base of mobile-first and mobile-only users. Continued momentum with our ecosystem of strategic partners drives awareness of our products and top-of-funnel for Adobe. Google announced that Adobe Firefly will be a premier generative AI partner for Bard, powering text-to-image capabilities. NVIDIA and Adobe announced that we will collaborate on generative AI optimizations across hardware and software. Apple highlighted how Lightroom will empower users to edit photos on the Vision Pro VR headset at WWDC. Momentum across routes to market and customer segments, including key enterprise customer wins, EY, government of the Philippines, NVIDIA, Omnicom, TAFE New South Wales and WPP. Our generative AI offerings represent additional customer value as well as multiple new monetization opportunities. First, Firefly will be available both as a stand-alone freemium offering for consumers as well as an enterprise offering announced last week. Second, copilot generative AI functionality within our flagship applications will drive higher ARPUs and retention. Third, subscription credit packs will be made available for customers who need to generate greater amounts of content. Fourth, we will offer developer communities access to Firefly APIs and allow enterprises the ability to create exclusive custom models with their proprietary content. And finally, the industry partnerships as well as Firefly represent exciting new top-of-funnel acquisition opportunities for Express, Creative Cloud and Document Cloud. Our priority for now is to get Firefly broadly adopted, and we will introduce specific pricing later this year. Now turning to the Document Cloud business. PDF has become the de facto standard for the world's unstructured data, and businesses of all sizes are turning to Adobe to help streamline and automate document-based workflows. Adobe Document Cloud offers a comprehensive set of ubiquitous products to accelerate document productivity across every device by seamlessly integrating PDF services into Acrobat. In Q2, we achieved Document Cloud revenue of $659 million, growing 14% year-over-year. We added $116 million of net new Document Cloud ARR with ending ARR growing 22% year-over-year. Business and innovation highlights include: significant growth in Acrobat web monthly active users, driven by searches for Acrobat verbs and further accelerated by an explosion of PDF consumption through our Chrome and Edge extensions; viral adoption of PDF collaboration services, which are both increasing active use among existing users and creating a growth loop to bring new users into the Acrobat ecosystem; mobile momentum across both App Store downloads as well as documents consumed in Liquid Mode; new workflows between Acrobat and Express allow users to integrate documents seamlessly into their creative process. Express now has full fidelity PDF import and editing, which allows users to make documents visually stunning; momentum across routes to market and customer segments, including key enterprise customer wins, Boston Consulting Group, Cushman & Wakefield, Novartis, T-Mobile and WPP. Today marks the 30th anniversary of Acrobat, a significant milestone that is both inspiring and humbling. PDF and Acrobat are more relevant today than ever before. We are incredibly proud of how PDF continues to transform the world of digital documents, powering communication and productivity for billions of people every day, and we know that the best is yet to come. The pending acquisition of Figma will further expand our addressable market, and we have been delighted to hear from customers, partners and industry analysts who are excited about the benefits that the combination will unlock. We continue to engage in conversations with the Competition and Markets Authority in the U.K., the European Commission and the U.S. Department of Justice as they conduct their regulatory reviews. And given the merits of the case, we believe the transaction should close by the end of 2023. Adobe's Digital Media business is on a roll. We're rapidly delivering groundbreaking innovations across Creative Cloud and Document Cloud. Our increasing breadth of offerings is reaching a broader universe of customers, and our incredible go-to-market strength and proven data-driven operating model are propelling the growth of both our emerging and established businesses. Given the momentum, we are raising our net new Digital Media ARR and revenue targets for fiscal '23. I'll now pass it to Anil."
FY23_Q2,2023-06-15,prepared,Anil S. Chakravarthy,mgmt,Adobe Inc.,"Thanks, David. Hello, everyone. In Q2, we continued to drive strong growth in our Experience Cloud business, achieving $1.22 billion in revenue. Subscription revenue was $1.07 billion, representing 14% year-over-year growth. Customer interest in the digital experience category remains high. Last week, we were excited to spend time with thousands of customers and partners at EMEA Summit. Businesses of all sizes and industries around the world are increasingly relying on digital channels to engage customers and deliver experience-led growth, and they are turning to Adobe as their trusted partner on that journey. Adobe Experience Cloud offers the most comprehensive set of solutions for content and commerce, data insights and audiences, customer journeys and marketing workflows. Built natively on Adobe Experience Platform, our real-time customer data platform provides businesses with a single view of their customers' data across every channel. Real-time CDP now delivers over 600 billion predictive insights each year, and customers are creating over 30 trillion audience segments every day. Experience Cloud is now used by 87% of Fortune 100 companies. For example, Prudential Financial uses our cross-cloud offerings to power its end-to-end customer experience management workflows, from creating high-impact content with Creative Cloud and Express to delivering personalized customer experiences at scale with Adobe Experience Platform. In addition, Prada is using real-time CDP and Journey Optimizer to connect digital and in-store customer experiences in real time while reimagining shopping experiences using Substance 3D. Our vision for Experience Cloud is to deliver personalized experiences at scale, and the power of generative AI accelerates our ability to do that. We are delivering Sensei GenAI innovations to reimagine the work marketers do and how they do it. With Sensei GenAI as their copilot, marketers can generate audiences with high precision and design tailored customer journeys for these audiences. They can activate personalized campaigns for their audiences with on-brand visual content created with Adobe Express and Firefly and compelling offers generated by Experience Cloud applications leveraging real-time customer profiles in AEP. Conversational natural language interfaces powered by Sensei GenAI will make it significantly easier for any marketer to derive insights from customer journey analytics and apply these insights in real time to optimize their campaigns. These are just a few of the transformational innovations that Sensei GenAI is bringing to Experience Cloud. Business and innovation highlights include: strong demand for Adobe Experience platform and native applications with our book of business now exceeding $500 million. This quarter, we unveiled new capabilities in real-time CDP that will enable brands to scale first-party data with look-alike audiences, significantly accelerating the delivery of personalized experiences. Real-Time CDP is used by global brands across industries, including DICK'S Sporting Goods, General Motors, Henkel, Major League Baseball, ServiceNow and TSB Bank; the launch of Adobe Product Analytics, which combines customer journey insights with product analytics to drive a new level of product-led growth; a comprehensive content supply chain solution that connects content creation and delivery across Experience Cloud and Creative Cloud to help enterprises effectively manage their content demands. We're working with partners, including Accenture, IBM, Omnicom and Publicis, to scale the delivery of content supply chain to our joint customers; strong demand for Workfront as it rapidly becomes a solution of choice for teams to plan, orchestrate and launch personalized campaigns at scale; global availability of Adobe Mix Modeler to provide marketers with an AI-powered, self-service solution to accurately measure campaigns across paid, owned and earned channels; new AI innovations in Adobe Experience Manager that provide real-time content performance data and predictions on which content will perform best by audience segment; leadership in industry analyst reports, including the IDC Marketscape for Retail Commerce Platforms and a positive rating in Gartner's annual assessment of Adobe's enterprise strategy; key customer wins, including DSV, ICICI Bank, JPMorgan, Kroger, Omnicom, Royal Canin, ServiceNow, T-Mobile and Volkswagen. While overall demand is strong and win rates remain healthy, as we enter the second half, we are seeing some projects being pushed out in the current enterprise spend environment, which we have reflected in our updated annual targets. In a world where digital has become the predominant channel to reach and engage customers, Adobe is uniquely positioned to keep winning with innovative products that power end-to-end customer experiences and enable enterprises to simultaneously drive growth and profitability. I'll now pass it to Dan."
FY23_Q2,2023-06-15,prepared,Daniel J. Durn,mgmt,Adobe Inc.,"Thanks, Anil. Today, I'll start by summarizing Adobe's performance in Q2 fiscal 2023, highlighting growth drivers across our businesses, and I'll finish with financial targets. Adobe's Q2 results demonstrate strong demand across a diverse portfolio of products, from individuals buying through digital channels to the world's largest enterprises. While we grow existing businesses and deliver world-class profitability, Adobe continues to incubate and invest in groundbreaking new technologies that will change how people work and democratize access to our tools. I couldn't be prouder of how Adobe has navigated the current environment and position the company to win. In Q2, Adobe achieved record revenue of $4.82 billion, which represents 10% year-over-year growth or 13% in constant currency. Business and financial highlights included: GAAP diluted earnings per share of $2.82 and non-GAAP diluted earnings per share of $3.91; Digital Media revenue of $3.51 billion; net new Digital Media ARR of $470 million; Digital Experience revenue of $1.22 billion; cash flows from operations of $2.14 billion; RPO of $15.22 billion exiting the quarter; and repurchasing approximately 2.7 million shares of our stock during the quarter. In our Digital Media segment, we achieved Q2 revenue of $3.51 billion, which represents 10% year-over-year growth or 14% in constant currency. We exited the quarter with $14.14 billion of Digital Media ARR, growing 15% year-over-year in constant currency. We achieved Creative revenue of $2.85 billion, which represents 9% year-over-year growth or 14% in constant currency. We added $354 million of net new creative ARR in Q2, with strong digital demand for our offerings throughout the quarter. Second quarter creative growth drivers included: new user growth across geographies, customer segments and creative offerings driven by targeted campaigns and promotions and utilizing insights from our data-driven operating model; strong traffic and conversion on adobe.com; single app subscriptions, including a strong quarter for imaging driven by Everyone Can Photoshop campaign; strong growth in photography driven by accelerated demand for Lightroom mobile; another strong quarter for Adobe Stock and other emerging businesses with exiting ARR for both Frame.io and Substance growing greater than 50% year-over-year in constant currency; continued success rolling out our new Acrobat CC offering integrated with Sign capabilities; and success in the enterprise as our Creative and collaboration solutions continue to see strong adoption. Adobe achieved Document Cloud revenue of $659 million, which represents 11% year-over-year growth or 14% in constant currency. We added $116 million of net new Document Cloud ARR in the quarter, crossing the $2.5 billion milestone with exiting ARR growing 22% year-over-year in constant currency. Second quarter Document Cloud growth drivers included: strong subscription demand for Acrobat with integrated Sign capabilities across customer segments and geographies, driven by targeted offers, DDOM insights and our Acrobat's Got It campaign; success monetizing new customers through the Acrobat web funnel with monthly active users growing greater than 50% year-over-year as our product-led growth strategy continues to perform well; strength in Acrobat mobile downloads, conversion and engagement with Liquid Mode usage up over 40% year-over-year; and strength in the enterprise driven by seat expansion. This quarter, perpetual sales accounted for less than 5% of Document Cloud revenue. Turning to our Digital Experience segment. In Q2, we achieved revenue of $1.22 billion, which represents 12% year-over-year growth or 14% in constant currency. Q2 subscription revenue was $1.07 billion, which represents 11% year-over-year growth or 14% in constant currency. Second quarter digital experience growth drivers included: strong demand for our Adobe Experience Platform and native applications, including Real-Time CDP, Customer Journey Analytics and Adobe Journey Optimizer. In Q2, subscription revenue for AEP and Apps grew more than 60% year-over-year; strength in Content and Commerce with AEM as a cloud service seeing significant book of business growth in Q2; customer interest in our content supply chain solution. The value proposition of seamlessly connecting content creation workflows to customer experience management is resonating with enterprises and is driving accelerated growth for Workfront and our Content solutions; continued value realization from our solutions leading to strong retention across our customer segments; and momentum selling transformational deals to large enterprises adopting our platform and end-to-end suite of applications, including T-Mobile and Omnicom. Adobe's effective tax rate in Q2 was 21.5% on a GAAP basis and 18.5% on a non-GAAP basis, in line with our expectations. RPO exiting the quarter was $15.22 billion, growing 10% year-over-year or 13% when adjusting for a 3% FX headwind. Our ending cash and short-term investment position exiting Q2 was $6.60 billion, and cash flows from operations in the quarter were $2.14 billion. In Q2, we entered into a $1 billion share repurchase agreement, and we currently have $4.15 billion remaining on our $15 billion authorization that was granted in December 2020 and goes through the end of fiscal 2024. In light of the momentum across our business and factoring in current macroeconomic conditions and summer seasonality, for Q3, we're targeting: total Adobe revenue of $4.83 billion to $4.87 billion; Digital Media net new ARR of approximately $410 million; Digital Media segment revenue of $3.55 billion to $3.57 billion; Digital Experience segment revenue of $1.21 billion to $1.23 billion; Digital Experience subscription revenue of $1.08 billion to $1.10 billion; tax rate of approximately 21.5% on a GAAP basis and 18.5% on a non-GAAP basis; GAAP earnings per share of $2.82 to $2.88; and non-GAAP earnings per share of $3.95 to $4. Given the company's performance in the first half of the year and our relentless focus on driving disciplined profitable growth, we're raising our annual fiscal 2023 targets for EPS and net new Digital Media ARR. We are also raising our total Adobe revenue target for fiscal 2023 with Digital Media ahead of our previously issued targets and Digital Experience slightly lower. For fiscal 2023, we're now targeting: total Adobe revenue of $19.25 billion to $19.35 billion; Digital Media net new ARR of approximately $1.75 billion; Digital Media segment revenue of $14.10 billion to $14.15 billion; Digital Experience segment revenue of $4.85 billion to $4.90 billion; Digital Experience subscription revenue of $4.30 billion to $4.35 billion; tax rate of approximately 21.5% on a GAAP basis and 18.5% on a non-GAAP basis; GAAP earnings per share of $11.15 to $11.25; and non-GAAP earnings per share of $15.65 to $15.75. In Q4, we expect to see year-end strength in customer demand for Digital Experience and Digital Media solutions. Our updated targets for fiscal 2023 demonstrates solid operating margin expansion in the second half as compared to the second half of fiscal 2022. In summary, I'm extremely pleased with Adobe's performance in the first half of the year. Few companies are capable of delivering strong top and bottom line growth in a challenging environment, while at the same time, delivering game-changing innovations that will drive the next decade of growth. These innovations are generating strong customer demand for our products, shaping fiscal 2023 to be another wonderful year for Adobe. Shantanu, back to you."
FY23_Q2,2023-06-15,prepared,Shantanu Narayen,mgmt,Adobe Inc.,"Thanks, Dan. Our strong Q2 results underscore our momentum and the significant opportunities we have across our business. I'm proud of how our employees around the world continue to raise the bar, create the future and live our purpose. We continue to invest in hiring new college grads and interns to bring the best and brightest talent to Adobe. It's an incredibly exciting time at Adobe. Demand for our category-defining products and services continues to grow. Our innovation engine is delivering Adobe magic for an expanding set of global customers, and our strong execution is enabling us to address a massive market opportunity. 2023 is going to be another phenomenal year for Adobe as we continue to deliver top line growth and margins while investing in fundamental technologies that expand Adobe's success for decades. Thank you. We will now take questions. Operator?"
FY23_Q2,2023-06-15,qa,Operator,operator,,[Operator Instructions] And the first question comes from Michael Turrin with Wells Fargo Securities.
FY23_Q2,2023-06-15,qa,Michael James Turrin,analyst,"Wells Fargo Securities, LLC, Research Division","Nice job on the results. I mean, obviously, I think starting point is with Firefly. We've been fielding a number of questions just on how this alters the size of the market. You had some useful commentary both on monetization and your views on the market. But can you just add some context around early demand signals and how you're expecting this to show up both on the user side of the market and just the overall velocity of content generation?"
FY23_Q2,2023-06-15,qa,David Wadhwani,mgmt,Adobe Inc.,"Sure. Happy to talk about that. We're really excited, if you can't tell on the call, about Firefly and what this represents. The early customer and community response has been absolutely exhilarating for all of us. You heard us talk about over 0.5 billion assets that have already been generated. Generations from Photoshop were 80x higher than we had originally projected going into the beta and obviously, feel really good about both the quality of the content being created and also the ability to scale the product to support that. And we have seen incredible social buzz. The Photoshop community is doing what it always does and is using the product, both Firefly and Photoshop, in ways that we didn't even think of when we were initially building the feature set. So it's great to see all this organic development and buzz coming up. And as we talked about, we're also excited about what this means from a business opportunity perspective. On the retention side, we think the value that we add in the flagship applications are going to be great for existing users. In terms of top of funnel, we think that this helps us reach billions of new users because it makes the act of creating more accessible. With regard to conversion, we are very excited about what this can mean for new user onboarding, both Photoshop and Illustrator and also in Express. It makes the onboarding of new customers especially early success far more achievable for them. It introduces new offers with adobe.com/firefly as a destination that we can monetize and everything that we talked about at Summit last week around what this can be as an enterprise-grade offering. And of course, with all of this, we have an opportunity to sell subscription credit packs for upsell opportunities. So if you net all that out, we see an ARPU opportunity. We see a net number of users opportunity and also because of retention, an LTV opportunity. Now we expect all of this to play out over many years. We're very focused right now on user acquisition. None of this, we expect to impact our Q3 numbers. And we'll start to see some of it in Q4, but we don't expect it to be material. But as I mentioned, we expect to see it ramp over the next few years. And we'll share more specifics of this in the months ahead."
FY23_Q2,2023-06-15,qa,Michael James Turrin,analyst,"Wells Fargo Securities, LLC, Research Division",Clearly lots to be excited about there.
FY23_Q2,2023-06-15,qa,Operator,operator,,And the next question will come from Saket Kalia with Barclays.
FY23_Q2,2023-06-15,qa,Saket Kalia,analyst,"Barclays Bank PLC, Research Division","Okay. Great. Congrats on a great quarter. David, maybe for you. I want to zero in on that point around Firefly and generating billions of potential users in the years ahead. Obviously, still very early with Firefly but -- as well as Adobe Express. But I'm curious, what are you seeing with Adobe Express and the ability for Firefly to generate some of the demand or pull through some of that demand for Express, both on the consumer side and the enterprise side."
FY23_Q2,2023-06-15,qa,David Wadhwani,mgmt,Adobe Inc.,"Yes. Very excited on both fronts. As you may have seen, we had a beta release of Express last week. And this is a massive update to Express. In fact, it's a brand-new product effectively built from the ground up, and we believe this is the product for everyone to use. The response has been absolutely incredible. Broad-based feedback has been overwhelmingly positive, as you mentioned, because of the integration of Firefly but also how Firefly is able to integrate directly into the user flows and the user journeys for utilization and generation of video content, also for PDF integrations so people are able to bring in and build end-to-end workflows to generate amazing marketing collateral with PDF. We've seen CC users, existing subscribers for CC very excited about the workflows that we've introduced with both Illustrator and Photoshop. Illustrator users are able to take their Illustrator output, bring it into Express, add animation and push it out to social. Photoshop users are taking their corpus of Photoshop templates, and they're making that the foundation for easy editing and sharing for their marketing organizations. And that's really been sort of an incredible vote of confidence from everyone that we've seen using the beta, which has also driven the announcements we had last week, specifically around Express and Firefly packaged together for enterprises. And the interest that we've seen coming out of the announcement in terms of enterprise interest and pipeline generation associated with that has been terrific. And what we're particularly excited about that is it brings our clouds together. So Creative pros are able to create in Photoshop and Illustrator and our other flagship applications. Marketers are able to take that content and edit it more quickly in Express. Both of these are orchestrated through Workfront and Frame.io and they're pushed into AM, so really a core part of our content supply chain. It really feels like an inflection point for Express as well."
FY23_Q2,2023-06-15,qa,Shantanu Narayen,mgmt,Adobe Inc.,"And Saket, maybe if I were to add 2 things to that. First, I think on the consumer side, with the new Express, if you can imagine it, you can do it. And so I think it's really powerful. And within an enterprise, much like Acrobat, we want every enterprise employee to now have a combination of both Acrobat and Express."
FY23_Q2,2023-06-15,qa,Operator,operator,,And our next question will come from Kirk Materne with Evercore ISI.
FY23_Q2,2023-06-15,qa,Kirk Materne,analyst,"Evercore ISI Institutional Equities, Research Division","Congrats on the quarter. I guess, one, it's probably for David again. David, I was just kind of curious when you think about the enterprise part of the Digital Media business. How, I guess, prepared are customers from a content perspective and the data perspective to take on some of the generative AI capabilities that you guys are bringing to market? And I'm sure this blends into Anil, too, on the Adobe Experience Manager. But I was just wondering if you guys could talk about the data aspect of this and how that interplay might help, frankly, both sides of the Digital Media and the Digital Experience businesses."
FY23_Q2,2023-06-15,qa,David Wadhwani,mgmt,Adobe Inc.,"Sure. I'll say a few words and then hand it off to Anil as well. So as we've talked about, Firefly, from the beginning, has a few core principles. The first is the quality of output, right? So text, we have capability of text imaging, text-to-text effects. We have vectors in there now. We're working on video design, 3D generation as well. So we have a series of all this incredible content that we think will be cornerstone of everything needed for enterprise content velocity. The second thing is that we're building it in a way that we can integrate into existing workflows. We've already started to announce integrations into Photoshop and Illustrator and Express. You'll also start to see us continue those integration points, but you'll also start to see us integrate it more directly into the Digital Experience workflows as well. Third is that, and perhaps most importantly, we've also been able to -- because of the way we share and are transparent about where we get our content, we can tell customers that their content generated with Firefly is commercially safe for use. Copyrights are not being violated. Diversity and inclusion is front and center. Harmful imagery is not being generated. So we're able to give them that confidence and also, as part of our enterprise plans, give them indemnification for the content that's being created. So those things, I think, fundamentally help them engage that."
FY23_Q2,2023-06-15,qa,Anil S. Chakravarthy,mgmt,Adobe Inc.,"Just picking up on what you said. I think if you look at Express and Firefly and also the Sensei GenAI services that we announced for Digital Experience, comes at a time when marketing is going through a big shift from sort of mass marketing to personalized marketing at scale. And for the personalization at scale, everything has to be personalized, whether it's content or audiences, customer journeys. And that's the unique advantage we have. We have the data within the audience -- the Adobe Experience Platform with the real-time customer profiles. We then have the models that we're working with like Firefly. And then we have the interfaces through the apps like Adobe Campaign, Adobe Experience Manager and so on. So we can put all of that together in a manner that's really consistent with the data governance that people -- that customers expect so that their data is used only in their context and use that to do personalized marketing at scale. So it really fits very well together."
FY23_Q2,2023-06-15,qa,Shantanu Narayen,mgmt,Adobe Inc.,"Maybe just given how much excitement we have around this, Kirk, 3 quick things. The first is it really allows for us to, within a company, have every marketer participate in the production and delivery of content. And so agility for an enterprise is great. Second thing maybe I'll add to what both Anil and David said, we can now create custom models. So think of it, if you're a company like Coke or a company like Disney and you want to create these campaigns where you want to try out different things, the Firefly model can be customized for them. And that in conjunction with what we have with Express and AEM really allows it to be tailored for that particular company. I also wanted to just clarify that, that entire go to market is completely aligned already within the company. And so we have one enterprise sales force calling on them across Express, Creative Cloud as well as Experience Cloud solutions."
FY23_Q2,2023-06-15,qa,Operator,operator,,And our next question will come from Alex Zukin with Wolfe Research.
FY23_Q2,2023-06-15,qa,Arsenije Edward Matovic,analyst,"Wolfe Research, LLC","This is Arsenije on for Alex Zukin. Alex is flying right now, but he says it's good to see who the true AI winners are. So now to my question. The DM business continues to outperform in an impressive way. Can you talk to some of the underlying levers and stack rank what is driving the strengths. Whether it's demand for content, uptake of newer products or cross-selling success, can you help unpack the layers of success you're seeing? And then just on gen AI, you have announced new offerings with Generative Fill and more recently, Generative Recolor. As you are seeing kind of the traction you are getting online within the creative community, how is it helping inform you about where the greatest monetization opportunity is?"
FY23_Q2,2023-06-15,qa,David Wadhwani,mgmt,Adobe Inc.,"Sure. Yes, I'll -- first of all, thanks for the question. Yes, we feel like we're off to a great start for the first half of the year. And as we look at it, the strength was very broad-based. Traffic to adobe.com and top of funnel was strong, frankly, all quarter long. And it's clear that our messaging is resonating well with a broader and broader set of audiences that we can reach. Second, we saw strong conversion. Our product-led growth investments that we've been making for some time now are starting to pay dividends. Adobe.com is an area we've focused for a long time. We continue to see improvements in terms of customer journey work and conversion. And we've more recently been investing much more significantly in product-led growth motions in our core flagship applications like Photoshop and Acrobat as well. And we've been leveraging a lot of Anil's Digital Experience products that allow us to do personalization at scale in terms of in-product experiences there. And then lastly, it feels like we've really started to see some good inflection in our mobile applications. In particular, Acrobat on mobile and Lightroom mobile performed very well this quarter as well. In addition to that, as Dan mentioned in his opening comments, the emerging products like Substance and Frame continue to grow very nicely and really sort of slipstream into the content supply chain conversation that we're having with enterprise customers. And frankly, enterprise demand for content creation continues to grow. Anil said last week at EMEA Summit that our customers are expecting it to grow 5x in terms of content creation over the next few years. We continue to see more pull for creative apps. And also, we're starting to see enterprises invest much more in Acrobat penetration into their accounts. So they really want more people to have Acrobat from Adobe. So that's just to name a few things. Things are shaping up great for the year, and we're very excited about the direction of the business."
FY23_Q2,2023-06-15,qa,Operator,operator,,And our next question will come from Mark Moerdler with Bernstein Research.
FY23_Q2,2023-06-15,qa,Mark L. Moerdler,analyst,"Sanford C. Bernstein & Co., LLC., Research Division","Congratulations on the strong quarter and the updated guidance. Dan, can you give us some color on how gen AI is going to impact margins? Especially you've -- 0.5 billion assets created just in the beta, the potential for substantial gen AI, once this is all launched, is going to be enormous. How should we think about that?"
FY23_Q2,2023-06-15,qa,Daniel J. Durn,mgmt,Adobe Inc.,"Yes. Thanks for the question, Mark. As I reflect on the company's journey, we've got a long history of driving strong profitable growth. We deliver the innovation and the top line progression, but we do it in a very disciplined way, which drives margin and cash flow for investors. I see this playing out in a similar fashion. These are real investments. They're material investments we're making to unlock the magic of the Adobe technology platform and seamlessly integrating it across the product portfolio. When we think about the cost drivers, we think about training. We think about inference. We think about storage costs. The company is ruthlessly prioritizing how we're spending and what projects we're investing in to create a spend envelope to bring this technology to life in a very rapid fashion. You can see the discipline at play. We've been at this for several quarters. You see the strong print from a profitability standpoint in Q1. We followed through with a strong print again in Q2. And as we look into the back part of the year, again, you're seeing second half year-over-year, second half-over-second half showing an uptick from a profitability standpoint. So we're going to continue to stay focused on being very disciplined, how we prioritize what we do and don't do and make sure we create the right kind of spend envelope for this technology as we bring it to life. I think it's an end statement for us at the company and what we've done for a very long time here, drive innovation, drive strong top line growth and do it in a very profitable way that's cash flow generative and value creative for investors."
FY23_Q2,2023-06-15,qa,David Wadhwani,mgmt,Adobe Inc.,"Yes. And just I'll add a little bit on to that because we've been working very closely between our engineering organization and the finance organization on a number of levers to make sure that we're managing and keeping discipline and cost front of mind. The first is the model training itself. There are a number of things the team has been doing to optimize our ability to train larger models more efficiently. The second is post-training inference optimization. There's a lot of, I think, cutting-edge work coming out here, both in terms of research and the work we're doing around things like pruning and distillation and quantization that make the inference execution much more efficient. Third is, as we've talked about in the past, we're working with folks like NVIDIA to make sure that the hardware and software advances go hand in glove, and we're leveraging more and more compute pathways that are on the chip itself. Four is user experience, making sure that as we expose these things to users, we do it in a way that drives more efficiency in the back end. And of course, the big unlock longer term is about hybrid generative approaches. So how do we move more of this computing to the desktop as well? That'll be a major cost benefit down the road. But it's a significant effort and a lot of work to do, and we take it very seriously."
FY23_Q2,2023-06-15,qa,Shantanu Narayen,mgmt,Adobe Inc.,"And Mark, I just wanted to add, in addition to all of that great work that we're doing on saving costs, I'm more excited about the top line growth that this is going to cause for us."
FY23_Q2,2023-06-15,qa,Operator,operator,,And our next question will come from Tyler Radke with Citibank.
FY23_Q2,2023-06-15,qa,Tyler Maverick Radke,analyst,"Citigroup Inc., Research Division","I wanted to ask about the Document Cloud strength you saw in the quarter. So the business saw a nice improvement relative to last quarter. If you could just unpack that a bit. And then secondly, as I look at the full year outlook, clearly, a really strong quarter, one of the biggest feats we've seen in years. As I think about Q4, just kind of the initial implied guide, is there anything to call out any onetime factors around pricing we should keep in mind as we compare the year-over-year decline? Or is that just conservatism?"
FY23_Q2,2023-06-15,qa,David Wadhwani,mgmt,Adobe Inc.,"Yes. Maybe I'll talk about the Acrobat business, and then we can get to Q4 after that. So first of all, yes, another great quarter. It was great to see ARR growing 23%. And a lot of this is the basics of PDF demand, right? We've seen this incredible tailwind with demand for PDF continuing to grow. PDF has become the de facto standard for unstructured data. And PDF-related searches continue to grow. And this is, as Shantanu mentioned and I mentioned in the prepared remarks, 30 years after PDF launched. So it's amazing to see how things are going. We've been investing very heavily in expanding our top of funnel. We have Acrobat Web that's been driving a lot of new users. We've seen good growth directly to Acrobat Web. Acrobat Mobile has also been a source of new opportunity for us. We talked about our extensions in Chrome and Edge. And also, we've mentioned in the past, our partnership with Microsoft to really make Acrobat the foundation -- or PDF and Reader, the foundation of all documents viewed in Edge as well. So that creates an enormous top of funnel for us, and we continue to sort of broaden that. In addition to that, we've been adding more value directly into the products with a proliferation of signatures and collaboration capabilities. And all of that, combined with our product-led growth motion, is driving strong conversion. So we feel really good about the foundation of that business."
FY23_Q2,2023-06-15,qa,Daniel J. Durn,mgmt,Adobe Inc.,"And coming to the guide, Tyler, the way I'd think about it is, if we think about the journey to date this fiscal year, we had a strong print in Q1. We had a strong print in Q2. We've got a lot of momentum around this business. As we look into the back half of the year, we see that momentum continuing. We're 2 weeks into Q3. We see that momentum continuing. And as you would expect, we see a strong finish to the year in Q4. And we've got a long track record inside of the company of setting expectations and then executing against those expectations in a way that drives value for investors. And so I think the setup for the back half of the year is no different than that."
FY23_Q2,2023-06-15,qa,Operator,operator,,And our next question will come from Matt Swanson with RBC.
FY23_Q2,2023-06-15,qa,Matthew John Swanson,analyst,"RBC Capital Markets, Research Division","Yes. And I'll add my congratulations on the quarter. We've kind of talked from the beginning that a major differentiation point for Firefly is that this is an enterprise-safe generative model. Could you just give us some insights into your customer conversations and really how focused enterprises are around the potential, maybe a copyright or trademark issues that generative could create using other solutions?"
FY23_Q2,2023-06-15,qa,Shantanu Narayen,mgmt,Adobe Inc.,"Matt, maybe I'll take that. It's actually been off the chart, the interest. We just had our summit in London, following the successful launch that we had here where customers even in the U.S. were asking us questions. And I would say there are around 3 areas. All of them had perhaps experimented with other solutions. The moment Adobe came in and said this is both safe and designed for commercially safe as well as we can create the custom models, I think the interest associated with that has been off the charts. We've already created some custom models where we tweak our core model with assets that people can provide us. And that's also a secret sauce that we're unlocking and the integration of that within each of our products. So frankly, the product's not yet available, but the number of customers who want to sign on in terms of wanting to use it has been one of the most successful launches that we've had. And when I say the product's not ready, all I'm saying is it's not generally available. It's certainly available for them to put through their paces within the company."
FY23_Q2,2023-06-15,qa,Matthew John Swanson,analyst,"RBC Capital Markets, Research Division","Yes. No, that sounds fantastic. We get the users and the CEOs to agree on the same product. That's a good combination."
FY23_Q2,2023-06-15,qa,Shantanu Narayen,mgmt,Adobe Inc.,Thank you.
FY23_Q2,2023-06-15,qa,Operator,operator,,Our next question comes from Jay Vleeschhouwer with Griffin Securities.
FY23_Q2,2023-06-15,qa,Jay Vleeschhouwer,analyst,"Griffin Securities, Inc., Research Division","Shantanu, at summit, with the content supply chain news, the company pretty much effectuated something that you've been talking about for the last number of years. That is content supply chain. And the question is about the potential business impact. Could you talk about what is fundamentally new or newly required in terms of pipeline development for that broader concept of implementing Adobe product? What you think the impact might be, for example, in your average book of business that you disclosed with your top 2,500 and top 1,000 customers each year at the analyst meeting? And you do seem to be investing still heavily in consulting capacity. So is that part of the development that you're foreseeing necessary for content supply chain?"
FY23_Q2,2023-06-15,qa,Shantanu Narayen,mgmt,Adobe Inc.,"A couple of points, Jay, and then certainly, Anil can add to it. First, I think, is we are a good user case for what's happening. The reality is that with what David talked about as it relates to product-led growth, what the content supply chain really allows us to do is start with a marketing brief that we're putting within workflow, start to create the campaigns, have AM and our asset management solution be the place where all of these assets are and then deliver them through campaign as well as deliver them through the Adobe Experience Manager on the website. So I think the interest associated with this is all about trying to say all of the content that we are creating, how do we both make that more efficient as well as understand how we can both globalize, which has been a big driver of why people want this content supply chain. The traditional agencies, I think Anil referred to this. They all have not only, I think, procured our solution for their internal usage, but they're also collectively taking this solution to joint customers. So I think it actually just really beautifully aligns within Anil's enterprise sales motion, how we can go with everything from workflow, which actually had a great quarter, so we continue to see good growth in workflow. So I think it aligns all of our offerings. And there isn't one customer that doesn't want this, partly because of all the additional cost and scrutiny on what the expenses are right now."
FY23_Q2,2023-06-15,qa,Anil S. Chakravarthy,mgmt,Adobe Inc.,"Yes. We are just so uniquely differentiated across the Creative Cloud and Experience Cloud. And in terms of getting this implemented for customers, as you mentioned, we have now partnerships with Accenture, with IBM, with Omnicom, with Publicis. And all of them are working very closely with us, with our field teams to make sure that the content supply chain gets implemented for every customer across different verticals and geographies, specifically for their needs."
FY23_Q2,2023-06-15,qa,Operator,operator,,And our next question will come from Keith Weiss with Morgan Stanley.
FY23_Q2,2023-06-15,qa,Elizabeth Mary Elliott Porter,analyst,"Morgan Stanley, Research Division",Great. This is Elizabeth Porter on for Keith Weiss. Congrats on the strong quarter. And my question is again around generative AI. There's clearly a lot of investment and news across the industry. So are there generative AI capabilities that could become table stakes? And what are the areas that drive real differentiation that is monetizable for Adobe? How do you see this market evolving between those 2 pieces over time where Adobe really solidifies its leadership?
FY23_Q2,2023-06-15,qa,Shantanu Narayen,mgmt,Adobe Inc.,"Yes. I think, for us, the entire generative AI really is all 3 layers that we talked about. And if you think about our generative AI strategy, it really first starts with do we have unique data that we can use on behalf of our customers for customers. And clearly, both in the creative, in the document space with PDF as well as in the marketing space, the amount of data that we have is a key differentiator because that is going to dictate the models when you want to design this to be commercially safe. I think the second thing that we're really focused on is in the domains where we have incredible expertise. Whether you consider it imaging or vector or documents or marketing, we are creating our own foundational models. And so when you create the foundation models, you really understand how that works, you understand how you can take it to an enterprise and create a custom model for that. But I think the real differentiator for Adobe continues to be how does a user get value. And I think it's in the ubiquitous interfaces that we have, whether that's on the marketing side, everything where people are trying to create these campaigns or automate production or create a website or create a mobile app, similarly in documents, which we haven't touched on as much today, how they get the synthesis of the PDF, how they understand the structure of the PDF and clearly, in creative that we've seen, both with Generative Recolor and Adobe Illustrator as well as Generative Fill in Photoshop. As long as we have the interfaces that delight customers and where all this magic comes to life, that's really, I would say, Adobe is differentiated. And you've seen that. It's not like there weren't other imaging models out there. The fact that we've captured the imagination of the community is a result of how all 3 of these layers really work well for Adobe better than anybody else."
FY23_Q2,2023-06-15,qa,Operator,operator,,And that question will come from Brent Thill with Jefferies.
FY23_Q2,2023-06-15,qa,Brent John Thill,analyst,"Jefferies LLC, Research Division","Shantanu, a lot of questions around why won't the DX Cloud give the Creative Cloud the [ cold ] as well. Why are you confident this won't spill over? And given I'm the last question, I'll break the operator's policy and asking one for David on, when you think about just the #1 question we're all getting, will AI reduce the number of seats available to you. Can you just address that? That's the #1 question we continue to get."
FY23_Q2,2023-06-15,qa,David Wadhwani,mgmt,Adobe Inc.,"Great. I'll start with the second, and we can go to the first after that. So Brent, if you take a look at Adobe's history, this is what we do, right? If you look at desktop publishing, if you look at creative imaging, if you look at video editing, the result of Adobe's focus here is always about increasing productivity, increasing the importance of these new workflows, and that has always led to an increase in jobs. Let's take video editing as an example, right? We lowered the cost of production in video significantly with our work with Premiere and After Effects in Audition. And what that did was it increased the ability for people to create more content. So they didn't take the same -- they didn't create the same amount of content with fewer people. What they did was they found new business opportunities. They created more niche content that led to video streaming and personalization, and that created an explosion in the industry around video production. That's what we do. And we're sitting at a moment where companies are telling us that there's a 5x increase in content production coming out in the next few -- next couple of years. And you see a host of new media types coming out. And we see the opportunity here for both seat expansion as a result of this and also because of the value we're adding into our products themselves, increase in ARPU as well. Now beyond all of this, in terms of professional video and professional content creation, I should say, there's also a massive opportunity because this catalyzes our ability much more effectively to go after the billions of creators around the world who need things like this to be creative. So we're going to help them also create standout content. So again, I take a step back and I say we have an opportunity to get more people into the franchise. We have the ability to drive more ARPU through our products, and we have the ability to make people more successful and drive more LTV. So the foundation, I think, is very strong."
FY23_Q2,2023-06-15,qa,Shantanu Narayen,mgmt,Adobe Inc.,"And Brent, if I understood the question right, I mean, the interest within the DX customer base for what we are doing on Creative Cloud, if you look at both Summits, the interest associated with how these clouds and offerings are working together is actually one of the catalysts that I think will help both the Digital Media as well as the Digital Experience business. So you're right. I mean we are finding that every customer is saying this is the way for us to really go all the way from when we start to create a campaign all the way to the delivery and understanding the analytics associated with that. And I think the enterprise team has really aligned around this joint selling, and we've created a bill of materials where you can actually have both the Digital Experience as well as the Creative Cloud offerings in it. And I think that's what you're going to see. In the second half, we're going to have a lot more of these combined sales that happen with every enterprise because it helps, as we've been saying, with both the top line and the bottom line. And since it was the last question, I mean, let me end by saying it was a great first half. We appreciate all the comments that you have made about the quarter. And I wanted to thank the Adobe team for real great execution as well as, again, congratulate, in particular, the Acrobat team for 30 years of amazing innovation. What I'm most proud of is, if you look at just the last few months in terms of what the company has delivered across Firefly and Generative Fill and Generative Recoloring, what's happening with Acrobat across the web, in Digital Experience, the Adobe Mix Modeler, product analytics, what we are doing around content supply chain, the new offerings that are coming for an increasing set of customers that will serve real customer problems I think really all goes well for how we will continue to drive innovation and serve customers well. So I'm really excited about the second half as well as what we're going to continue to do in terms of delivering top line and bottom line growth. And with that, I'll hand it over to Jonathan."
FY23_Q2,2023-06-15,qa,Jonathan Vaas,mgmt,Adobe Inc.,"Thanks, Shantanu, and thanks, everyone, for joining the call. I look forward to speaking with many of you soon, and this concludes the event."
FY23_Q2,2023-06-15,qa,Operator,operator,,"Thank you. That does conclude today's conference. We do thank you for your participation, and have an excellent day."
FY23_Q3,2023-09-14,prepared,Operator,operator,,"Good day, and welcome to the Q3 FY 2023 Adobe Earnings Conference Call. Today's conference is being recorded. At this time, I'd like to turn the conference over to Jonathan Vaas, VP of Investor Relations. Please go ahead."
FY23_Q3,2023-09-14,prepared,Jonathan Vaas,mgmt,Adobe Inc.,"Good afternoon, and thank you for joining us. With me on the call today are Shantanu Narayen, Adobe's Chair and CEO; David Wadhwani, President of Digital Media; Anil Chakravarthy, President of Digital Experience; and Dan Durn, Executive Vice President and CFO. On this call, which is being recorded, we will discuss Adobe's third quarter fiscal year 2023 financial results. You can find our press release as well as PDFs of our prepared remarks and financial results on Adobe's Investor Relations website. The information discussed on this call, including our financial targets and product plans, is as of today, September 14, and contains forward-looking statements that involve risks, uncertainty and assumptions. Actual results may differ materially from those set forth in these statements. For a discussion of these risks, you should review the factors discussed in today's press release and in Adobe's SEC filings. On this call, we will discuss GAAP and non-GAAP financial measures. Our reported results include GAAP growth rates as well as constant currency rates. During this presentation, except per share amounts, Adobe's executives will refer to constant currency growth rates, unless otherwise stated. Reconciliations are available in our earnings release and on Adobe's Investor Relations website. I will now turn the call over to Shantanu."
FY23_Q3,2023-09-14,prepared,Shantanu Narayen,mgmt,Adobe Inc.,"Thanks, Jonathan. Good afternoon. Adobe had another record Q3, achieving revenue of $4.89 billion, representing 13% year-over-year growth. GAAP earnings per share for the quarter was $3.05 and non-GAAP earnings per share was $4.09, representing 26% and 20% year-over-year growth, respectively. Driving the success is a rich and innovative product road map. The advances we are delivering across Creative Cloud, Document Cloud and Experience Cloud are enabling us to attract an ever-growing set of users while delivering more value to existing customers. Yesterday's exciting announcements add to this road map. With the commercial availability of our generative AI capabilities, natively integrated in Adobe Creative Cloud, Adobe Express and Adobe Experience Cloud, we're unleashing a new era of AI-enhanced creativity for millions of customers around the globe. We're bringing generative AI to life across our portfolio of apps and services to deliver magic and productivity gains. Our rich datasets enable us to create foundation models in categories where we have deep domain expertise. In the 6 months since launch, Firefly has captivated people around the world who have generated over 2 billion images. We're excited about the potential to reimagine the content supply chain for all businesses through the integration of our clouds, enabling the delivery of personalized and engaging customer experiences. Our strategy to unleash creativity for all, accelerate document productivity and power digital businesses is driving our growth across every geography. By delivering innovative technology platforms and services, we continue to advance our industry leadership and delight a growing universe of customers. I'll now turn it over to David to share more about our momentum in the Digital Media business."
FY23_Q3,2023-09-14,prepared,David Wadhwani,mgmt,Adobe Inc.,"Thanks, Shantanu. Hello, everyone. In Q3, we achieved net new Digital Media ARR of $464 million and revenue of $3.59 billion, which grew 14% year-over-year, driven by strength in both our Creative and Document businesses. On the Creative side, digital content creation and consumption are exploding across every creative category, customer segment and media type. Creative Cloud is the leading creativity platform, offering a comprehensive portfolio of products and services for every discipline across imaging, photography, design, video, animation and 3D. We're excited about the growth we're driving with our creative flagship products and with Adobe Express, our AI-first, all-in-one creativity app that makes it fast, easy and fun for any user to design and share standout content. Yesterday's announcements highlighted several advances to our creative business. First, after an unprecedented beta that saw over 2 billion images generated, Adobe Firefly models and the Firefly web application are now commercially available. Firefly supports text prompts in over 100 languages and enables users around the world to create content that is designed to be safe for commercial use. We will continue to train and release new Firefly foundation models in areas where we have rich data sets and expertise such as imaging, vector, video, design, 3D and more. Second, Adobe Firefly-powered features are now natively integrated into several Creative Cloud apps, including Generative Fill and Generative Expand in Photoshop, Generative Recolor in illustrator and Text to Image and Text Effects in Adobe Express. These deep integrations deliver more creative power than ever before to customers, enabling them to experiment, ideate and create in completely new ways. Third, Adobe Firefly for Enterprise is now generally available for businesses to enable both creative teams and knowledge workers to confidently deploy AI-generated content. Adobe will empower customers to create custom models using proprietary assets to generate branded content and offer access to Firefly APIs so customers can embed the power of Firefly into their own content creation and automation workflows. And finally, we announced subscription offerings, including new generative AI credits with the goal of enabling broad access and user adoption. Generative credits are tokens that enable customers to turn text-based prompts into images, vectors and text effects, with other content types to follow. Free and trial plans include a small number of monthly fast generative credits that will expose a broad base of prospects to the power of Adobe's generative AI, expanding our top of funnel. Paid Firefly, Express and Creative Cloud plans will include a further allocation of fast generative credits. After the planned specific number of generative credits is reached, users will have an opportunity to buy additional fast generative credits subscription packs. In Q3, we added $332 million of Creative ARR and achieved $2.91 billion of revenue, growing 14% year-over-year. Business highlights include: the integration of Firefly into Photoshop and Illustrator. Over 3 million users have downloaded the Photoshop and Illustrator beta releases. The general availability of Adobe Express now includes support for editing and posting designs, videos, images, PDFs, presentations and more. Express features include Firefly-powered Text to Image and Text Effects. Express is already being used by millions of people globally. New AI and 3D features in Premier Pro and After Effects, including Enhance Speech and Text-Based Editing in Premier Pro and a new 3D workspace in After Effects. The Text-Based Editing feature in Premier Pro received the 2023 Hollywood Professional Association Award for Engineering Excellence. New Lightroom mobile now integrates directly with the camera roll and introduced a streamlined interface to make editing even easy on the go. The introduction of new video assets in Adobe Stock and strong product-led growth motions drove a record Q3 for the Stock business. Key customer wins include Amazon, Havas, Paramount, SAP, Southern Graphics, Take-Two Interactive and U.S. Department of Energy. As we have continued to add new applications and deliver innovations across our creative offerings, we announced price updates for certain Creative Cloud plans across the Americas and Europe, starting November 1, 2023. In addition to being a growth driver in the Creative Cloud business, Acrobat and PDF continue to power the Document Cloud business. Whether it's a sales contract, legal document or a back-to-school form, seamless document workflows across every device and platform are more important than ever for all of us to be productive in our professional and personal lives. Document Cloud is powering document productivity and automation across the web, desktop and mobile. In Q3, we achieved Document Cloud revenue of $685 million, growing 15% year-over-year. We added $132 million of net new Document Cloud ARR, with ending ARR growing 22% year-over-year in constant currency. Business highlights include: significant growth in monthly active users across web, mobile and embedded third-party app ecosystems, reflecting our growing top of funnel and the effectiveness of our product-led growth execution; strong mobile momentum, reflecting the value of Acrobat as an essential productivity application on mobile devices; adoption of Acrobat and Acrobat Sign through increased link sharing for enhanced collaboration and approval workflows; enhanced PDF workflows across Acrobat and Express, making it seamless to create visually stunning PDFs; a new Adobe PDF Electronic Seal API, which is a cloud-based, end-to-end solution for applying electronic seals on PDFs at enterprise scale. Key customer wins include Citibank, GlaxoSmithKline, Emerson Electric, Morgan Stanley and Volkswagen. We continue to be excited about the pending Figma acquisition, which will reimagine the future of creativity and productivity. We remain engaged with regulators and have confidence in the merits of the case. We look forward to hosting Adobe MAX, the world's largest creativity conference, next month in Los Angeles, where we will welcome 10,000 members of our global community and engage with hundreds of thousands more online. We will hear from inspiring creators and unveil innovations across Creative Cloud, Firefly and Express. In summary, we are excited about the pace of innovations across our Digital Media products and continued execution across multiple growth drivers. I'll now pass it to Anil."
FY23_Q3,2023-09-14,prepared,Anil S. Chakravarthy,mgmt,Adobe Inc.,"Thanks, David. Hello, everyone. Every company sees digital as an opportunity to drive experience-led growth. As I've spent time with customers across the world, it's clear that they are prioritizing investments in customer experience management technology to improve customer acquisition, engagement, retention and operational efficiency. We are driving revenue growth across content and commerce, customer journeys, data insights and audiences and marketing workflows, leveraging the Adobe Experience Platform, demonstrating the strength of our business. Brands around the globe are working with Adobe to accelerate personalization at scale through generative AI. With the announcement of Adobe GenStudio, we are revolutionizing the entire content supply chain by simplifying the creation-to-activation process with generative AI capabilities and intelligent automation. Marketers and creative teams will now be able to create and modify commercially safe content to increase the scale and speed at which experiences are delivered. In Q3, we continued to drive strong growth in our Experience Cloud business, achieving $1.23 billion in revenue, representing 11% year-over-year growth, as a growing number of enterprises turn to Adobe as their trusted partner for customer experience management. Subscription revenue was $1.1 billion, representing 13% year-over-year growth. Adobe Experience Cloud delivers predictive, personalized, real-time digital experiences, from acquisition to monetization to retention. We are driving strong enterprise adoption of Adobe Experience Platform and native apps, including Real-Time CDP, Adobe Journey Optimizer and Customer Journey Analytics. For example, the Coca-Cola Company is leveraging Adobe Real-Time CDP and Adobe Journey Optimizer to bring together 98 million customer profiles globally into a single CDP to quickly deliver personalized campaigns and experiences. smart Europe, an all-electric automotive brand, is using Adobe Experience Cloud to offer customers the ability to personalize their vehicle purchases through the integration of Adobe Workfront, Adobe Creative Cloud and Adobe Experience Manager. Business highlights include: strong momentum across AEP and native apps, with the total book of business surpassing $600 million during the quarter. Adobe Journey Optimizer book of business more than doubled year-over-year as customers increasingly drive omni-channel personalization and engagement. Continued innovation in Adobe Experience Manager with AEM assets now natively integrated with Firefly and Express, enabling any employee across an organization to generate and reuse beautiful on-brand content. Growth of our Workfront business, reflecting our ability to serve the workflow and collaboration needs of enterprise customers and agencies. In Q3, we added Havas to the growing list of top agencies standardizing on Adobe for their content supply chain. Expanded strategic partnership with Amazon. Given customer demand, we will jointly deliver AEP on AWS and Amazon will deploy Experience Cloud across their enterprise. Adobe's leadership in content management systems was recognized across 3 industry analyst reports, including the IDC MarketScape for Full-stack Content Management Systems, the IDC MarketScape for Hybrid Headless CMS and the Forrester Wave for Content Management Systems. Adobe was also named a leader in the Gartner Magic Quadrant for Digital Commerce as well as the IDC MarketScape for omni-channel marketing platforms for B2C enterprises. Key customer wins include Amazon, Blue Cross Blue Shield of Florida, Dollar General, Havas, Intuit, IRS, Jet2.com, Lufthansa, Macy's, MSC Cruises, Novo Nordisk and SAP. These and other customers continue to prioritize investments in customer experience management solutions despite increased scrutiny of enterprise IT spend. Our solutions enable enterprises to simultaneously achieve the twin goals of driving new customer acquisition and serving existing customers to deliver profitable growth. Adobe is well positioned to keep winning with our differentiated offerings, track record of innovations and ability to drive ROI for companies across industries. We're looking forward to a strong close to the year. I will now pass it to Dan."
FY23_Q3,2023-09-14,prepared,Daniel J. Durn,mgmt,Adobe Inc.,"Thanks, Anil. Today, I'll start by summarizing Adobe's performance in Q3 fiscal 2023, highlighting growth drivers across our businesses, and I'll finish with financial targets. Adobe's performance in Q3 demonstrates something that makes us exceptional, the combination of growth and profitability. In fact, at Adobe, rather than talking about the trade-offs between growth or profitability, we call it an and statement. Growth and profitability is not new for us, we have been delivering both for a very long time and is at the core of our operating philosophy. It all starts with prioritization, innovation, and a sharp focus on execution. This philosophy shines through in our Q3 results. We're investing in technology platforms, global campaigns to attract and engage millions of customers and recruiting the best and brightest people in our industry. While doing that, Adobe is driving outperformance on margin and earnings, demonstrating what a special company we are. In Q3, Adobe achieved revenue of $4.89 billion, which represents 10% year-over-year growth, or 13% in constant currency. GAAP diluted earnings per share was $3.05, up 26% year-over-year, and non-GAAP diluted earnings per share was $4.09, up 20% year-over-year. Other business and financial highlights included: Digital Media revenue of $3.59 billion, net new Digital Media ARR of $464 million, Digital Experience revenue of $1.23 billion, cash flows from operations of $1.87 billion, RPO of $15.72 billion exiting the quarter, and repurchasing approximately 2.1 million shares of our stock during the quarter. In our Digital Media segment, we achieved Q3 revenue of $3.59 billion, which represents 11% year-over-year growth, or 14% in constant currency. We added $464 million of net new ARR in the quarter, our strongest Q3 on record, exiting the quarter with $14.60 billion of Digital Media ARR, growing 15% year-over-year in constant currency. We achieved Creative revenue of $2.91 billion, which represents 11% year-over-year growth, or 14% in constant currency. We added $332 million of net new Creative ARR in Q3, with strong demand across our offerings. Third quarter Creative growth drivers included: new user growth across geographies, customer segments and creative offerings driven by innovation and targeted campaigns utilizing insights from our data-driven operating model; outstanding top of funnel performance resulting from viral community excitement and success of our product-led growth strategy, driving traffic to Adobe.com; single app subscriptions for Photoshop driven by interest in the magic of Firefly, Generative Fill and Generative Expand; another great quarter for value-added services, including strong customer demand for Adobe Stock; continued customer adoption of Acrobat CC; strong engagement and retention across customer segments; and success in the enterprise driven by transformational ETLAs that span the entire Creative portfolio, including CC All Apps for creative teams, Express for knowledge workers, Frame for collaboration and Adobe Stock and Firefly for content. Adobe achieved Document Cloud revenue of $685 million, which represents 13% year-over-year growth, or 15% in constant currency, and we added $132 million of net new Document Cloud ARR in the quarter. Third quarter Document Cloud growth drivers included: success with new customer acquisition through our Reader and Acrobat web funnels and distribution partners, with monthly active users up over 70% year-over-year for Acrobat Web; strong demand for Acrobat subscriptions across customer segments and geographies, driven by targeted offers; strength in monetization from Acrobat mobile, which grew ending ARR over 30% year-over-year in constant currency, driven by product innovation and conversion; and traction in B2B with strong unit demand for our Team offering through the reseller and direct routes to market. Turning to our Digital Experience segment. In Q3, we achieved revenue of $1.23 billion, which represents 10% year-over-year growth, or 11% in constant currency. Q3 subscription revenue was $1.10 billion, which represents 12% year-over-year growth, or 13% in constant currency. Third quarter Digital Experience growth drivers included: demand for our Adobe Experience Platform and native applications, including Real-Time CDP, Customer Journey Analytics and Adobe Journey Optimizer. In Q3, subscription revenue for AEP and apps grew 60% year-over-year; strength in content and commerce, with Adobe Experience Manager continuing to set the standard for enterprise content management; growth of our Workfront business as workflow and collaboration are essential components of an enterprise content supply chain solution; strong retention rates in the quarter as we continue to focus on value realization to our Digital Experience customers; and continued momentum in transformational platform deals with large enterprises adopting our end-to-end suite of applications. Adobe's effective tax rate in Q3 was 19.5% on a GAAP basis and 18.5% on a non-GAAP basis. The GAAP tax rate came in lower than expected due to tax benefits associated with the vesting of share-based payments in the quarter. RPO exiting the quarter was $15.72 billion, growing 11% year-over-year, or 13% when adjusting for a 2% FX headwind. Our ending cash and short-term investment position exiting Q3 was $7.52 billion, and cash flows from operations in the quarter were $1.87 billion. In Q3, we entered into a $1 billion share repurchase agreement, and we currently have $3.15 billion remaining of our $15 billion authorization granted in December 2020. Factoring in current macroeconomic conditions and year-end seasonal strength, for Q4, we're targeting total Adobe revenue of $4.975 billion to $5.025 billion; Digital Media net new ARR of approximately $520 million; Digital Media segment revenue of $3.67 billion to $3.70 billion; Digital Experience segment revenue of $1.25 billion to $1.27 billion; Digital Experience subscription revenue of $1.11 billion to $1.13 billion; tax rate of approximately 18% on a GAAP basis and 18.5% on a non-GAAP basis; GAAP earnings per share of $3.10 to $3.15; and non-GAAP earnings per share of $4.10 to $4.15. Q3 was a great quarter for Adobe, and I couldn't be more pleased with how the company is positioned to continue to deliver for our customers and investors. We're looking forward to our investor meeting at Adobe Max on October 10, where we'll do a deep dive into our AI innovation. I hope to see you there. Shantanu, back to you."
FY23_Q3,2023-09-14,prepared,Shantanu Narayen,mgmt,Adobe Inc.,"Thanks, Dan. Adobe's strong Q3 results are a reflection of our team's exceptional execution. We recently lost our beloved co-founder, John Warnock. John's brilliance and innovations changed the world. He was one of the greatest inventors of our generation and an inspiration to the technology industry. While we miss him tremendously, it gives me great comfort knowing that John was so proud of all the innovation Adobe continues to deliver. As someone who shares John's passion for product and innovation, I'm exceptionally energized by the technology platforms we are delivering with AI at the center across our 3 clouds to delight customers. Our brand, technology and our talented employees position us for a strong close to the year and continued growth in the decades to come. Adobe's best days are ahead of us. Thank you. We will now take questions."
FY23_Q3,2023-09-14,qa,Operator,operator,,[Operator Instructions] And our first question will come from Keith Weiss with Morgan Stanley.
FY23_Q3,2023-09-14,qa,Keith Weiss,analyst,"Morgan Stanley, Research Division","A really nice quarter. Dan, actually, a margin question for you and kind of a riddle that like we've been thinking about. We've been told generative AI is really expensive to run. The inference and training costs are really high. You guys have been running a beta for a while, 2 million images generated. There's a lot of functionality already in the product. And your operating margins are up. Your gross margins are up on a year-on-year basis. So how are you able to do that? Like, where are these costs going, if you will? And on a go-forward basis, as all this stuff becomes generally available, how should we think about that gross margin impact or the overall margin impact of generative AI on a go-forward basis?"
FY23_Q3,2023-09-14,qa,Daniel J. Durn,mgmt,Adobe Inc.,"Yes. Thanks, Keith. So as you rightfully point out, the engine of innovation at the company is really strong. A lot of exciting announcements this week. But we've been at this now a year, bringing the magic of generative AI and Firefly to life. And we're just getting started from an innovation standpoint. Over the last 6 months, we've been live with the beta. And as you point out, we've generated -- our customers have generated over 2 billion images. And I know it's not lost on people, all this was done while we're delivering strong margins. But when we take a step back and think about these technologies, we have investments from a COGS standpoint, inferencing, content; from an R&D standpoint, training, creating foundation models. And David alluded to it in his prepared comments, the image model for Firefly family of models is out, but we're going to bring other media types to market as well so we're making substantive investments. When I go back to the framing of my prepared comments, we really have a fundamental operating philosophy that's been alive at the company for a long time: growth and profitability. We're going to prioritize, we're going to innovate and we're going to execute with rigor. And you see that coming through in all of the financial results of the company. As we think about going -- the profile going forward, what I'll come back to is when we initially set fiscal 2023 targets, implicit in those targets was a 44.5% operating margin. If you think about how we just guided Q4, where we've got these 4 great new products and these technologies infused into the product lineup and all of the support we're going to do as we roll these out at our MAX conference down in L.A., again, to keep the enthusiasm with the customer base building, implicit in that guide is an operating margin of around 45.5%. So as you think about us leading this industry, leading the inflection that's unfolding in front of us, that mid-40s number, we think, is the right ballpark to think about the margin structure of the company as we continue to drive this technology and leadership. Looking forward to the Q4 earnings call where we will share more about our fiscal 2024 targets."
FY23_Q3,2023-09-14,qa,Shantanu Narayen,mgmt,Adobe Inc.,"And maybe, Keith, just 30 seconds to add to that, for investors like you who want to make sure we're not -- in any way not investing in the future, we are investing on training for 3D, for video, for new forms of imaging and vectors. So what we are confident is, while we continue to invest in that, the scrutiny that Dan and his team have on other expenses, that we can continue to drive top line growth as well as cash flow and EPS. So I think we're unique in that respect."
FY23_Q3,2023-09-14,qa,Keith Weiss,analyst,"Morgan Stanley, Research Division","Definitely. Very impressive, guys."
FY23_Q3,2023-09-14,qa,Operator,operator,,And our next question will come from Kash Rangan with Goldman Sachs.
FY23_Q3,2023-09-14,qa,Kasthuri Gopalan Rangan,analyst,"Goldman Sachs Group, Inc., Research Division","Sorry to hear of John Warnock's passing. My condolences. But congrats on the quarter. As we look at the pricing model for generative AI products, which are based on consumption, do you think that these -- rather how additive do you think the generative AI offerings will be to the growth profile of the company going forward? And also one for Dan, when you look at your Q4 guidance, are you contemplating -- it looks like it's not largely changed versus the Street's prior expectations. Are we not embedding any opportunities to show what the generative AI products can do? Because they seem to be largely incremental to what had been contemplated when you first gave guidance fall of last year."
FY23_Q3,2023-09-14,qa,Shantanu Narayen,mgmt,Adobe Inc.,"Kash, maybe David and I can take the first parts of the question. And just again, for everybody on the call, I think to summarize the new offerings that we have, we've announced that we have a Firefly subscription. So you can use a free trial number of credits, and after that, you can actually subscribe to Firefly. We have Adobe Express, which now includes an allocation of Firefly. We certainly have the Creative Cloud products and Photoshop and Illustrator that have it. We have generation credit packs, and we have GenStudio for the enterprise and to be able to deal with it. So first, I just wanted to make sure that you recognize the tremendous innovation that we're delivering associated with that. And as you know, one of the things that we have done is to really focus on both new user acquisition, which is going to be driven across all of those offerings, as well as with the price increase, given there is an allocation associated with it for existing customers, they will start to see that as they roll over and they have to renew their subscription. So I just wanted to set that bit, and maybe then I'll ask David to add a little bit about each of these and how we see that play out."
FY23_Q3,2023-09-14,qa,David Wadhwani,mgmt,Adobe Inc.,"Yes. Thanks, Shantanu. Yes, Shantanu said that we look at the business implications of this through those two lenses: new user adoption, first and foremost; and then sort of opportunity to continue to grow the existing book of business. On the new user side, we've said this for years: our focus continues to be on proliferation. We believe that there -- we have a massive number of users in front of us. We continue to have our primary focus being net user adds and subscribers. And so the goal here in proliferation is to get the right value to the right audience at the right price. And if I think about the 4 new offerings that Shantanu teed up, I think 2 of them are primed to maybe be on the earlier side of that. First, on the individual side, Express. It's been in the market for over a year now. And the new release of Express is a massive step forward in terms of the abilities that it has, both -- everything from performance to support for a broader set of things beyond design into video and into illustration, into PDF and document workflows. So there's just a tremendous amount of new value that we've added, including generative AI into that. So we think that Express will be an early indicator of that success that we're talking about. The second one is the work that we're doing in the DME business in conjunction with Anil and the DX business around enterprises, so GenStudio, and enabling the broad base of marketers to actually use Express in conjunction with the Creative Studio teams using Creative Cloud to really accelerate their use of and creation of content. So that really, in the context of the short-term contributors, we think that will be really meaningful. We also expect that we -- as we do this and drive new users, we expect to see a lot of new users come into the free plans, and that's going to take a little time to ramp. We'll bring them into the Adobe family, get them using the products and ramp them to greater value over time. So first and foremost, proliferation on new users. The second thing is going to be on the book of business. And here, we're -- basically, the pricing changes, just as a reminder, they have a rolling impact. We're going to start them late in Q4, and it will -- we're going to start it in certain geos only. And then we're going to have a measured rollout in new countries over the course of the next couple of years. And then certainly also as it relates to enterprise customers, the renewal timing will probably take about 3 years given the multiyear contracts that we have in place. So net-net, we see this truly as a seminal moment for how we're going to grow the business, but it's going to take a few years to play out, and we're really excited about sort of what this means for bringing new customers into the franchise."
FY23_Q3,2023-09-14,qa,Shantanu Narayen,mgmt,Adobe Inc.,"And maybe, Kash, just to then tie that all together, in terms of the numbers that we've given for Digital Media ARR, because you asked the question from the beginning of the year, remember, I think we guided to $1.65 billion. If you look at what it is, even with our Q4 guide that I think $200 million more than that, $1.86 billion or something to that effect and since we guided in Q3 -- for Q3 and Q4 $100 million. So we continue to be really confident and we're excited about the road map."
FY23_Q3,2023-09-14,qa,Operator,operator,,And our next question will come from Saket Kalia with Barclays.
FY23_Q3,2023-09-14,qa,Saket Kalia,analyst,"Barclays Bank PLC, Research Division","Congrats on a great quarter and outlook. Anil, actually my question is for you. Obviously, a lot to talk about with Firefly in the Digital Media business, and it's very clearly a revenue opportunity there. I'm wondering what -- how you think about the generative AI road map or revenue opportunity in the Digital Experience part of the business. I know we talked about the content supply chain, but how do you think about the future of generative AI in your business?"
FY23_Q3,2023-09-14,qa,Anil S. Chakravarthy,mgmt,Adobe Inc.,"Yes. Thanks, Saket. Shantanu and David already talked about the Adobe GenStudio, and we're really excited about that. This is a unique opportunity, as you said, for enterprises to really create personalized content and drive efficiencies as well through automation and efficiency. And when you look at the entire chain of what enterprises go through from content creation, production workflow and then activation through DX through all the apps we have on our platform, we have the unique opportunity to do that. We already have deployed it within Adobe for our own Photoshop campaign, and we're working with a number of agencies and customers to do that. So this is a big net new opportunity for us with Adobe GenStudio. We're also working on generative AI for other DX applications as well. And at the investor meeting in October, we'll share more details. But we see a similar opportunity with generative AI to bring together the ability for a number of users across marketing departments organizations to be able to use the Adobe Experience platform and apps, and it will act as a copilot to accelerate the use cases that they bring to life. So we'll share more about that at the investor meeting."
FY23_Q3,2023-09-14,qa,Shantanu Narayen,mgmt,Adobe Inc.,"Saket, maybe just to give Anil and the team a lot of credit for what they actually accomplished in Q3 as well. The wins in Q3 in the Enterprise actually included a lot of the components of GenStudio, both in the Digital Media as well as in the Digital Experience. So certainly, the transformational deals that we're talking about, a big part of that is the synergy between the 2 clouds. So I wanted to point that out as well."
FY23_Q3,2023-09-14,qa,David Wadhwani,mgmt,Adobe Inc.,"And if I could actually just add one quick thing at the GenStudio work that Anil team has been doing, we've actually been using that within the Digital Media business already to release some of the campaigns that we've released this quarter. So it's one of these things that it's great to see the impact it's having on our business and that becomes a selling point for other businesses, too."
FY23_Q3,2023-09-14,qa,Operator,operator,,And moving on to Gregg Moskowitz with Mizuho.
FY23_Q3,2023-09-14,qa,Gregg Steven Moskowitz,analyst,"Mizuho Securities USA LLC, Research Division","Congratulations as well on a strong quarter. So when I look at Firefly, the amount of image generation in a 6-month period is clearly pretty stunning. And I'm just wondering if you're able to provide any additional color, whether it be monthly active users or some other metric, that may additionally help all of us gauge the improvements that Firefly is driving to your engagement levels, to your top of funnel, et cetera."
FY23_Q3,2023-09-14,qa,David Wadhwani,mgmt,Adobe Inc.,"Yes. Happy to talk about that. It's been a remarkable few months. I mean, we've said a few things. First is that the viral excitement that we saw because of Firefly on social has been hugely beneficial, and it's certainly driven a lot of top-of-funnel opportunity for us. In addition to that, one of the things that we were very excited about is when we integrated it into our Creative Pro applications, Illustrator and Photoshop primarily, we saw over 3 million downloads of those betas, beta applications, which is something we've never seen before. That gives you a sense of like how thirsty the existing customer base is for the generative capabilities that we have as well. And lastly, one of the things that we're very excited about and we obviously track very carefully is what does this do in terms of giving us access to new users that don't typically come to Adobe. And both Express and Firefly, and in particular, the integration of Firefly and Express, has been a real accelerant to that. So it's been nice to see us not just getting excitement within the current base but seeing millions of other users coming in that would not have typically come to Adobe for a product and then giving -- and starting their journey with Adobe through Firefly and Express."
FY23_Q3,2023-09-14,qa,Shantanu Narayen,mgmt,Adobe Inc.,"Two other maybe financial indicators to that, Gregg, are first, the Photoshop Single App, and I think Dan referred to that. Even in the beta, that actually drove a lot of Photoshop Single App, and the early indicators of how that also benefits retention in the entire book of business. So both of those are also good financial indicators of the potential of AI."
FY23_Q3,2023-09-14,qa,Operator,operator,,And we have a question from Brad Sills with Bank of America.
FY23_Q3,2023-09-14,qa,Bradley Hartwell Sills,analyst,"BofA Securities, Research Division","Wonderful. I wanted to ask about a comment that I think David made earlier in the call, where you're working hard to make Firefly the option for content design to be safe. I would love to double-click on that and understand a little bit how is Adobe the safe option and how is the company making this Firefly in this new generative frontier the safe option for enterprises."
FY23_Q3,2023-09-14,qa,David Wadhwani,mgmt,Adobe Inc.,"Yes. So from the very beginning of Firefly, we took a very different approach to how we were doing generative. We started by looking at and working off the Adobe Stock base, which are contents that are licensed and very clearly we have the rights to use. And we looked at other repositories of content where they didn't have any restrictions on usage, and we've pulled that in. So everything that we've trained on has gone through some form of moderation and has been cleared by our own legal teams for use in training. And what that means is that the content that we generate is, by definition, content that isn't then stepping on anyone else's brand and/or leveraging content that wasn't intended to be used in this way. So that's the foundation of what we've done. We've gone further than that, of course. And we've now actually -- we've been working with our Stock contributors. We've announced, and in fact, yesterday, we had our first payout of contributions to contributors that have been participating and adding stock for the AI training. And we're able to leverage that base very effectively so that if we see that we need additional training content, we can put a call to action, call for content, out to them, and they're able to bring content to Adobe in a fully licensed way. So for example, earlier this quarter, we decided that we needed 1 million new images of crowd scenes. And so we put a call to action out. We were able to gather that content in. But it's fully licensed and fully moderated in terms of what comes in. So as a result, all of the content we generate is safe for commercial use. The second thing is that because of that, we're able to go to market and also indemnify customers in terms of how they're actually leveraging that content and using it for content that's being generated. And so enterprise customers find that to be very important as we bring that in not just in the context of Firefly stand-alone but we integrated into our Creative Cloud applications and Express applications as well. So the whole ecosystem has been built on that. And the last thing I'll say is we've been very focused on fair generation. So we look intentionally for diversity of people that are generated, and we're looking to make sure that the content we generate doesn't create or cause any harm. And all of those things are really good business decisions and differentiate us from others."
FY23_Q3,2023-09-14,qa,Operator,operator,,And we have a question from Keith Bachman with BMO Capital Markets.
FY23_Q3,2023-09-14,qa,Keith Frances Bachman,analyst,BMO Capital Markets Equity Research,"Yes. I want to go back -- David, I wanted to hear your perspective on kind of the third cloud, the Document Cloud, if you will, as we look out over the next 12 months. And the spirit of the question is, there's a lot of attention, appropriately so, given Firefly and whatnot and perhaps even lending itself in the Experience Cloud. But does gen AI provide any tailwinds associated with the Document Cloud? Or is it sort of the existing driver that will help contribute to growth as we look at next year? But any just kind of -- what are the key things that we should be thinking about for Document Cloud?"
FY23_Q3,2023-09-14,qa,David Wadhwani,mgmt,Adobe Inc.,"Yes. First of all, we are very happy with the quarter Doc Cloud had. The ending book of business grew 22% in constant currency. And the strength of that is really driven based on top of funnel growth, right? So Acrobat on the Web had a phenomenal year-over-year growth rate. We've been working very actively to get Acrobat sort of deployed within -- as plug-ins within the browsers. We've got a great -- we've been doing a lot of product-led growth work in the products themselves to drive link sharing so that more and more people are not just using our products, but as they share links, we're actually able to capture more people and build growth loops. Signatures has been also doing incredibly well. So as we've got this broad-based proliferation of our surfaces that are available and continue to grow in terms of both free and paid usage, it creates a surface area that we can introduce a lot of really interesting things into. We haven't announced anything publicly associated with gen AI directly inside of Acrobat. But I think you can fairly safely expect to hear more about that from us soon. And what makes gen AI particularly interesting as it relates to Acrobat is the distribution that we have with Acrobat. So if Acrobat is -- and Reader are in front of hundreds of millions of people on a monthly basis, our ability to insert generative AI into their workflows, just like we've been able to really differentiate our work on generative AI in creative by inserting it into the workflows of creative folks, I think that becomes the secret sauce to how we differentiate ourselves."
FY23_Q3,2023-09-14,qa,Operator,operator,,And our next question will come from Brent Thill with Jefferies.
FY23_Q3,2023-09-14,qa,Brent John Thill,analyst,"Jefferies LLC, Research Division","Shantanu, you mentioned success in ETLAs. What's driving that, especially given some of the macro jitters that are still lingering? Are you starting to see those jitters go away and that's the result of what's happening with the ETLAs?"
FY23_Q3,2023-09-14,qa,Shantanu Narayen,mgmt,Adobe Inc.,"I think in the ETLA specifically, Brent, both to the comments that David and Anil mentioned, the first is the amount of content that people are creating. There's a lot of interest associated with ensuring that the combination of Creative Cloud plus Express, that people can really understand what they are spending on their content as well as find ways to use AI to automate it, to localize it, to improve production costs. So I think that message is certainly resonating with people and the fact that Express can be a productivity application for every knowledge worker in the enterprise, much like Acrobat as well. So I think both of those are really leading to a significant amount of great conversations. I think mobile, David perhaps mentioned even in his prepared remarks how mobile has been one of the tailwinds that we've seen, Brent. So I think that's also working. So I think investment in productivity gains is clearly top of mind right now, and both of these play well into that narrative in enterprises."
FY23_Q3,2023-09-14,qa,Operator,operator,,And we have a question from Alex Zukin with Wolfe Research.
FY23_Q3,2023-09-14,qa,Aleksandr J. Zukin,analyst,"Wolfe Research, LLC","And I guess a two-parter on generative AI. First, just around the pricing model for generative credits. Obviously, very progressive. And I guess, how should we think about -- as we go forward and you've seen at least on the hobbyist side some of the usage of Firefly and within Express, how do we think about for the 2 cohorts of both obvious and professional creatives, how many credits are kind of a typical user or use case likely to drive in a given month? And to the question that you got kind of about Document Cloud and the impact of generative AI on that business, is it fair to think that given the pricing that's been announced, the next wave of incremental innovation, is that going to come more from new product availability? Or should we think about more pricing-enabled levers to come?"
FY23_Q3,2023-09-14,qa,Shantanu Narayen,mgmt,Adobe Inc.,"I think Alex, on the first question associated with how did we think about pricing, I mean, first, it's important to remember the breadth of all of the segments that we serve, in other words, how we think about K-12 all the way to the largest enterprise in the world. And I think it's fair to say that philosophically, we wanted to drive more adoption, and therefore, the pricing as it relates to what's included in the at least short run for Firefly subscriptions, Express subscriptions, GenStudio in terms of how much they can get within an enterprise is going to be the bulk of how we recognize the ARR. And I think getting that adoption and usage is where the primary focus is going to be in terms of the new user adoption as well as, for existing customers, the pricing upgrade. So that's how we think about it. We certainly need the ability to have the generative packs but I think just getting everybody exposed to it. One of the real innovations that we did that's driven tremendous uptake in that is what we've called this context of where sort of menus within Photoshop. So it's so front and center. You'll start to see that being rolled out in all of the other applications. So that's sort of the focus. Let's get the core subscriptions. Let's get all of them exposed to it, and let's make sure that we're covering what we need to buy the pricing actions that we took. So that was sort of the focus. I think on the Doc Cloud part and how we look at it, to add to, again, what David said, I mean some of the things that people really want to know is how can I have a conversational interface with the PDF that I have, not just the PDF that I have opened right now but the PDF that are all across my folder, then across my entire enterprise knowledge management system, and then across the entire universe. So much like we are doing in Creative, where you can start to upload your images to get -- train your own models within an enterprise, well, it is often [ hard-pressed ]. The number of customers who want to talk to us now that we've sort of designed this to be commercially safe and say, ""Hey, how do we create our own model,"" whether you're a Coke or whether you're a Nike, think of them as having that. I think in the document space, the same interest will happen, which is we have all our knowledge within an enterprise associated with PDFs, ""Adobe, help me understand how your AI can start to deliver services like that."" So I think that's the way you should also look at the PDF opportunity that exists, just more people taking advantage of the trillions of PDFs that are out there in the world and being able to do things. The last thing maybe I'll mention on this front, Alex, is the APIs. So part of what we are also doing with PDFs is the fact that you can have all of this now accessible through APIs. It's not just the context of the PDF, the semantic understanding of that to do specific workflows, we're starting to enable all of that as well. So hopefully, that gives you some flavor. You're right, the generative credits has been designed to more for adoption right now. But we also wanted to make sure that at the high end, we were careful about how much generative credits we allowed."
FY23_Q3,2023-09-14,qa,David Wadhwani,mgmt,Adobe Inc.,"Yes. And just one thing to add to that, Alex, is that one of the things we did -- first of all, it was a very thoughtful, deliberate decision to go with the generative credit model. And the limits, as you can imagine, were very, very considered in terms of how we set them. The limits are, of course, fairly low for free users. The goal there is to give them a flavor of it and then help them convert. . And for paid users, especially for people in our Single Apps and All Apps plans, one of the things we really intended to do is try and drive real proliferation of the usage. We didn't want there to be generation anxiety, put in that way. We wanted them to use the product. We wanted the Generative Fill and Generative Expand. We wanted the vector creation. We want to build the habits of using it. And then what will happen over time as we introduce 3D, as we introduce video and design and vectors, and as we introduce these Acrobat capabilities that Shantanu was talking about, the generative credits that are used in any given month continues to go up because they're getting more value out of it. And so that's the key thing. We want people to just start using it very actively right now and build those habits."
FY23_Q3,2023-09-14,qa,Aleksandr J. Zukin,analyst,"Wolfe Research, LLC","Super clear. Super thoughtful. If I could sneak one in for Dan. Of the $520 million in the net new ARR for Q4, just roughly, you've talked about before having some impact from the generative AI products that you were going to launch this year. Is it fair to assume it's very minimal in that $520 million?"
FY23_Q3,2023-09-14,qa,Daniel J. Durn,mgmt,Adobe Inc.,"Yes, I would say it's a modest impact to the business in Q4. And again, a quarter from now when we give our FY 2024 targets, we'll have more to say of what that looks like going forward, but modest impact in Q4."
FY23_Q3,2023-09-14,qa,Operator,operator,,And we'll take a question from Brad Zelnick with Deutsche Bank.
FY23_Q3,2023-09-14,qa,Brad Alan Zelnick,analyst,"Deutsche Bank AG, Research Division","David, you talked about making Firefly APIs available to customers to embed Firefly into their own content creation workflows. Can you talk about the use cases and monetization? And is this something you foresee partners leveraging as well into their own third-party offerings?"
FY23_Q3,2023-09-14,qa,David Wadhwani,mgmt,Adobe Inc.,"Yes, absolutely. Our goal right now, for enterprises and third-parties that we work with, is to provide a few things. The first is this ability, obviously, to have API access to everything that we are building in, so that they can build it into their workflows and their automation stack. The second thing is to give them the ability to extend or train their own models as well. So if -- as we mentioned earlier, our core model, foundation model is a very clean model. It generates great content and you can rely on it commercially. We want our customers and partners to be able to extend that model with content that is relevant to them so that Firefly is able to generate content in their brand or in their style. So we'll give them the ability to train their own model as well. And then last, but certainly not least, we'll give them some core workflows that will work with our existing products, whether it's Express or whether it's Creative Cloud or GenStudio as well, so that they can then integrate everything they're doing onto our core platform. And then from a monetization perspective, you can imagine the metering concepts that we have for generative credits extending to API calls as well. And of course, those will all be custom negotiated deals with partners and enterprises."
FY23_Q3,2023-09-14,qa,Jonathan Vaas,mgmt,Adobe Inc.,"Operator, we're getting close to the top of the hour. We'll take one more question, please."
FY23_Q3,2023-09-14,qa,Operator,operator,,Our next question will come from Jay Vleeschhouwer with Griffin Securities.
FY23_Q3,2023-09-14,qa,Jay Vleeschhouwer,analyst,"Griffin Securities, Inc., Research Division","Shantanu, over the last decade or more, one of the most important attributes of how you've managed your product portfolio have been the intra-segment and intersegment integrations, particularly between Digital Media and DX. There was, as you know, a famous acronym for that. Now when we think about the current generation of integrations that you've just announced, including yesterday, aside from the Firefly-ing of the product line and the proliferation of Firefly, what are some of the internal developmental changes that you yourselves have had to make in order to support the development of new integrations, new packaging? What are you doing differently internally? And then externally, particularly to support the new generation of products, what are you having to invest in, in terms of customer support and enabling their adoption?"
FY23_Q3,2023-09-14,qa,Shantanu Narayen,mgmt,Adobe Inc.,"Yes, Jay, I mean -- and certainly, I think at MAX also, you'll see a bunch more of the innovation. I think first, internally, I'd be remiss if I didn't start off by saying how really thrilled I am with how quickly the company has embraced the possibilities of AI, how we run all of these betas out there at a scale that, as we have said, is unprecedented, dealing with the differentiation that we can provide, whether that's how we deal with the data, understanding the indemnification, how we embed all of this AI stuff in the interfaces. And we've already shown that in Photoshop, Illustrator, Express as well as create the new offering. So I think the pace of innovation internally of what we have done is actually truly amazing. I mean relative to a lot of the companies that are out there and the fact that we've gone from talking about this to very, very quickly, making it commercially available, I don't want to take for granted the amount of work that went into that. I think internally, it is really galvanized because we are our own biggest user of these technologies. What we are doing associated with the campaigns and the GenStudio that we are using, as David alluded to it, our Photoshop Everyone Can Campaign or the Acrobat's Got It campaign or how we will be further delivering campaigns for Express as well as for Firefly, all of this is built on this technology. And we use Express every day, much like we use Acrobat every day. So I think it's really enabled us to say are we really embracing all of this technology within the company. And that's been a big change because I think the Creative products, we've certainly had phenomenal usage within the company, but the extent to which the 30,000 employees can now use our combined offering, that is very, very different internally. So very pleased, associated with that. And I think one way in which that manifests is that all of our product reviews right now include all 3 groups. So there's very little product sort of reviews that happen without people from Creative and Document and the Experience Cloud being part of it. So that's one of them. I think the work that we have already put in on the digital excellence as part of DDOM, that also gives us a lot of confidence of now that we have this breadth of offering, how do we make sure that we can personalize the offerings. Part of the success that was driven in this quarter, Jay, was to do with the fact that the stock and these value-added services, I think the digital excellence team in terms of the DDOM have really got very good at segmenting our customers and understanding how we can make sure that they have the right offering. And now think of that with all of the breadth of offerings that we have across mobile and desktop and Web. So I think internally and externally, this has been, again, a real sort of drinking from the firehose of how we embrace AI. And so I think those are really 2 examples of how we've done it. And the third thing I would say is that in parallel, internally, we've had to really change, where prior to this, Jay, we may have said, ""Okay, we're really going to make all of this magic happen in one of our applications."" Today, that has to happen not just within the application, which we've certainly done, but it has to happen as an API so that everybody else can use it. It has to happen as a Web-only playground, which is what Firefly and Express both has. So the simultaneous release of not just investing in the model but making sure that's available across all the surfaces, I would say that's another thing. And the last thing I'll leave you with is you've seen this for imaging. Make no mistake, those same investments, whether it's in vector or animation or 3D, all of those video certainly are underway. And so I think the parallelism associated with saying how do we embrace this opportunity, I think that's also been another big change. But I think it's clear, given this was the last question before I hand it over to Jonathan, that a lot of the questions have been focused on understanding right now all of our announcements and the monetization associated with it. But I did want to again sort of acknowledge that we have delivered all of this innovation at a breakthrough pace. And so we'll certainly share more as it relates to how we see this play out at MAX, you'll see us have more information on the products. And certainly with the 2024 targets, you'll start to get more visibility into how and why we believe this is both a growth opportunity as well as embracing new customers. So thank you for joining us. And with that, I will turn it back over to Jonathan."
FY23_Q3,2023-09-14,qa,Jonathan Vaas,mgmt,Adobe Inc.,"Thanks, Shantanu, and thanks, everyone, for joining us today. Looking ahead, we have an exciting lineup planned for MAX starting on October 10, and we hope you'll be able to attend the entire conference. At the investor meeting after the day 1 keynote, we plan to focus on the impact of AI across our customer offerings with previews into our technology road map and how these innovations expand Adobe's reach. Given that, fiscal 2024 targets will be provided at our December earnings call. In addition, we're planning another investor event at Adobe Summit in March to give more insight into our addressable markets and financial performance. We hope to see you there. Thanks, everyone, and this concludes the call."
FY23_Q3,2023-09-14,qa,Operator,operator,,That does conclude today's conference. We do thank you for your participation. Have an excellent day.
FY23_Q4,2023-12-13,prepared,Operator,operator,,"Good day, and welcome to the Q4 and FY 2023 Adobe Earnings Conference Call. Today's conference is being recorded. At this time, I would like to turn the conference over to Jonathan Vaas, VP of Investor Relations. Please go ahead."
FY23_Q4,2023-12-13,prepared,Jonathan Vaas,mgmt,Adobe Inc.,"Good afternoon, and thank you for joining us. With me on the call today are Shantanu Narayen, Adobe's Chair and CEO; David Wadhwani, President of Digital Media; Anil Chakravarthy, President of Digital Experience; and Dan Durn, Executive Vice President and CFO. On this call, which is being recorded, we will discuss Adobe's fourth quarter and fiscal year 2023 financial results. You can find our press release as well as PDFs of our prepared remarks and financial results on Adobe's Investor Relations website. The information discussed on this call, including our financial targets and product plans, is as of today, December 13, and contains forward-looking statements that involve risks, uncertainty and assumptions. Actual results may differ materially from those set forth in these statements. For more information on those risks, please review today's earnings release and Adobe's SEC filings. On this call, we will discuss GAAP and non-GAAP financial measures. Our reported results include GAAP growth rates as well as constant currency rates. During this presentation, Adobe's executives will refer to constant currency revenue growth rates, unless otherwise stated. Reconciliations between the 2 are available in our earnings release and on Adobe's IR website. I will now turn the call over to Shantanu."
FY23_Q4,2023-12-13,prepared,Shantanu Narayen,mgmt,Adobe Inc.,"Thanks, Jonathan. Good afternoon, and thank you for joining us. Q4 was our first ever $5 billion quarter, a new record for the company. Adobe achieved revenue of $5.05 billion, representing 13% year-over-year growth. GAAP earnings per share for the quarter was $3.23 and non-GAAP earnings per share was $4.27, representing 28% and 19% year-over-year growth, respectively. Q4 was the culmination of another record year for Adobe, achieving $19.41 billion in revenue, which represents 13% annual growth. GAAP earnings per share in fiscal 2023 was $11.82 and non-GAAP earnings per share was $16.07, both representing 17% year-over-year growth. We exited the year with $17.22 billion in RPO. Our strong performance reflects the mission-critical role our products play in a digital-first world, incredible product innovation and exceptional execution. Adobe Creative Cloud, Document Cloud and Experience Cloud have become the foundation of digital experiences, starting with the moment of inspiration to the creation and development of content and media to the personalized delivery and activation across every channel. Adobe's mission of changing the world through personalized digital experiences and our delivery of foundational technology platforms set us up for the next decade of growth. We take pride in being one of the most inventive, diversified and profitable software companies in the world. We believe that every massive technology shift offers generational opportunities to deliver new products and solutions to an ever-expanding set of customers. AI and generative AI is one such opportunity, and we have articulated how we intend to invest and differentiate across data, models and interfaces. We have delivered against this strategy and are pleased that a number of our groundbreaking innovations, including our Firefly models and integrations across Creative Cloud, Liquid Mode and integrations across Document Cloud and AI services in our real-time customer data platform and integrations in Experience Cloud are now seeing tremendous usage by customers. We remain excited about the strategic opportunity with Figma to jointly advance product design, accelerate collaborative creativity on the web and redefine the future of creativity and productivity. We continue to engage with the European Commission, the Competition and Markets Authority in the U.K. and the U.S. Department of Justice as they conduct their regulatory reviews. The EC has provided a preliminary statement of objections, and the CMA has issued provisional findings of competition concerns. We strongly disagree with these findings and are responding to the respective regulators. As per their current time lines, the EC's decision deadline is February 5 and the CMA's is February 25. While the DOJ does not have a formal time line to decide whether to bring a complaint, we expect a decision soon. I'll now turn it over to David to discuss the momentum in our Digital Media business."
FY23_Q4,2023-12-13,prepared,David Wadhwani,mgmt,Adobe Inc.,"Thanks, Shantanu. Hello, everyone. In Q4, we achieved net new Digital Media ARR of $569 million and revenue of $3.72 billion, which grew 14% year-over-year fueled by innovation in both our Creative and Document businesses. Starting with Creative Cloud. Global demand for content is accelerating and continues to be a tailwind for the business. Creative Cloud remains the creativity platform of choice for creators across imaging, photography, design, video, web, animation and 3D. Our rapid pace of product and AI model innovation is empowering a wide and growing base of individuals, students, creative professionals, small business owners and enterprises to create and monetize amazing content more quickly and easily than ever before. We were thrilled to come together in person with thousands of creators at Adobe MAX in Los Angeles and at our MAX event in Tokyo, with millions more from our community engaging with us online. We reached a record 300 million social interactions in the month following MAX. Q4 was a record quarter for Creative Cloud, achieving $3 billion in revenue, which grew 14% year-over-year. Net new Creative Cloud ARR was $398 million. Business highlights include strong digital traffic resulting from product innovation, social engagement and our continued product-led growth efforts, which drove record new commercial subscriptions in the quarter. The general availability of our generative AI Firefly models and their integrations across Creative Cloud drove tremendous customer excitement with over 4.5 billion generations since launch in March. The release of 3 new Firefly models, Firefly Image 2 model, Firefly Vector model and Firefly Design model, offering highly differentiated levels of control with effects, photo settings and generative match. We also introduced generative credits as part of our Creative Cloud subscription plans. The general availability of Photoshop Generative Fill and Generative Expand, which are seeing record adoption. They're already among the most used features in the product. Advances in Adobe Illustrator with the introduction of Text to Vector Beta, enabling users to generate icons, scenes, subjects, patterns and gradients. Adobe Premiere Pro advances include a significant performance improvement in the time line for faster and smoother editing, new color preferences and improved tone mapping. Premier Pro is now natively integrated with Frame.io offering faster content sharing and collaboration. The combination of Adobe Express and Firefly is enabling everyone from creative pros to beginners to quickly move from ideation to task-based workflows in Express, dramatically expanding our reach and widening our top of funnel. The family of generative capabilities across Express, including Text to Image, Text Effects, text to template and Generative Fill are driving adoption of Express and making it even faster and more fun for users of all skill levels. Express now comes pre-installed on all new Chromebooks, making it accessible to students, educators and anyone using Chrome OS. Continued strength in Adobe Stock, which had its best year ever, driven by accelerating demand for high-quality image, vector, video and 3D content. Creative Cloud, Express and Firefly integrations with Adobe GenStudio, enabling ideation, creation and stakeholder collaboration as part of their overall content supply chain. Strong mid-market and enterprise adoption driven by upsell to Creative Cloud offerings with Firefly. Key customer wins include CyberAgent, Deloitte, Discovery Communications, Nexstar Media, Pepsi, Publicis, and the United Nations. We are thrilled with the momentum we're seeing in the Creative business following a year of unprecedented innovation. Customer excitement around Firefly integrations across our applications has been great to see with community engagement, social interactions and creative marketing campaigns driving organic brand search volume, traffic and record demand. While we started rolling out new Creative Cloud pricing in select geographies in November, the primary driver of growth continues to be new paid subscriptions across our routes to market. We are excited to build on this momentum as we enter FY '24. Now turning to Document Cloud. Digital documents are essential enablers of our personal and professional lives. Document Cloud is a leader in digital documents, powering all common document actions, including editing, sharing, reviewing, scanning and signing. Document Cloud innovations are advancing accessibility, comprehension, productivity, automation and security in document workflows across web, desktop and mobile. In Q4, we achieved Document Cloud revenue of $721 million, growing 17% year-over-year. We added a record $171 million of net new Document Cloud ARR, with ending ARR growing 23% year-over-year in constant currency. Business highlights include: Acrobat Web growth, which continues to be an incredible source of customer acquisition with monthly active users up over 70% year-over-year; a surge in usage of link sharing for stakeholder collaboration around PDF files, which increased 400% year-over-year, creating a viral growth loop that is bringing tens of millions of users into the Acrobat ecosystem. This is a great example of how we are scaling our PLG motions; strong demand for Acrobat on mobile with MAU surpassing 100 million users in Q4. Liquid Mode has now served over 1 billion files to customers, demonstrating how indispensable this technology has become on mobile devices. Adobe Acrobat to Express workflows, making it even easier to import, edit and enhance documents to create visually stunning PDFs. Key enterprise customer wins include Alshaya, Bank of America, Department of Veterans Affairs, Mastercard, State Farm Auto Insurance and Volkswagen. Much like the Creative business, we expect Generative AI to deliver additional value and attract new customers to Document Cloud. Acrobat's Generative AI capabilities, which will enable new creation, comprehension and collaboration functionality have already been rolled out in a private beta. We expect to release this in a public beta in the coming months. It's been an extraordinary year for the Digital Media business, with the introduction of hundreds of transformative innovations that are reshaping the future of creativity, productivity and digital experiences. Capping this year's many accolades, Time Magazine recognized Adobe Liquid Mode, Photoshop Generative Fill and Generative Expand among the best inventions of 2023. I'll now pass it to Anil."
FY23_Q4,2023-12-13,prepared,Anil S. Chakravarthy,mgmt,Adobe Inc.,"Thanks, David. Hello, everyone. Digital Experiences are indispensable for every business in every category, enabling companies of all sizes to engage and transact with customers around the world. Adobe's holiday shopping report, which analyzes trillions of data points, found that both Black Friday and Cyber Monday sales hit record highs of $9.8 billion and $12.4 billion, respectively, jumping 7.5% and 9.6% from last year. We predict that holiday 2023 spend will exceed $221 billion in the U.S. alone. Adobe Experience Cloud is optimally positioned to capitalize on this massive global opportunity. Companies across B2C and B2B are turning to Adobe Experience Cloud as the platform to accelerate experience-led growth. Our leading solutions spanning data insights and audiences, content and commerce, customer journeys and marketing workflow empower businesses to drive customer demand, engagement and growth while simultaneously delivering productivity gains. Our comprehensive set of applications, including real-time CDP, are built natively on our highly differentiated Adobe Experience platform, providing companies with a unified profile of each of their customers to deliver personalized real-time experiences at scale. Generative AI accelerates our pace of innovation across the Experience Cloud portfolio, enabling us to build on our capabilities to deliver personalized digital experiences. Our efforts are focused in 3 areas: one, augmenting our applications with an AI assistant that significantly enhances productivity for current users and provides an intuitive conversational interface to enable more knowledge workers to use our products; two, reimagining existing Experience Cloud applications like we did with Adobe Experience Manager; and three, developing entirely new solutions built for the age of generative AI like Adobe GenStudio. In Q4, we continued to drive strong growth in the Experience Cloud business across our enterprise and mid-market customers, achieving $1.27 billion in revenue. Subscription revenue was $1.12 billion, representing 12% year-over-year growth. Business highlights include: strong momentum with Adobe Experience Platform and native applications, inclusive of real-time CDP, Adobe Journey Optimizer and Customer Journey Analytics. AEP had its first $100 million quarter of net new business in Q4 and exited the year with a greater than $700 million annualized book of business. Release of Adobe GenStudio, an end-to-end solution that brings together best-in-class applications across Creative Cloud, Express and Experience Cloud with Firefly Generative AI at the core to help brands meet the rising demand for content. GenStudio provides a comprehensive offering spanning content ideation, creation, production and activation. We are seeing tremendous interest in GenStudio from brands like Henkel, Pepsi and Verizon and agencies like Publicis, Omnicom and Havas as they look to accelerate and optimize their content supply chains. Reimagine customer experiences with the all-new Adobe Experience Manager sites that enable businesses and developers to quickly test and optimize web content, deliver fastest possible page load times and maximize SEO rankings, lighthouse scores and conversion. Adobe was recognized as a leader in over 25 industry analyst reports this year, including the Gartner Magic Quadrant for Digital Experience Platforms, B2B Marketing Automation Platforms and Multichannel Marketing Hubs. In the Forrester Wave for Digital Experience Platforms, which was published last week, Adobe received the highest scores for strategy. Key customer wins include Alshaya, Coca-Cola, EY, IBM, Marriott, Riyadh Air, Santander Brazil, Sony, Southern Graphics, Unilever, Vanguard and Verizon. In our conversations with these and other customers around the world, C-level executives are continuing to prioritize experience-led growth as a critical business imperative despite ongoing budget scrutiny. Adobe Experience Cloud is well-positioned to keep winning with innovative products that power end-to-end customer experiences and enable companies to simultaneously drive growth and profitability. We are looking forward to continuing our leadership and momentum into 2024. I'll now pass it to Dan."
FY23_Q4,2023-12-13,prepared,Daniel J. Durn,mgmt,Adobe Inc.,"Thanks, Anil. Our earnings report today covers both Q4 and FY '23 results. What a year 2023 was. Fueled by a deep understanding of our customers, product innovation and outstanding execution, we delivered strong financial results and world-class margins, positioning the company for years of continued growth. . In FY '23, Adobe achieved record revenue of $19.41 billion, which represents 10% year-over-year growth or 13% growth in constant currency. GAAP EPS for the year was $11.82 and non-GAAP EPS was $16.07, each growing 17% year-over-year. FY '23 business and financial highlights included: Digital Media revenue of $14.22 billion; net new Digital Media ARR of $1.91 billion; Digital Experience revenue of $4.89 billion; cash flows from operations of $7.3 billion; RPO of $17.22 billion exiting the year; and repurchasing approximately 11.5 million shares of our stock during the year at a cost of $4.63 billion. In the fourth quarter of FY '23, Adobe achieved revenue of $5.05 billion, which represents 12% year-over-year growth or 13% in constant currency. GAAP diluted earnings per share in Q4 was $3.23 and non-GAAP diluted earnings per share was a record $4.27, growing 28% and 19% year-over-year, respectively. Q4 business and financial highlights included: Digital Media revenue of $3.72 billion; net new Digital Media ARR of $569 million; Digital Experience revenue of $1.27 billion; cash flows from operations of $1.6 billion; adding approximately $1.5 billion to RPO in the quarter, our highest sequential quarterly increase ever; and repurchasing approximately 1.8 million shares of our stock. In our Digital Media segment, we achieved Q4 revenue of $3.72 billion, which represents 13% year-over-year growth or 14% in constant currency. Our net new ARR in Q4 was $569 million, which was a quarterly record in constant currency, and we exited the quarter with $15.17 billion of Digital Media ARR. We achieved Creative revenue of $3 billion, which represents 12% year-over-year growth or 14% in constant currency. And we added $398 million of net new Creative ARR in the quarter. Driving this performance was strong customer acquisition throughout the quarter as well as strength during the peak holiday shopping weeks. Fourth quarter Creative growth drivers included: individual subscriber growth fueled by targeted campaigns and strong web traffic; a strong quarter for Creative Cloud All Apps subscriptions across customer segments and geographies with particular strength in emerging markets; sales of CC single apps, including a strong quarter for imaging and photography offerings; continued growth of our Frame.io offering and Adobe Stock, which kept off its best year ever in terms of net new ARR; customer demand in education, driven by back-to-school purchasing as well as migrations to full-priced offerings by graduating students entering the workforce; and typical Q4 strength in the enterprise, including significant upsell of our new Firefly and Express offerings. Adobe achieved Document Cloud revenue of $721 million, which represents 16% year-over-year growth or 17% in constant currency. We added a record $171 million of net new Document Cloud ARR in the quarter. Fourth quarter Document Cloud growth drivers included: Acrobat subscription demand across all customer segments, routes to market and geographies; continued strength of our free-to-paid funnels, including Reader on the desktop and Acrobat Web; strong performance of our collaboration services, including PDF link sharing and Sign, which are virally bringing new users to the Acrobat ecosystem; an outstanding quarter for Acrobat Mobile as a result of increased proliferation, usage and conversion; and year-end seasonal strength in SMB and enterprise. Turning to our Digital Experience segment. In Q4, we achieved revenue of $1.27 billion, growing 10% year-over-year or 11% in constant currency. We achieved subscription revenue of $1.12 billion, which represents 12% year-over-year growth. Fourth quarter Digital Experience growth drivers included: strong year-end bookings across solutions with particular strength in North America; continued success closing multi-solution transformational deals with large enterprises; momentum with AEP and native applications, with the FY '23 exiting book of business growing greater than 60% year-over-year; strong net dollar retention for early adopters of AEP, demonstrating the value enterprises are realizing from our real-time data platform and integrated offerings; and strength across our Data & Insights, Content and Workfront solutions and growing customer interest and pipeline for our new GenStudio solution. We drove world-class operating margins in Q4 and throughout fiscal 2023 by making disciplined investments in R&D, marketing and sales. And we're pleased that we grew EPS faster than revenue. Adobe's effective tax rate in Q4 was 18% on a GAAP basis and 18.5% on a non-GAAP basis, in line with our expectations. RPO exiting the quarter was $17.22 billion, growing 13% year-over-year. Our ending cash and short-term investment position exiting Q4 was $7.84 billion. And cash flows from operations in the quarter were $1.6 billion after making a previously discussed payment in the quarter of $826 million of U.S. federal taxes that we deferred from the second and third quarters of FY '23. In Q4, we entered into a $1 billion share repurchase agreement, and we currently have $2.15 billion remaining of our $15 billion authorization granted in December 2020. As a reminder, we measure ARR on a constant currency basis during a fiscal year and revalue ARR at year-end. FX rate changes between December of 2022 and this year have resulted in a $160 million increase to Digital Media ARR balance entering FY '24, which is now $15.33 billion and is reflected in our updated investor data sheet. Factoring in the momentum across our businesses and current expectations for the macroeconomic and foreign exchange environments, for FY '24, we are targeting: total Adobe revenue of $21.30 billion to $21.50 billion; Digital Media net new ARR of approximately $1.9 billion; Digital Media segment revenue of $15.75 billion to $15.85 billion; Digital Experience segment revenue of $5.275 billion to $5.375 billion; Digital Experience subscription revenue of $4.75 billion to $4.80 billion; tax rate of approximately 18% on a GAAP basis and 18.5% on a non-GAAP basis; GAAP earnings per share of $13.45 to $13.85; and non-GAAP earnings per share of $17.60 to $18. As a reminder and as is customary, these targets do not reflect our planned acquisition of Figma. We expect normal seasonality throughout the year with a seasonal stepdown for new business into the first quarter, sequential growth from Q1 to Q2, typical Q3 summer seasonality and a strong finish to the year in Q4. We expect our cash tax rate to improve sequentially in FY '24 by 2 percentage points as the amortization of previously capitalized R&D increases our deductions next year for tax purposes, benefiting our operating cash flows next year. For Q1 FY '24, we're targeting: total Adobe revenue of $5.10 billion to $5.15 billion; Digital Media net new ARR of approximately $410 million; Digital Media segment revenue of $3.77 billion to $3.80 billion; Digital Experience segment revenue of $1.27 billion to $1.29 billion; Digital Experience subscription revenue of $1.14 billion to $1.16 billion; tax rate of approximately 18% on a GAAP basis and 18.5% on a non-GAAP basis; GAAP earnings per share of $3.35 to $3.40; and non-GAAP earnings per share of $4.35 to $4.40. While the implied operating margin for Q1 is up sequentially, we expect a typical seasonal margin stepdown starting in Q2 as a result of the annual merit increases and disciplined investments to drive growth. In summary, I couldn't be prouder of the company's performance in FY '23 and the momentum we're carrying into 2024 across Creative Cloud, Document Cloud and Experience Cloud. Our strategy, scale, speed of execution and profitability position us for years of sustained success. Shantanu, back to you."
FY23_Q4,2023-12-13,prepared,Shantanu Narayen,mgmt,Adobe Inc.,"Thanks, Dan. In addition to our financial accomplishments, we are proud to once again be recognized for our industry leadership. Content credentials and Adobe's approach to responsible AI were recognized by Fast Company as one of the year's breakthrough innovations. We were again named to the Dow Jones Sustainability Index. Glassdoor listed Adobe as one of the best places to work. And Interbrand ranked us in the top 20 Best Global Brands as a rising brand for the eighth year in a row. Digital remains a massive tailwind as content demand and consumption continues to grow and businesses of all sizes are focused on transforming their customer experiences. Adobe is incredibly well-positioned to lead and capitalize on this opportunity, thanks to our innovative road map, expanding global customer base, strong brand and the best employees in the world. Our fiscal '24 financial targets reflect our confidence in continuing to drive strong top line growth and world-class profitability. I'm more certain than ever that Adobe's best days are ahead of us. Thank you, and we will now take questions. Operator?"
FY23_Q4,2023-12-13,qa,Operator,operator,,[Operator Instructions] We'll take our first question from Kash Rangan with Goldman Sachs.
FY23_Q4,2023-12-13,qa,Kasthuri Gopalan Rangan,analyst,"Goldman Sachs Group, Inc., Research Division","Congrats on the quarter, and happy holidays. Shantanu and team, I'm wondering, going into 2024, it definitely feels like the economy's in stable footing. And in general, the software metrics are all improving as this year unfolded and very different from going from '22 to '23, yet your ARR guidance is not the same as how you started last year but you got the benefit of Generative AI, tailwinds from the economy, you've got pricing and Firefly. Can you just help us understand, if you isolate for those factors, what has gone into your guidance? Because it seems like if we exclude the optionalities that you have, including the tailwinds in the economy, that, that guidance looks like it's very conservative. And maybe that's the right thing to do but just wanted to understand your thought process."
FY23_Q4,2023-12-13,qa,Shantanu Narayen,mgmt,Adobe Inc.,"Yes. Thanks, Kash. I mean certainly, really thrilled with what a phenomenal year we had across all aspects of the business, whether it was the $5 billion quarter, $5 billion book of business now in DX exiting and certainly, Digital Media ARR performance. Let's -- if you reflect, I mean, you talked about the guidance that we gave at the beginning of '23 and '24. If you recall, we actually had guided to 16.50 first, then we upped it, as you know, to 17.50 and ended with 19.13. And so to your point, on the execution front, we've delivered some great innovative products. We've expanded the customer base with new products like Express and Firefly. We're certainly focused on surfaces and making sure all of our flagship products are available across all surfaces. And so we do have multiple growth drivers to your point, and we are focused on monetizing the opportunity. I mean I would say we take our guide very seriously. The other way of looking at it, Kash, is it's our highest annual guide ever in terms of what the guide we've issued. It's our highest Q1 guide ever. And we want to go, again, execute against this large opportunity and have another record year. So we're feeling good. The momentum is certainly there in the business, but we take our guidance at this point of the year very seriously."
FY23_Q4,2023-12-13,qa,Operator,operator,,We will take our next question from Keith Weiss with Morgan Stanley.
FY23_Q4,2023-12-13,qa,Keith Weiss,analyst,"Morgan Stanley, Research Division","I think this is in a similar vein to what Kash was trying to get at but maybe a little bit more focused on Q4 in particular. When we look at the Digital Media net new ARR adds in Q4, it looks like you had a very, very strong Document Cloud, record quarter, like you were saying. Really strong year-on-year growth in those net adds. Creative Cloud, where we actually saw a price increase and we have all the excitement on Firefly, that was actually down on a year-on-year basis. And this is the first time since 2018, we've seen Creative Cloud net new ARR below $400 million. And I think that's the surprise for investors, was a negative surprise for investors that we're trying to figure out. Was there something dragging the Creative Cloud side of the equation this year or a tough comp from last year or something that explains why the price increases and all the positive momentum and innovation out of Adobe MAX isn't translating into net new ARR growth for Creative Cloud in particular?"
FY23_Q4,2023-12-13,qa,David Wadhwani,mgmt,Adobe Inc.,"Yes, happy to take that, Keith, David here. So first of all, as you mentioned in the DME business, we're really excited about the results for '24, over $1.9 billion in net new ARR, obviously well above the guide. We see an expanding base of customers and a lot of momentum coming from Gen AI as you noted. As part of this, we delivered -- what we delivered in Q4 was net new ARR, was a record net new ARR in constant currency. Now specific to your question on Creative Cloud momentum and how to interpret the numbers that you see there, underlying all of this is very strong momentum because we delivered a record Creative Cloud new commercial subscriptions number in the year. So that is really the foundation and the base of customers coming in and really benefiting from not just what we get in this quarter but also how we build on that going forward. So it really sets us up well for FY '24. As you look at the numbers for Creative Cloud ARR, net new ARR in the quarter, you have to look at it relative -- Q4 FY '23 relative to Q4 FY '22, as you mentioned. You need to consider that FY '22 had 2 pricing actions that accrued to Creative Cloud that are much lower now in Q4 FY '23. So if you normalize for the impact of the pricing that rolled off and the pricing that came on, Creative Cloud net new ARR in Q4 grew on a constant currency basis."
FY23_Q4,2023-12-13,qa,Shantanu Narayen,mgmt,Adobe Inc.,"And Keith, just to punctuate the 2 points that David said, first, it was a record for Creative ARR as it related to subscriptions in Q4 of 2023. And Creative ARR would have grown if you had backed out the pricing. So the business continues to be extremely healthy, to your point."
FY23_Q4,2023-12-13,qa,Operator,operator,,We will take our next question from Alex Zukin with Wolfe Research.
FY23_Q4,2023-12-13,qa,Aleksandr J. Zukin,analyst,"Wolfe Research, LLC","I guess maybe looking at next year, as we look at how much of the renewal base in Creative Cloud is potentially up for that type of the pricing uplift, and as we look at Acrobat, specifically the AI functionality that you're releasing into public beta, how should we think about the tailwind to both Creative Cloud from pricing and to Document Cloud specifically from an AI product monetization perspective for '24, for calendar '24?"
FY23_Q4,2023-12-13,qa,David Wadhwani,mgmt,Adobe Inc.,"Yes, happy to take that, Alex. A lot packed into that question, so let me try to tease it apart. Let me first start with the question around FY '24 and the impact of pricing. Before we jump straight into that, I do want to take a bit of a step back and just remind everyone that Digital Media ARR is a mix of a few things: new subscriptions, which, as I mentioned, we had a record number of new subscriptions in Q4; upsell and cross-sell, which is transitioning people to higher plans from the plan that they're on; and then lastly, offer optimization. And as you've noted in the last couple of years, we've really been broadening the number of offers we have all the way down from free price points to the All Apps price points. But even beyond that, we now have capabilities to sell add-ons to All Apps as well. And of course, all of this does include the pricing increases that you had mentioned where we've added more value. I do want to just stress because I know there's a lot of attention on the pricing impact that we always have seen and continue to believe that the primary growth driver for ARR will be new subscriptions in '24. So that's why we're so focused on the top of funnel and new customer acquisition. But specific to your question on pricing, you need to consider a few things: first, our recently announced pricing changes will impact less than half the Creative Cloud base so that was a very specific question you asked. Hopefully, that gives you the answer. But it also leaves us the opportunity to price in new value in the years ahead as we move forward. Second, the impact will be more visible in net new ARR in the back half of FY '24 as we lap the previous pricing actions that I was talking to Keith about from last year and as we roll out the pricing over the next few quarters. So the second half of FY '24, we'll see more visibility into the benefits of that to net new ARR. Third, given that we're rolling out these prices across plans and across geos incrementally over the year, the benefit to ARR will actually be spread across FY '24 and FY '25. And fourth, if you really want to sort of sharpen your pencil, the pricing impact on ARR in '24 is actually lower than the pricing impact was in '23 to Creative Cloud. So hopefully, that gives you a sense. But again, it comes back to this, is why we're so excited about the momentum we're seeing in new subscriptions, which really bodes well for the business this year and in the long term. Hopefully, that gives you a pretty good sense on that. And then really quickly on Document Cloud, we're thrilled with the performance of Document Cloud. A lot of that comes down to our core strategy, which has been around integrating the desktop, the web and mobile into a single ecosystem and really driving the monthly active usage of Document Cloud up through all of the product-led growth motions we have and converting people on the back end of that. What we're really excited about as we bring the AI assistant to market, which, by the way, as I mentioned, is now in private beta, expect it to come out in the next few months as a public beta and then GA later in the year. But what we're really excited about there is being able to not just service the paid Acrobat base with that but also start to bring that to the free reader base. So lots of opportunity and excitement for the year ahead for Doc Cloud as well."
FY23_Q4,2023-12-13,qa,Operator,operator,,We will take our next question from Kirk Materne with Evercore ISI.
FY23_Q4,2023-12-13,qa,Kirk Materne,analyst,"Evercore ISI Institutional Equities, Research Division","Congrats on the quarter and happy holidays. David, I guess I'll go back to you again. In the commentary, you all talked about enterprise strength and specifically upselling of Firefly and Express in your enterprise customer base. Can you just give us some more, I guess, qualitative color on what those discussions are like? Are they lead, is this part of the reason you're seeing sort of an uptick in new subscriptions in the enterprise in particular? And then on Express, can you just talk again about sort of what you're seeing in terms of leading indicators of that being an enterprise product that can continue to expand into fiscal '24?"
FY23_Q4,2023-12-13,qa,David Wadhwani,mgmt,Adobe Inc.,"Yes. Maybe I'll start, and then Anil can add because this does cross over our 2 businesses. So with Firefly and Express, very excited about the momentum that we continue to see. You heard that we crossed 4.5 billion generations now. So we continue to see really, really strong adoption and usage of it, partially as a stand-alone business but also integrated into our Photoshop and Illustrator and these existing workflows. And we're starting to see a lot of interest not just in the context of using it as part of the existing products but also using it as part of the ecosystem within enterprises. So we've been working with a number of customers to not just enable them with Firefly, which is the predominance of the growth that we're seeing in Q4 for enterprise adoption but also have a number of pilot customers already engaged around custom model extensions so that they can bring their own assets and their own content into what Firefly generates. Second, we're also enabling the ability to expose it through APIs so they can build it into their existing workflows. And third, we're, of course, connecting it and tying it all into Adobe Express, which now also has its own Firefly and additional capabilities like things so that you can not just sort of create content using Firefly but then start to assemble it, start to schedule social posts around it, start to do multi-language translations, that those are all features that are already in there and then create a stakeholder workflow from people working in Photoshop to the marketers that are trying to post externally. So that's where things get very interesting and exciting in terms of the connection we have with GenStudio and everything that Anil is doing."
FY23_Q4,2023-12-13,qa,Anil S. Chakravarthy,mgmt,Adobe Inc.,"Just building on that, GenStudio, since we announced it at MAX, we've had a tremendous amount of interest, both from enterprise customers like Henkel and Pepsi and Verizon as well as a number of the agencies as well. And primarily, it goes back to what we discussed at Summit. The demand for content is expected to grow 5x over the next couple of years. And every brand in the world is looking at, hey, how can we speed up the production of quality on brand content? How can we let a number of other people in marketing, other areas of the company create their own content according to the enterprise standards? And the combination of what we have in the Digital Experience portfolio, like Adobe Experience Manager and assets, as well as what we have in the Creative Cloud, especially around Express and Creative Cloud, really lets enterprises get that kind of agility and the cost effectiveness of producing content at scale. So that's what we're seeing and we're seeing a tremendous amount of interest for that."
FY23_Q4,2023-12-13,qa,Shantanu Narayen,mgmt,Adobe Inc.,"And maybe I'll just add a little bit to that, Kirk. I mean I think the exciting thing about what people are doing is they're standardizing on Firefly and the fact that we have responsible generations for the entire enterprise. So the interest level has been around how do we standardize that for all of the image or vector or other generations that they want to do for all the knowledge workers in the enterprise. So really good adoption of Firefly."
FY23_Q4,2023-12-13,qa,Operator,operator,,We will take our next question from Karl Keirstead with UBS.
FY23_Q4,2023-12-13,qa,Karl Emil Keirstead,analyst,"UBS Investment Bank, Research Division","I'd like to ask about a different subject, and that's the Creative Express product now that it's being sold in the enterprise. Wondering if you could offer some color on the adoption ramp, the competitiveness versus Canva and whether your plans around driving Express revenues versus driving user adoption have changed at all."
FY23_Q4,2023-12-13,qa,David Wadhwani,mgmt,Adobe Inc.,"Great. Yes, happy to take that. Express is off to a great start. As you remember, we went general availability in August with the latest version of it. It's been getting a lot of very, very positive reaction response. And frankly, since then in Q4, too, we've added a ton of new innovation. Firefly integration started with Text to Image and Text Effects, but we also added text to template that will create a fully formed template for you in Generative Fill so you can iteratively change things on the fly. We now let you draw and paint on the canvas. We've given users much more video support. We've really built an incredible best-of-breed PDF support and workflow with Acrobat in there as well. Some of the other things that now start to bleed into the enterprise also, we've integrated social workflows so that people can schedule their posts. We've enabled people to do auto translation so you can post in multiple geographies and languages. We've opened up our ecosystem for partner plug-ins and we have now over 50 extensions. And we've added enterprise features like AEM integration and template locking so that the core brand police in an organization can manage and make sure that the brand elements that they don't want changing are locked when you disseminate this more broadly. What we've seen is really, I think, some very exciting broad-based benefits from this. One is we've seen new trialists coming in, growing very quickly after this launch, which is exciting to see. We've seen education users starting to adopt this very quickly as well. The Creative Cloud paid base has been coming on and growing very quickly in terms of their usage. And then enterprise, as we talked about, from a usage perspective. And again, Express is a core part of how Anil and team are now selling GenStudio. And last thing is like this is just setting up the momentum for the year to come. We have a mobile release coming out, which will be very exciting for users to be able to use this on the go. We have thousands of people already using that beta. We announced our Chromebooks partnership, so anyone that buys a new Chromebook is going to have this. We have partnerships with folks like Wix for their workflows. We're going to be doing deeper integrations into Acrobat. So we're very excited about where this goes. That is a long way to answer a very simple question. We want a lot of people using this, so our primary focus continues to be around broadening the top of funnel. Of course, as part of that, we are constantly and continually, as I mentioned, journeying people for upsell and cross-sell opportunities to the paid plan and over to Creative Cloud and other products. But our primary focus continues to be adoption in broad proliferation."
FY23_Q4,2023-12-13,qa,Operator,operator,,We will take our next question from Brad Zelnick with Deutsche Bank.
FY23_Q4,2023-12-13,qa,Brad Alan Zelnick,analyst,"Deutsche Bank AG, Research Division","This is for Dan or maybe Anil. As we think about the momentum within the DX business, it's great to hear things like the 60% increase in your AEP and native apps book of business, the strong net dollar retention and you talked about overall strong year-end bookings. But what is it maybe about the pipeline ahead, bookings conversion or perhaps other factors that account for the degree of decel that you're guiding for into next year?"
FY23_Q4,2023-12-13,qa,Anil S. Chakravarthy,mgmt,Adobe Inc.,"Thanks, Brad. We are really excited about this massive multiyear opportunity. If you look at any enterprise customers around the world, everybody recognizes the long-term imperative of transforming their customer experiences. And we're seeing that in these transformational deals that we talked about. As you mentioned, for example, with the AEP, our first $100 million net new business quarter and ending with over $700 million in our annualized book of business. With that said, it's definitely we're seeing macroeconomic impact, just like other enterprise software companies are. Every customer looks at the total cost of deploying the software and then what it would take to get the payback and ROI. And as a result, there's definitely some scrutiny and caution there. But that said, if we look at going into next year, we do see the pipeline across both our industry verticals as well as our mid-market customers. And we continue to be the leader in the market, and we did get that recognition from both analysts and customers."
FY23_Q4,2023-12-13,qa,Operator,operator,,We will take our next question from Brent Thill with Jefferies.
FY23_Q4,2023-12-13,qa,Brent John Thill,analyst,"Jefferies LLC, Research Division","Dan, if you could just review the broader assumptions in your guide. I think there's still a little concern from the Street in terms of why you're guiding where you're guiding relative to where the Street was at. And maybe just tying in, Shantanu, to the guide, if you could just give us your top line view of do you feel like the environment is improving. Do you think it's just stabilizing? Just any thoughts in terms of sort of a high level what you think is happening as we go into next year."
FY23_Q4,2023-12-13,qa,Daniel J. Durn,mgmt,Adobe Inc.,"Yes. So thanks for the question, Brent. When we take a look at the guide, if we think about where we're at, at this point in time as we're looking forward into FY '24, clearly, we see a lot of momentum in the business. The company's engine of innovation has been incredibly strong, and you see the strong financial performance of the company. That's both from a top line standpoint as well as profitability and cash flow standpoint. So clearly, a lot of momentum around the business. As I think about where we sit today, we printed a 46.4% operating margin. As we look forward into next year, we take into account everything we can see. As Shantanu said, we take the guidance seriously and we set expectations in a prudent way. There's an opportunity to do better than the expectations that we set. Clearly, the company is going to be driving towards that. As we think about the engine of innovation, we think the pipeline is strong. We're going to continue to invest in the drivers of growth. This company is going to orient towards growth. When I think about the investment profile, not only are we going to be disciplined but we're going to continue to invest in those drivers of growth. On the DX side, Anil talked about AEP and apps, strong book of business, strong growth. We're laying the groundwork and content supply chain with the GenStudio solution, scaling that motion and engaging with customers to go from ideation to creation to activation, delivering new technologies products, AEM sites, incorporating intelligence into those products. On the DME side, you can see it across the portfolio, AI assistant in Acrobat. It's in private beta. It's going to be in public beta in the coming months. You look at Firefly, Express natively and deeply integrating these technologies throughout the product portfolio. There is going to be continual investment as it relates to that innovation. As you think about the momentum exiting this year and as you think about the guide into Q1, you can see that momentum continuing. You've got operating margin up a little bit. And then throughout the year, as we said at our FA day and at last year's earnings call, you can see a mid-40s expectation around operating margin for the company as we drive this investment cycle, as we drive leadership in our core markets and are a key catalyst in the trends that are shaping those markets. So again, taking a step back, it nets into account the macro that Anil talked about. Everything we see from a core business standpoint and the investment profile that we're going to drive to lead if there's an opportunity to do better than where we set those expectations, we're certainly going to do it."
FY23_Q4,2023-12-13,qa,Shantanu Narayen,mgmt,Adobe Inc.,"And maybe just to add to that, Brent, since you asked. First, let me clarify, there's nothing as it relates to the economic indicators that we saw anything that would give us pause for concern. So let me start off by saying that. I think at our investor meeting, we told you that we would expect a strong quarter. I think you would acknowledge we posted some really strong numbers and the momentum continues. And I think as it relates to Creative Cloud, it's going to be driven by new customer acquisition, which is the engine that's driven the business. And maybe perhaps the sell side looked at some of the pricing and put more of that in '24 than in '24 and '25. And that will spread out and perhaps they put a little bit more in what percentage of the base that impacts. So from my perspective, the good news about Creative is it's being driven by massive new adoption into the platform. On Document Cloud, really strong results. I think as Dan said, as we put the AI pack on there as well, that should help fuel more adoption. And Digital Experience. I mean I know that Brad also asked that question. I mean, it's great to see the adoption of AEP and apps. I mean, that is clearly the future of digital experiences, driving $100 million quarter, the $700 million in the annualized book of business, which I think will reflect the next-generation customer experience architecture. So we're feeling positive and we're going to go execute against that, Brent. So nothing that we see on the horizon would tell us either from the economic or competition that we're not poised to have another great year. And profitability as well. I mean look at the numbers that we posted, both in terms of Q4 as well as for fiscal '24. And that is -- that does not, in any way, mean that we're not going to invest in all of the cloud and the foundation model. So I feel really good."
FY23_Q4,2023-12-13,qa,Daniel J. Durn,mgmt,Adobe Inc.,"And then just one thing to add, Brent. If we were here a year ago, the expectations going into the year where FX was going to be a pretty decent headwind to the performance. You see that in the way we've reported our results and then compare it to a constant currency basis. We started with a pretty decent spread between the as-reported numbers in constant currency in Q1. By the time we got to Q4, you saw that spread compress. As I look forward into FY '24, it's more of a neutral footing to maybe a slight headwind. Too early to really call it with precision, but I see that set up being slightly different and maybe just a slight headwind versus what we were seeing a year ago."
FY23_Q4,2023-12-13,qa,Operator,operator,,We will take our next question from Jay Vleeschhouwer with Griffin Securities.
FY23_Q4,2023-12-13,qa,Jay Vleeschhouwer,analyst,"Griffin Securities, Inc., Research Division","You noted the strength in RPO in the quarter, including the record sequential increase. Could you talk about how you're thinking about RPO for fiscal '24? Would you expect it to continue to be able to outgrow revenue growth by several points as you did in fiscal '23? And perhaps talk about the ingredients that will continue to drive RPO either by segment or any other considerations that you'd like to talk about in that."
FY23_Q4,2023-12-13,qa,Daniel J. Durn,mgmt,Adobe Inc.,"Yes. Thanks, Jay. As I pull some of the threads together that we've heard on this call, Anil talked about large transformational deals, being the platform of choice with Customer Experience Management, simultaneously driving top line and bottom line productivity and the investments around driving those are an imperative in the market. We see a similar dynamic with the new technologies that we're bringing to market on the DME side of the business. We're seeing a strong pull from the enterprise. And so as I net out that environment and our performance against that opportunity, it goes to produce the type of sequential RPO progression that we saw Q3 to Q4. Every quarter won't be that large, but the backdrop around that dynamic for the company, given the setup we see, it should be another strong year for RPO throughout the year."
FY23_Q4,2023-12-13,qa,Operator,operator,,We will take our next question from Saket Kalia with Barclays.
FY23_Q4,2023-12-13,qa,Saket Kalia,analyst,"Barclays Bank PLC, Research Division","Congrats on a nice quarter. David, maybe for you. I had a question just on Firefly and the subscription packets. I know that the commercial model for commercial for -- I'm sorry, for Firefly credit packets really just started about 6 weeks ago. Are there any early observations that you've seen just on customers' willingness to add those packets or maybe how they're consuming the initial credit allocation that they get with the Creative Cloud subscription?"
FY23_Q4,2023-12-13,qa,David Wadhwani,mgmt,Adobe Inc.,"Yes, happy to take that. First of all, I think philosophically, going back to what we said at the investor meeting and at MAX, our primary focus here is to drive usage of the generative capabilities, and you see that with the 4.5 billion images generated. That strategy is working. Secondly, we priced the generative packs -- sorry, we integrated the generative capabilities and credits directly into our paid plans with the express intent of driving adoption of the paid subscription plans and getting broad proliferation of the ability to use those. And what we are seeing is heavy usage within those paid plans. I think as we've mentioned in the past, I think I mentioned earlier today as well we -- Generative Fill, for example, in Photoshop, is the fastest-growing feature that we've put into Photoshop in recent memory. So the usage is great. The utilization is great. I don't personally expect generative packs to have a large impact in the short term other than to drive more customers to our paid existing subscription plans. But what will happen over the course of the year and the next few years is that we will be integrating more and more generative capabilities into the existing product workflows. And that will drive -- and we'll be integrating capabilities like video generation, which will cost more than 1 generation, and that will drive a natural inflation in that market and that will become a driver for growth subsequently. But this year is really primarily focused on getting people into the right paid plans of our flagship applications or Adobe Express and then drive usage in that sense. And then as that happens, the rest will take care of itself in the years ahead."
FY23_Q4,2023-12-13,qa,Operator,operator,,We will take our final question from Mark Moerdler with Bernstein Research.
FY23_Q4,2023-12-13,qa,Mark L. Moerdler,analyst,"Sanford C. Bernstein & Co., LLC., Research Division","Dan, I'd like to look a little bit. At MAX, we discussed how excited you were on Firefly and how it drives Creative Cloud seat and paid seat adoption. Now that you've had a bit of time in market, can you explain how you think about how this will drive the paid seat growth? Is it how strong it could be? And should we expect those seats are going to be a lower unit price because they're going to be entry level? Or do you think that will get offset by these higher priced Firefly-driven sales into the enterprise?"
FY23_Q4,2023-12-13,qa,Daniel J. Durn,mgmt,Adobe Inc.,"Yes. Thanks, Mark. I think at the core of bringing this technology to life, as a stand-alone application to drive an ideation part of the process but value in deeply integrating these capabilities into the flagship applications and the workflows that define the creation process, it gives us a lot of surface area with customers and meeting them where they are in their particular needs and use case-specific needs. And so bringing people efficiently top of funnel, establishing the segmentation across that product portfolio, driving efficiency into the creation process and allowing velocity to enter the ideation, creation, activation and instrumentation of that to really refine how companies engage with customers. So it lays the groundwork for us to touch more customers where they are in the ecosystem, bring them on board in use case-specific way and then take them on digital journeys, which is something the company is very skilled at with our DDOM to cross-sell and upsell over the life of their engagement with our ecosystem."
FY23_Q4,2023-12-13,qa,Shantanu Narayen,mgmt,Adobe Inc.,"From a product perspective, when you think about it, Mark, for us, the biggest thing that we want to do is how do we further make our products accessible, fun and affordable for increasing set of customers. And I think Firefly is one of those inflection points that will help everybody get over the blank screen fear that they have. And so first, as you think about Firefly as an ideation and people just coming and want to have creative inspiration, this is whether you're an individual user, whether you're agencies, we're seeing a lot of adoption of Firefly to just start the entire creative process. And that sort of brings them as an on-ramp into Express, which would be the other part. Express is certainly the introductory pricing, the ability to get millions more into the fold. And the ability right now, it used to be that Express and other offerings in that is to all worry about do I have the right templates? Well, AI is going to completely change that. We have our own models. And so Firefly will allow anybody to take whatever creative idea that they have and make that available. So I think Firefly really helps with the Express offering. On the Creative Cloud, David mentioned this. I mean if you look at the adoption of that functionality and usage that's being driven, whether it's in Photoshop right now, Illustrator, as we add video, both in terms of providing greater value, and we certainly will, therefore, have the uplift in pricing as well as the retentive ability for Firefly, that's where I think you're going to see a lot of the really interesting aspects of how Firefly will drive both adoption as well as monetization. And then if you go at the other end of the spectrum to the enterprise, GenStudio, every single marketer that I know and CFO and CMO are all worried about how much am I spending on data, how do I get agility in my campaigns. And the fact that Firefly is integrated into both Express as well as when we do the custom models for them so they can upload their own models and then have the brand consistency that they want. So Firefly really is the fact that we have our own models, a great catalyst for business all across the spectrum. And the usage and the adoption shows that. In emerging markets, as people there in emerging markets are increasingly used to create variants of content and localization of content, that's where we're also seeing a tremendous usage of these particular technologies. So really exciting. And then you take the same technology that we have in Creative and think about its impact in both Document Cloud when we do that and the ability to have summaries and have conversational interfaces with PDF, thereby making every single PDF, as David again said, both for communication, collaboration and creation far more compelling. I think you're going to see that same kind of uplift in usage and therefore, monetization on the Acrobat side. And since that was the last question, I mean, for us, we look at FY '23, and we're really proud of what we were able to accomplish across all spectrums, top line revenue, RPO and driving book of business, Creative Cloud, Document Cloud and Experience Cloud and profitability. And we think '24 is going to be exactly more of the same, which is continuing to drive great innovation, great product growth, great profitability. Clearly, I think there's been a set of questions around the Digital Media ARR and you know what our take is on that. And we're extremely confident about how that continues to be a growth business. And perhaps the pricing impact was overestimated. And as we said, this is again a new growth business, and it will be a multiyear pricing benefit for us as we think about the uplift that we have. So we're really pleased. We appreciate you being on the call and like many of you wished us, happy holidays, and we hope to see you soon. Thank you for joining us."
FY23_Q4,2023-12-13,qa,Jonathan Vaas,mgmt,Adobe Inc.,"Thanks, everyone. Happy holidays. This concludes the call."
FY23_Q4,2023-12-13,qa,Operator,operator,,"Once again, this concludes today's call. Thank you for your participation. You may now disconnect."
FY24_Q1,2024-03-14,prepared,Operator,operator,,"Good day, and welcome to the Q1 FY 2024 Adobe Earnings Conference Call. Today's conference is being recorded. At this time, I would like to turn the conference over to Jonathan Vaas, Vice President of Investor Relations. Please go ahead."
FY24_Q1,2024-03-14,prepared,Jonathan Vaas,mgmt,Adobe Inc.,"Good afternoon, and thank you for joining us. With me on the call today are Shantanu Narayen, Adobe's Chair and CEO; David Wadhwani, President of Digital Media; Anil Chakravarthy, President of Digital Experience; and Dan Durn, Executive Vice President and CFO. On this call, which is being recorded, we will discuss Adobe's first quarter fiscal year 2024 financial results. You can find our press release as well as PDFs of our prepared remarks and financial results on Adobe's Investor Relations website. The information discussed on this call, including our financial targets and product plans, is as of today, March 14, and contains forward-looking statements that involve risks, uncertainty and assumptions. Actual results may differ materially from those set forth in these statements. For more information on those risks, please review today's earnings release and Adobe's SEC filings. On this call, we will discuss GAAP and non-GAAP financial measures. Our reported results include GAAP growth rates as well as constant currency rates. During this presentation, Adobe's executives will refer to constant currency growth rates, unless otherwise stated. Non-GAAP reconciliations are available in our earnings release and on Adobe's Investor Relations website. Adobe Summit is just around the corner in Las Vegas at The Venetian Convention & Expo Center, beginning on Tuesday, March 26. Following the day 1 keynote, we will host an Investor Meeting at 2:00 p.m. Pacific Time. The event will be webcast live and the replay will be available on Adobe's IR website. More details about Summit are available at summit.adobe.com. I will now turn the call over to Shantanu."
FY24_Q1,2024-03-14,prepared,Shantanu Narayen,mgmt,Adobe Inc.,"Thanks, Jonathan. Good afternoon, and thank you for joining us. Adobe had a strong first quarter. We achieved $5.18 billion in revenue in Q1, representing 12% year-over-year growth. GAAP earnings per share for the quarter was $1.36 and non-GAAP earnings per share was $4.48, representing 18% year-over-year growth. Our performance reflects the essential role that Adobe products play in driving the global digital economy. We're delivering on our strategy to unleash creativity for all, accelerate document productivity, and power digital businesses. Adobe Creative Cloud, Document Cloud, and Experience Cloud are more critical than ever to the success of creators, communicators, students, entrepreneurs, and businesses of all sizes, with AI serving as an accelerant for all. We're a leader in delivering generative AI across all our clouds. We're taking a highly differentiated approach across data, models, and interfaces. Our proprietary data is built on decades of deep domain expertise across creative, documents and customer experience management. We leverage large language models as well as have invested in building and delivering our proprietary models in the creative, document, and marketing domains. Our IP-friendly approach is a differentiator for creators and enterprises. In addition, we have innovated by delivering generative AI directly in products with releases in Adobe Photoshop, Illustrator, and Express across both desktop and mobile. AI Assistant in Acrobat and Reader unlocks the tremendous value of the trillions of PDFs around the world. We're bringing generative AI to Adobe Experience Cloud and will demonstrate our AI Assistant for customer experience management at Adobe Summit. Every student, communicator, creative professional, and marketer is now focused on leveraging generative AI to imagine, ideate, create and deliver content and applications across a plethora of channels. Adobe is uniquely positioned through the combination of Express, Firefly, Creative Cloud, Acrobat, and Experience Cloud to deliver on this immense market opportunity. The success we are already seeing with our GenStudio offering in the enterprise is validation of our leadership, and we expect that success to translate into other segments as we roll out these solutions throughout the year. We're driving strong usage, value and demand for our AI solutions across all customer segments. We're successfully monetizing our innovations with particular strength in Q1 in the enterprise segment across our Digital Media and Digital Experience businesses. This strength is reflected in our strong RPO growth of 16% year-over-year. We're pleased with a strong Q1. We have a phenomenal product roadmap that we're executing against to bring AI innovation across our global customer base, and we are just getting started. I'll now turn it over to David to discuss the momentum in our Digital Media business."
FY24_Q1,2024-03-14,prepared,David Wadhwani,mgmt,Adobe Inc.,"Thanks, Shantanu. Hello, everyone. In Q1, we achieved net new Digital Media ARR of $432 million and revenue of $3.82 billion, which grew 13% year-over-year. The world's information, whether it's an enterprise legal contract, a small business invoice, or a personal school form, lives in trillions of PDFs. We were thrilled to announce Acrobat AI Assistant, a massive leap forward on our journey to bring intelligence to PDFs. With AI Assistant, we're combining the power of generative AI with our unique understanding of the PDF file format to transform the way people interact with and instantly extract additional value from their most important documents. Enabled by a proprietary attribution engine, AI Assistant is deeply integrated into Reader and Acrobat workflows. It instantly generates summaries and insights from long documents, answers questions through a conversational interface, and provides an on-ramp for generating e-mails, reports and presentations. AI Assistant is governed by secure data protocols so that customers can use the capabilities with confidence. We're pleased with the initial response to the English language beta and look forward to usage ramping across our customer base as we release other languages later in the year. We will monetize this functionality through a monthly add-on offering to the hundreds of millions of Reader users as well as the Acrobat installed base across individuals, teams, and enterprises. In Q1, we achieved Document Cloud revenue of $750 million, growing 18% year-over-year. We added $143 million of net new Document Cloud ARR, which was a Q1 record, with year-over-year ending ARR growth of 23% in constant currency. Other business highlights include: Acrobat Web continues to be an incredible source of customer acquisition with monthly active users up over 70% year-over-year and surpassing 100 million users in Q1. Acrobat extensions for Microsoft Edge and Google Chrome and our Acrobat mobile offerings continue to accelerate free-to-paid conversion. Increased viral adoption through link sharing and stakeholder collaboration drove over 300% year-over-year growth in the number of PDF files sent. Key enterprise customer wins include Berkshire Hathaway, Merck Sharp & Dohme, Northrop Grumman, Porsche, and the U.S. Navy. On Creative Cloud, creativity is the currency of differentiation in our digital-first world. Every creator and business is focused on building their brand and engaging with their audiences through standout content. Creative Cloud remains the solution of choice for the world's creators, whether their medium is design, photography, video, illustration or 3D. Adobe Express is inspiring millions of users of all skill levels to design more quickly and easily than ever before. In the year since we announced and released Adobe Firefly, our creative generative AI model, we have aggressively integrated this functionality into both our Creative Cloud flagship applications, and more recently, Adobe Express, delighting millions of users who have generated over 6.5 billion assets to date. In addition to creating proprietary foundation models, Firefly includes a web-based interface for ideation and rapid prototyping, which has seen tremendous adoption. We also recently introduced Firefly services, an AI platform which enables every enterprise to embed and extend our technology into their creative production and marketing workflows. Firefly services is currently powered by our commercially safe models and includes the ability for enterprises to create their own custom models by providing their proprietary data sets as well as to embed this functionality through APIs into their e-mail, media placement, social, and web creation process. Early adopters like IBM are putting Firefly at the center of their content creation processes. IBM used Adobe Firefly to generate 200 campaign assets and over 1,000 marketing variations in moments rather than months. The campaign drove 26x higher engagement than its benchmark and reached more key audiences. In Q1, we achieved $3.07 billion in revenue, which grew 12% year-over-year. Net new Creative Cloud ARR was $289 million. Other business highlights include: The launch of the new Adobe Express mobile app beta brings the magic of Adobe Firefly AI models directly into mobile workflows. The first-of-its-kind integration with TikTok's creative assistant makes the creation and optimization of social media content quicker, easier and more effective than ever before. Express Web usage continues to ramp nicely, with total exports more than doubling year-over-year. And overall Express adoption is expected to accelerate even further, given the positive reception we're seeing from the mobile beta. Generative Fill and Photoshop continues to empower creators to create in new ways and accelerate image editing workflows. Q1 saw the highest adoption of Firefly-powered tools in Photoshop since the release of Generative Fill in May 2023, with customers adopting these features across desktop, web and most recently, iPad, which added Generative Fill and Generative Expand in December. The beta release of AI-powered enhanced speech and new audio workflows drove premier beta usage to record highs. Adobe video tools were the go-to choice at Sundance Film Festival with over 80% of this year's entrants using Adobe software. The introduction of Behance Pro, a new offering to serve the rapidly growing Behance community, empowers members to build their brand and find opportunities and for businesses to hire talented creators through the Behance platform. The unveiling of new research like the preview of our music generation models and editing tools last month and our video auto-dubbing models earlier today have inspired our Creative Cloud and Express customers. The introduction of Firefly services for enterprises drove notable wins in the quarter, including Accenture, IPG, and Starbucks. Other key enterprise wins include AECOM, Capital Group, Dentsu, IBM, Nintendo, and RR Donnelley. Given the size of opportunity we see with generative AI, we continue to focus on driving innovation, adoption and usage of our AI solutions. In Q1, we saw strength across both clouds, with record new commercial subscriptions in Creative Cloud for Q1 and strong product-led growth in Document Cloud. You can expect to see the product advances in Express with Firefly on mobile, Firefly services and AI Assistant in Acrobat drive ARR acceleration in the second half of the year. We're excited about our product roadmap. The 6.5 billion assets generated to date include images, vectors, designs, and text effects. And we can't wait to share the work we're doing on audio, video and 3D through research sneaks and product announcements in the coming months. I'll now pass it to Anil."
FY24_Q1,2024-03-14,prepared,Anil S. Chakravarthy,mgmt,Adobe Inc.,"Thanks, David. Hello, everyone. Experience Cloud business had a great first quarter, achieving $1.29 billion in revenue and was our strongest Q1 on record for new business. Subscription revenue was $1.16 billion, representing 12% year-over-year growth. Companies are prioritizing digital investments to improve marketing agility and customer engagement while driving growth and profitability. Adobe's holiday shopping report, which analyzes trillions of data points, showed strong online spending during the 2023 holiday season, growing 4.9% year-over-year to $222.1 billion, a new record for e-commerce as well as mobile shopping, which surpassed desktop for the first time and drove 51.1% of online sales. Our Adobe Experience Cloud applications span the entire customer funnel from acquisition to monetization to retention. As a global leader in the Digital Experience platforms category, Adobe offers businesses a single view of their customers' data across every channel, allowing them to create precise segments and deliver personalized experiences, regardless of when and where a customer interacts with their brand. Over the last 5 years, our organic innovations in Adobe Experience Platform, Real-time CDP, Journey Optimizer and Customer Journey Analytics have made us the leading platform for customer experience management, given the scale of the profiles, campaigns, and interactions we process, which now exceed 500 trillion segment evaluations per month. Today, rollout of personalization at scale has been limited by the number of content variations you can create and the number of journeys you can deploy. We believe harnessing generative AI will be the next accelerant with Creative Cloud, Firefly Services and GenStudio providing a comprehensive solution for the current supply chain and generative experience model automating the creation of personalized journeys. Adobe GenStudio is a generative AI-first application that allows marketers to quickly plan, create, store, deliver, and measure marketing content in a single intuitive offering. With state-of-the-art generative AI powered by Firefly services, marketers can create on-brand content with unprecedented scale and agility to deliver personalized experiences. Adobe GenStudio natively integrates with multiple Adobe applications across Creative Cloud and Experience Cloud, including Express, Firefly, Workfront, Experience Manager, Customer Journey Analytics and Journey Optimizer. It can be used by brands and their agency partners to unlock new levels of creativity and efficiency in marketing campaigns. Business highlights include: Momentum with Adobe Experience platform and native applications with the combined annualized book of business surpassing $800 million in the quarter. Demand for Adobe Experience Manager, Workfront and GenStudio to address the enterprise content supply chain. Global agencies, including Accenture Song, Havas, IPG, Omnicom, and Publicis have standardized on Adobe as their technology platform of choice for their own workflows and to optimize creative collaboration with the world's leading brands. Strength in Adobe Journey Optimizer on Adobe campaign as companies look to deliver more personalized experiences across channels and surfaces. Adobe was recognized as a leader in the Gartner Magic Quadrant for Digital Experience Platforms for the seventh consecutive year, as well as the Forrester Wave for Digital Experience Platforms. Adobe Experience Manager assets was also named a leader for the fourth consecutive time in the Forrester Wave for Digital Asset Management. Key customer wins include Carl Zeiss, Comcast, Home Depot, NASCAR, Nestle, PayPal, Rogers Communications, Santander Group, Starbucks, and Walgreens. Later this month, we are excited to host Adobe Summit, the world's largest Digital Experience conference in Las Vegas, where we will be joined by thousands of customers, partners, and developers from around the world. We look forward to showcasing a number of product innovations, including a new generative experience model, advances in Adobe GenStudio, a new AI Assistant in Adobe Experience platform, new capabilities in RT-CDP for first-party data activation and expanded Firefly Services offerings. We will articulate our vision and playbook for brands to achieve a new level of personalization at scale in the era of generative AI. We look forward to sharing our exciting product roadmap and hearing from our customers on how Adobe is helping them transform their business. We were off to a fast start in Q1 and look forward to continuing the momentum and leadership in Q2 and beyond. I will now pass it to Dan."
FY24_Q1,2024-03-14,prepared,Daniel J. Durn,mgmt,Adobe Inc.,"Today I will start by summarizing Adobe's performance in Q1 fiscal 2024, highlighting growth drivers across our businesses, and I'll finish with financial targets. In Q1, Adobe delivered another quarter of double-digit top-line growth with robust margins that result from product leadership, strong execution and financial discipline. The pace of our product innovation across Document Cloud, Creative Cloud and Experience Cloud is leading to customers making large multi-year commitments to Adobe, and you see the result of those customer investments in our RPO performance, which accelerated to 16% year-over-year growth. In the quarter, Adobe achieved record revenue of $5.18 billion, which represents 11% year-over-year growth, or 12% in constant currency. Business and financial highlights included: GAAP diluted earnings per share of $1.36 and non-GAAP diluted earnings per share of $4.48; Digital Media revenue of $3.82 billion; net new Digital Media ARR of $432 million; Digital Experience revenue of $1.29 billion; cash flows from operations of $1.17 billion; RPO of $17.58 billion exiting the quarter; and repurchasing approximately 3.1 million shares of our stock during the quarter. GAAP EPS came in lower due to the billion-dollar payment resulting from the termination of the Figma transaction. Absent the Termination Payment, our cash flows from operations would have been $1 billion more, and GAAP EPS would have been $2.19 higher. The Termination Payment impacts both Q1 GAAP EPS and our full-year fiscal 2024 GAAP EPS. In our Digital Media segment, we achieved Q1 revenue of $3.82 billion, which represents 12% year-over-year growth, or 13% in constant currency. We exited the quarter with $15.76 billion of Digital Media ARR, up 14% year-over-year in constant currency. Adobe achieved Document Cloud revenue of $750 million, which represents 18% year-over-year growth as reported and in constant currency. We added $143 million of net new Document Cloud ARR in the quarter. Q1 Document Cloud growth drivers included: Demand for Acrobat subscriptions across all customer segments and geographies; continued growth of Acrobat Web, demonstrating the success of our flagship products across multiple surfaces; growing monthly active users in our Acrobat Reader funnel, driving free-to-paid conversion; new user acquisition resulting from our Microsoft Edge and Google Chrome partnerships; strength in our Teams business with upselling our new Acrobat offering, which includes integrated Sign capabilities; and strong demand from businesses of all sizes, demonstrating the mission criticality of our document solutions. We achieved Creative revenue of $3.07 billion, which represents 11% year-over-year growth, or 12% in constant currency. We added $289 million of net new Creative ARR in the quarter, with ending ARR growing 12% year over year in constant currency. Overall, CC pricing actions performed as expected in the quarter. Q1 net new Creative ARR grew more than 20% year over year, excluding the impact of pricing actions associated with both Acrobat CC and All Apps in the year-ago quarter, and Creative Cloud in Q1 FY24. Q1 Creative growth drivers included: New subscription growth, including strong adoption of Creative Cloud All Apps across geographies and customer segments; strong single app customer demand in Creative categories such as imaging and photography, and continued growth of Stock and Frame.io; we again saw strength in emerging markets, which we continue to believe is a massive growth opportunity; and outstanding performance of Creative Cloud in the enterprise, including early traction of Firefly Services. Turning to our Digital Experience segment, in Q1 we achieved revenue of $1.29 billion, which represents 10% year-over-year growth as reported and in constant currency. Digital Experience subscription revenue was $1.16 billion, growing 12% year over year as reported and in constant currency. Q1 was a tremendous start to the year for our Experience Cloud business, with growth drivers including: Success closing transformational deals across geographies and verticals with large enterprises that are choosing Adobe to be their end-to-end customer experience management platform; continued momentum with AEP and native applications, with the annualized book of business growing more than 60% year-over-year; strong customer adoption of our Content, Campaign and Workfront solutions; and continued strength with customer retention and expansion across our products. Customer experience management remains an enterprise imperative, and as a leader in the category we see a robust pipeline as we look into Q2 and beyond. Turning to the income statement and balance sheet, Adobe's effective tax rate in Q1 was 36% on a GAAP basis and 18.5% on a non-GAAP basis. The Q1 GAAP tax rate came in higher than targeted due to the Figma Termination Payment. RPO exiting the quarter was a record $17.58 billion, growing 16% year-over-year, as reported and in constant currency. Our ending cash and short-term investment position exiting Q1 was $6.82 billion, and cash flows from operations in the quarter were $1.17 billion. In Q1 we entered into a $2 billion share repurchase agreement, which effectively exhausted our prior $15 billion authority. As a result of our strong trajectory of growth and profitability, we are announcing a new $25 billion share repurchase program, which demonstrates Adobe's continued commitment to returning capital to our shareholders. In light of the momentum across our business and factoring in the macroeconomic environment, for Q2 we are targeting: total Adobe revenue of $5.25 billion to $5.30 billion; Digital Media net new ARR of approximately $440 million; Digital Media segment revenue of $3.87 billion to $3.90 billion; Digital Experience segment revenue of $1.31 billion to $1.33 billion; Digital Experience subscription revenue of $1.165 billion to $1.185 billion; tax rate of approximately 18.5% on a GAAP and non-GAAP basis; GAAP earnings per share of $3.35 to $3.40; and non-GAAP earnings per share of $4.35 to $4.40. In summary, fiscal 2024 is off to a strong start. By combining the power of product innovation and executional excellence, Adobe is driving consistent, profitable growth. We're delivering on our product roadmap, and we have the right strategy to monetize these innovations into the back half of the year and beyond. Adobe is incredibly well positioned to capitalize on the secular trends that will shape the next decade. Shantanu, back to you."
FY24_Q1,2024-03-14,prepared,Shantanu Narayen,mgmt,Adobe Inc.,"Thanks, Dan. We are the leader in 3 large and growing categories and have delivered groundbreaking innovation across Creative Cloud, Document Cloud and Experience Cloud. We believe that AI augments human ingenuity and expands our addressable market opportunity. I'm proud of the pace and the responsible manner in which we have embraced and delivered generative AI capabilities across our product portfolio. As a result of our strategy and execution, we are confident in our ability to attract new users and deliver value to existing customers to drive growth and profitability. I'd like to thank our 30,000 employees for their continued dedication and unwavering focus on innovation and execution. It is particularly exciting to be named to Glassdoor's Best Places to Work, Fortune's Most Admired Companies and the JUST 100. Thank you, and we will now take questions. Operator?"
FY24_Q1,2024-03-14,qa,Operator,operator,,[Operator Instructions] Our first question comes from the line of Kirk Materne with Evercore ISI.
FY24_Q1,2024-03-14,qa,Kirk Materne,analyst,"Evercore ISI Institutional Equities, Research Division","I guess maybe this is for David or Dan. Obviously, you guys called out that new Creative ARR was up more than 20% year-over-year when you exclude the pricing increases, which infers a pretty major pricing headwind that we're seeing right now. Can you all just try to parse out how that's going to play out over the year? I know, David, you mentioned ARR will go up in the back half of the year, but that -- it's just tough, I think, to reconcile what's going on in the business on a normalized basis. And when we might see that sort of translate more into the metrics that everybody follows?"
FY24_Q1,2024-03-14,qa,David Wadhwani,mgmt,Adobe Inc.,"Yes, I'll start and others can go ahead and add on. First of all, we do -- as we looked at the book of the business, it is a strong start to the year with Q1 coming in at a high watermark with $432 million across the entire business. As we look specifically at Creative Cloud, I just want to sort of make sure everyone takes a step back and looks at our strategy to accelerate the business, because I think the growth drivers here are very clear. We are focused on expanding access to users with things like Express on mobile. We want to introduce new offers across the business with things like AI Assistant and also existing capabilities for Firefly coming into our core Firefly, our core Photoshop and Illustrator and flagship applications. We want to access new budget pools with the introduction of Firefly services and GenStudio as we talked about. And the early signs, as you point out, in Q1 results are really suggesting that those growth drivers are taking hold, as you talked about, normalizing for FY '20 through the FY '24 pricing actions, we grew the CC business about 20% year-over-year. Other key things to look at is that we set another record for new commercial subscriptions in Q1 and the business growth remained stable at -- if you look back at revenue, 12%, if you look forward at ARR, 12%. So the stability and the diversity of the business is strong. And as we enter the back half of the year, we have capabilities for Creative Cloud pricing with Firefly that have already started rolling out late last year as we talked about, and will be incrementally rolling out throughout the year. We're ramping Firefly services and Express in enterprise as we talked about. We saw a very good beginning of that rollout at the -- toward the end of Q1. We also expect to see the second half ramping with Express mobile and AI Assistant coming through. So we have a lot of the back-end capabilities set up so that we can start monetizing these new features, which are still largely in beta starting in Q3 and beyond. And as it relates to pricing, it's what we've talked about in the past. We had 2 pretty significant pricing actions that benefited FY '23, the first one being the Acrobat price increases that we had put out with the new value that we had introduced with Sign capabilities and also a CC price increase that we introduced in FY '22 that was rolling into FY '23. Both of those are rolling off as we have now introduced the new pricing for CC with Firefly. And overall, the roll-off of the prior pricing is more significant than the new pricing that we've introduced."
FY24_Q1,2024-03-14,qa,Operator,operator,,And we will take our next question from Brent Thill with Jefferies.
FY24_Q1,2024-03-14,qa,Brent John Thill,analyst,"Jefferies LLC, Research Division","Shantanu, the magnitude of the beat this quarter, it was roughly half the absolute beat you've had in past quarters and then the guide obviously lower for next quarter. I think everyone is asking, is this some type of AI headwind? Is this macro? Is this execution? Can you just comment on -- and maybe it's none of these things, but can you just comment on what you think you're seeing in the current quarter?"
FY24_Q1,2024-03-14,qa,Shantanu Narayen,mgmt,Adobe Inc.,"Yes, happy to, Brent. And again, I'll reiterate that as it relates to us taking our targets pretty seriously, I mean, when we guided to $1.9 billion for the year, I mean, we had factored in both, as David mentioned, what was likely to happen in the pricing and how that rolls off as well as the product roadmap and when AI Assistant and Acrobat would be available, when Express, which is now in beta, would be available, so I think it factored in all of those. I mean, I guess if you're looking at it from accomplishment, we look at it and say, ""Hey, we did $410 million, I think, last year. We did $432 million."" If we look at the guide, we're on track as it relates to the $1.9 billion and to hopefully exceed that guidance. So from our perspective, it's playing out. Maybe the other color, Brent, that I would provide is given the desktop products are still in beta, and there, we look at value, and there, we look at utilization. And so I think we gave you some numbers on the 6.5 billion generations that we're seeing the, really, positive feedback that we're getting in Acrobat that continue to give us optimism associated with how that is. I think where there's tremendous interest and where, if you look at it from an AI monetization, the 2 places that we're monetizing extremely in line with our expectations, the first is as it relates to the Creative Cloud pricing that we've rolled out. And as you know, the generative packs are included for the most part in how people now buy Creative Cloud, that's rolling out as expected. And the second place where we are monetizing it is in the entire enterprise as it relates to Content and GenStudio. And I'm really happy about how that's monetizing it. And that's a combination, Brent, of when we go into an enterprise for creation, whether we provide Creative Cloud or a combination of Express, what we are doing with asset management and AEM, Workflow as well as Firefly services to enable people to do custom models as well as APIs. We're seeing way more monetization earlier, but again, very much in line with expected. So again, I look at the quarter and I feel really good, both about the product delivery as well as the way monetization's turning out. I mean, it's clear, I guess, a little bit from sort of what we've seen that expectations were perhaps a little higher, both in terms of what we would guide for Q2. But I'm really optimistic about what we have done."
FY24_Q1,2024-03-14,qa,Operator,operator,,Your next question comes from the line of Brad Zelnick with Deutsche Bank.
FY24_Q1,2024-03-14,qa,Brad Alan Zelnick,analyst,"Deutsche Bank AG, Research Division","My question's for Dan. You're not raising the full year guide, and I appreciate it's still early in the year, but I think we're all hoping you can at least affirm it for us. But you also -- you pushed out the enforcement of generative credit limits for some products beyond April that were originally expected sooner. What's the thinking behind this decision? And what are you seeing thus far in terms of credit consumption and purchasing patterns of those credit packs?"
FY24_Q1,2024-03-14,qa,Daniel J. Durn,mgmt,Adobe Inc.,"Yes. Thanks, Brad. I'll jump in on the first part, then toss it over to David for the second. So we're not updating the targets. The targets we provided for the full year, they're as of the December call. What we did share on the call was the material change that we saw in Q1 as a result of the Figma Termination Payment. We talked about the GAAP EPS impact. It rolls through Q1 and it'll certainly have an effect for the full year. And it's $2.19 as a result of the $1 billion payment. And I think with that, I think you have everything you need relative to where we set our targets, but we're not going to be updating them on this call."
FY24_Q1,2024-03-14,qa,David Wadhwani,mgmt,Adobe Inc.,"Yes, and I'm happy to add a little bit. Yes, in terms of the timing of the -- when we start enforcing credits, don't read anything into that other than right now we are still very much in acquisition mode. We want to bring a lot of users in. We want to get them using the products as much as possible. We want them coming back and using it. One thing I do want to state, because I know there's a lot of energy around how do these credits play out over time. In the last few weeks, we've done a couple of sneaks that could also be instructive. Last month, we snuck music composition where you can take any music track, you can give it a music type like hip-hop or orchestra or whatever, and it will transform that initial track into this new type of music. Just this morning, we snuck our ability to do auto-dubbing and lip-syncing where you give it a video of someone talking in, say, English and then you can translate it automatically to French or Spanish or Portuguese or whatever. As you can imagine, those actions will not take 1 credit. Those actions will be much more significant in terms of what they cost. So right now, look, the primary point is about proliferation and usage. We're going to be bringing in a lot more new capabilities throughout the tools that will drive more usage, and we're going to be bringing in more expensive capabilities as well. And as we've talked about, you should start to see that ramp through the year, and we feel very comfortable with the adoption we're seeing. Just 1 last thing to call out. As we mentioned on the call, highest number of users using generative AI in Q1 ever, so we're very excited about the trajectory."
FY24_Q1,2024-03-14,qa,Shantanu Narayen,mgmt,Adobe Inc.,"And maybe just to add a little bit more of how we are thinking about it as it relates to the monetization of AI, I think we're in early stages as it relates to experimentation. So we're looking at both what the value utilization is as well as experimentation. The value utilization is actually really positive for us. I think as it relates to the monetization and the experimentation, we have the generative packs, as you know, in Creative Cloud. I think you will see us more and more have that as part of the normal pricing and look at pricing, because that's the way in which we want to continue to see people use it. I think in Acrobat, as you've seen, we are not actually using the generative packs. We're going to be using more of an AI Assistant model, which is a monthly model. As it relates to the enterprise, we have both the ability to do custom models, which depends on how much content that they are creating as well as an API and metering. We've rolled that out and we started to sell that as part of our GenStudio solution. So I think it's fair to say, and I certainly monitor what everybody else in the industry is saying, the good news about this is the interface integration that we've done in all our apps and the utilization and I think the experimentation will enable us to determine how we best attract the largest number of customers that we can who are new to Creative Cloud. We've talked about that as it relates to Firefly attracting new customers. Certainly, I think the number of Q1 commercial subscriptions was another record. So we're absolutely doing everything that we intended to experiment as we roll these out, Brad, so I wanted to accentuate that as well."
FY24_Q1,2024-03-14,qa,Operator,operator,,Your next question comes from the line of Michael Turrin with Wells Fargo Securities.
FY24_Q1,2024-03-14,qa,Michael James Turrin,analyst,"Wells Fargo Securities, LLC, Research Division","David, couldn't help but notice you led off your prepared remarks section with the Document Cloud. Can you speak to the enthusiasm you're seeing on the Document side? And when we think about the mix of Digital Media growth for the year, should we expect it will continue to trend towards that Document side? Or is more the second half where some of the creative enhancements start to layer on more meaningfully, we could start to see that shift back a bit?"
FY24_Q1,2024-03-14,qa,David Wadhwani,mgmt,Adobe Inc.,"Yes, happy to talk about that. We were very and continue to be very happy with the performance of Document Cloud. If you really look at trying to understand sort of how that plays out, Document Cloud is -- the growth is a combination of both our go-to-market efforts and our product innovation. On the go-to-market effort side, think about the fact that Reader continues to be a top of funnel for us, and we continue to see Reader monthly active user growth. So the potential of people we can convert over to paid subscribers continues to grow. We also talked about the fact that Acrobat Web has been a major contributor to our growth. So we're seeing 70% year-over-year growth in terms of web MAU and we crossed 100 million monthly active users for the first time on the Web side. And of course, we're doing a lot of work with product-led growth to drive the Journey users to some of that value that drives conversion. So that's all we're doing on the go-to-market side. On the side of product innovation, our strategy over the last couple of years, has been to make PDF the starting point of a workflow, right? And so that's why we integrated Sign directly into that so that people could use their PDFs and start a transaction for their business, and that continues to grow very nicely and it's a great selling point for an integrated service. We also introduced link sharing a few years ago for commenting and reviewing with groups and teams. We saw that link sharing grow 300% year-over-year, so that's a huge point of value, but it's also a huge point of viral growth. That's also what -- when someone receives that, it's another opportunity for us to bring them into the value of the broader offering. And you can expect to see that with AI Assistant as well. So obviously, everyone is looking at AI Assistant in Acrobat. I certainly hope all of you are using it. It should make your lives more effective. Not just for insight, we think that there's a lot of opportunity for monetization of insight for AI Assistant on our core base of Acrobat users but also, for the first time, doing consumption-based value. So the hundreds of millions of monthly active users of Reader will also be able to get access to AI Assistant and purchase an add-on pack there, too. So it's a really broad base to look at how we monetize that. But it's also the start of the ability to take your conversation and generate e-mails and presentations and continue that process. So the combination of all of that is a really potent combination of go-to-market efforts and product innovation. So we are -- we continue to be bullish about this. To the second part of your question, we are -- as we've said multiple times on the call, we are very excited about all the innovation that's coming out, that's just starting to ramp in terms of monetization and/or still in beta on the Creative Cloud side. We expect that to come out in Q3 and we'll start our monetization there. So we continue to feel very confident about the second half acceleration of Creative Cloud."
FY24_Q1,2024-03-14,qa,Operator,operator,,Your next question comes from the line of Saket Kalia with Barclays.
FY24_Q1,2024-03-14,qa,Saket Kalia,analyst,"Barclays Bank PLC, Research Division","Maybe for both David and Shantanu. Clearly, a lot of news around video creation using generative AI during the quarter, of course, with the announcement of Sora. Maybe the question for you folks is can we just talk a little bit about how you think about the market impact that generative AI can have in the video editing market and how maybe Firefly can participate in that trend?"
FY24_Q1,2024-03-14,qa,Shantanu Narayen,mgmt,Adobe Inc.,"Sure, Saket. I mean, I'll start and then David can add. I mean, firstly, I think the advances, whether it's in OpenAI or our own models that certainly, David and I have the pleasure of looking at, on a weekly basis, the advances are amazing because you have to -- when you're thinking about video, solve some other fundamental problems like physics, right? I mean, if you have somebody walking on a street, how do you make sure that they don't go through a building or go through the floor. And so I think some of those video advancements that we have seen within Adobe have really addressed some of those hard problems. A big picture, though, video, I think, will be even more of an accelerant for editing applications. I mean, I think this notion that the next Oppenheimer will be done using a text-to-video prompt is just not going to happen for decades. And so I think, actually, more so in video, there's going to be an accelerant for people saying, ""How do I get an on-ramp as it relates to using text-to-video and then edit that using our applications?"" And so I think I'm really particularly excited about what we can do with Premier as well as with After Effects as it relates to video. So net-net, I would say, Saket, the technology is impressive. We have our models. We have integrated it into our interfaces. We're also partnering. I had a really great conversation with Jensen recently about what we can do as they are investing in video. Certainly, he would love to partner with us, and we're looking together to see how we can push the envelope on video as well using their models, whether it's Edify or NeMo. And so I think really early days. We're seeing a whole bunch. I hope -- and David mentioned this, look at some of the lip-sync stuff that we've done as well, which allows you to auto-dub and translate into languages, so we intentionally released a little bit of that demo. So really great advances, but net-net, video is going to be even more of a need for editing applications in order to truly take advantage of generative AI."
FY24_Q1,2024-03-14,qa,David Wadhwani,mgmt,Adobe Inc.,"Yes, and maybe I'll just add a few things. First of all, as Shantanu mentioned, the research in the industry and certainly with Sora is very impressive and exciting. It's also very consistent with the models that we're developing. So we think that there's -- there will be, as there was with video -- sorry, imaging, there will be multiple models that come out including the Adobe model later this year, and we should start to see a lot of innovation there like we've seen in imaging. We've already started to sneak a couple of things, as Shantanu talked about, but you will see text-to-video capabilities from us later this year. But you'll also see it with transparency around the training data that we have. You'll see it with more tool ability and controllability. You'll see it integrated into our tools as well. Now all of that said, I do want to be very clear with what Shantanu said, which is that we see the proliferation of video models to be a very good thing for Adobe. We're going to work with OpenAI around Sora. You're going to see us obviously developing our own model. You're going to see others develop their model. All of that creates a tailwind because the more people generate video clips, the more they need to edit that content, right? So whether it's Premier or After Effects or Express, they have to assemble those clips. They have to color correct those clips. They have to tone-match. They have to enable transitions. So we're excited about what we're building, but we're just as excited about the partnerships that we see with OpenAI and others coming down this path. And if you take a step back, you should expect to see more from us in the weeks ahead with imaging and vector, design, text effects, in the months ahead with audio and video and 3D. We're very excited about what all of this means, not just for the models, but for our APIs and our tools."
FY24_Q1,2024-03-14,qa,Operator,operator,,Your next question comes from the line of Alex Zukin with Wolfe Research.
FY24_Q1,2024-03-14,qa,Aleksandr J. Zukin,analyst,"Wolfe Research, LLC","And I just -- mine is going to be more of a clarifying question, because it's clear that from a number of comments, whether it's outperforming Digital Media ARR in the quarter to accelerating Creative ARR in the second half to maybe doing better than $1.9 billion in the full year for Digital Media ARR, my question is very simple. Can you reiterate, not update but reiterate, the guide that you gave in December for Digital Media ARR in net new specifically for this year? And maybe puts and takes around how we should think about, to the question earlier, the second half versus first half tailwind headwind around pricing?"
FY24_Q1,2024-03-14,qa,Daniel J. Durn,mgmt,Adobe Inc.,"Yes. So we take our guide seriously. Q1 played out as expected. It was ahead of where we were last year. Our Q2 guide is ahead of where the guide was in Q2. We're talking about acceleration into the back half of the year. If I didn't feel like our full year guide was achievable, we would have a different conversation. We're confident in the targets that we put out there, ability to meet them. If there's an opportunity to do better, we certainly will. So we feel good about where we sit in the first half. And as we look forward into the second half, the momentum we see from an innovation standpoint, integrating into our products, what we see going from beta to GA, we feel good about the momentum into the second half."
FY24_Q1,2024-03-14,qa,Operator,operator,,And your next question comes from the line of Karl Keirstead with UBS.
FY24_Q1,2024-03-14,qa,Karl Emil Keirstead,analyst,"UBS Investment Bank, Research Division","Dan, maybe I'll continue with this subject that Alex was getting at. So I think what's tough about modeling ARR of late is it's very difficult to see the impact of the price actions. It feels like a black box to us. So I'm wondering if you could help us get aligned for the second half and offer some qualitative color on the extent to which the prior period price actions roll off. Is that more of a 3Q or 4Q phenomenon? Is there any way you could help size that impact, just to feel good about David's earlier comment about that roll-off being a big part of the second half ARR acceleration?"
FY24_Q1,2024-03-14,qa,Daniel J. Durn,mgmt,Adobe Inc.,"Yes. So there were 2 pricing actions that we had taken in 2022. In May of 2022, we pushed forward a pricing action. And then October of 2022, we pushed forward the Doc Cloud line optimization where we integrated Sign. The 1-year anniversary of those pricing actions from May of 2022 and October of 2023 -- or I'm sorry, October of 2022 will be behind us on the 1-year anniversary. So you will still see some Q3 impact from pricing actions in the year ago period. Q4 will be a clean look for the company, at least 2 months in Q4 will be a clean look. The actions that we're taking right now from both a pricing and a product standpoint, on the Creative side, will be more apparent in the back half of the year into the end of the year."
FY24_Q1,2024-03-14,qa,Shantanu Narayen,mgmt,Adobe Inc.,"I think the other way I would look at it honestly -- sorry, go ahead."
FY24_Q1,2024-03-14,qa,Karl Emil Keirstead,analyst,"UBS Investment Bank, Research Division","Go ahead, David or Shantanu…"
FY24_Q1,2024-03-14,qa,Shantanu Narayen,mgmt,Adobe Inc.,"Well, the way I would look at it in terms of the rhythm of the numbers and how you've seen sort of what transpired in 2023 and how we look at 2024 and the path to $1.9 billion and beyond, the way I would look at it is we're ahead in Q1. We're ahead in Q1. We're giving you all the reasons why we think there's more product coming and more monetization coming in the rest of the year, and that's what gives us the confidence associated with the targets. I guess there's this question of every quarter, do we reiterate targets, do we update targets, what does that mean. And the way we've always thought of it is if there was a way, if we didn't have confidence, we would give you that. We have confidence associated with the numbers. But we're not in the business of every quarter looking at every number. And let's go down one other number, which was the GAAP EPS. Certainly, there's an impact, as you know, in the GAAP EPS associated with what we did as it related to the Figma sort of transaction and therefore, the impact to GAAP EPS in Q1. So I think from my perspective, the quarter and the year is playing out just as we did. And I feel more confident now than I did when we gave you our annual targets. I'll leave it at that."
FY24_Q1,2024-03-14,qa,Operator,operator,,And we will take our next question from the line of Jay Vleeschhouwer with Griffin Securities.
FY24_Q1,2024-03-14,qa,Jay Vleeschhouwer,analyst,"Griffin Securities, Inc., Research Division","With respect to Firefly, it's obvious that you are significantly ramping up your investments there, at least judging by the number of relevant open positions you're looking to fill for Firefly development, many of which are seemingly fairly senior. Could you comment on your pipeline of being able to bring in the requisite amount of developmental capacity to support everything you're doing with Firefly and everything else that David, in particular, talked about? And relatedly on go-to-market, in the last few months, you've been opening up the aperture for sales positions globally. Could you comment on what the thinking is behind that, and again, whether the population is there for you to bring in to meet your sales head count needs?"
FY24_Q1,2024-03-14,qa,David Wadhwani,mgmt,Adobe Inc.,"Yes. Let me take the first one, and Anil can answer the question on sales. As it relates to the momentum we're seeing with Firefly, I think there are multiple layers of it. One is obviously, we're seeing the quality of the models. We're seeing a differentiated approach as it relates to the training data, as it approaches contribution of assets from our community and how we compensate those folks. And so that's not just an Adobe perspective, but it's playing out, obviously, in the enterprises as they look at what are the models that they can consider using for production workflows. We're the only one with the full suite of capabilities that they can do. It's a really unique position to be in. But it's also being noticed by the research community, right? And as the community starts looking at places, if I'm a PhD that wants to go work in a particular environment, I start to ask myself the question of which environment do I want to pick. And a lot of people want to do AI in a responsible way. And that has been a very, very good opportunity for us to bring in amazing talent. So we are investing. We do believe that we have the best -- one of the best, if not the best, research labs around imaging, around video, around audio, around 3D, and we're going to continue to attract that talent very quickly. We've already talked about we have the broadest set of creative models for imaging, for vector, for design, for audio, for 3D, for video, for fonts and text effects. And so this gives us a broad surface area to bring people in. And that momentum that starts with people coming in has been great. The second part of this, too, is managing access to GPUs while maintaining our margins. We've been able to sort of manage our cost structure in a way that brings in the talent and gives them the necessary GPUs to do their best work."
FY24_Q1,2024-03-14,qa,Anil S. Chakravarthy,mgmt,Adobe Inc.,"And regarding the sales positions in enterprises. In enterprise, we're in a strong position because what we -- this area of customer experience management, it remains a clear imperative for enterprise customers. Everybody is investing in this personalization, at scale and current supply chain. These help drive both growth and profitability. So when you look at these areas, these, from an enterprise perspective, these are a must-have. This is not a need-to-have. And that's helping us really attract the right kind of talent. We just onboarded, this week, a VP of Sales who had prior experience, a lot of experience in Cisco and Salesforce, et cetera. So that's an example of we're really bringing on some excellent enterprise sales talent."
FY24_Q1,2024-03-14,qa,David Wadhwani,mgmt,Adobe Inc.,"And I don't know if, Jay, you were asking for building your model or if you were looking for a job. But if you're interested in any of these positions, let us know."
FY24_Q1,2024-03-14,qa,Jay Vleeschhouwer,analyst,"Griffin Securities, Inc., Research Division",More the former.
FY24_Q1,2024-03-14,qa,Jonathan Vaas,mgmt,Adobe Inc.,"Operator, we're coming up on the hour. Let's try to squeeze in 2 more questions."
FY24_Q1,2024-03-14,qa,Operator,operator,,We will take our next question from Kash Rangan with Goldman Sachs.
FY24_Q1,2024-03-14,qa,Kasthuri Gopalan Rangan,analyst,"Goldman Sachs Group, Inc., Research Division","It looks like there's more trust in AI and Excel models than what you're actually saying qualitatively on this call. I just wanted to give you an opportunity to debunk this hypothesis that is going around that AI, it is generating videos and pictures, but the next step is, it's going to do the actual editing and put out Premier Pro use or whatnot. So that is probably the existential threat that people are debating. So I wanted you -- to see if we could take a shot at why that scenario is very unlikely, that right now it's about generation of images, that your tools pick up where the generation stops and you do the processing, right? So help us understand why this can coexist with AI. That's a philosophical question. And Dan, one for you. Besides the net new ARR that you've already reported on Creative and DM, what are the other indicators such as new business bookings that you don't quantify necessarily, that you qualitatively saw in Q1 that makes you feel good about the year?"
FY24_Q1,2024-03-14,qa,David Wadhwani,mgmt,Adobe Inc.,"Great. So maybe I'll take your first part. Dan, obviously, can take the second. So as it relates to generative content, I'm going to sort of break it up into 2 parts. One is around the tooling and how you create the content and the second is around automation associated with the content. I think if you take a step back, before we even get into either one of those, there is no question that there is a huge appetite because of personalization at scale. They need to engage users. The need to build your personal brand online, that content is going to explode in terms of the amount of content being created. And it's going to explode because of 1 of 2 things. The first is around the ability to create audio clips, video clips, images, vectors. These are things that get users started. It's great for ideation. You'll see, in a few weeks, some of the incredible work the team has been doing around ideation on firefly.com. And once those things are created, they do flow into our tools for the production work and process. We're clearly seeing a huge benefit from that because the more content that creates -- gets created, the more editing that's required and that's what's driving more commercial CC subscribers this quarter than any other Q1 before, so that's the foundation of it. The second part of this, though, from an editing perspective is the controllability of -- and the editability of, not just pixels and vectors and time lines, but also the editability of the latent space itself. The latent space being the core capability -- core model capabilities that actually generate the output. We have a lot of research that we've already started releasing. The first of which was Style Match. And you'll start to see more and more of that actually coming out at Summit and beyond. But we are, in my mind, very, very clearly, the leader in terms of creating models that can also be tooled on top of. So that combination of the models getting better and the controllability of those models, we are in a remarkable position for that, so we benefit from that. The second part, Kash, is around automation. So as people are generating more content, you clearly need to be able to automate that content and how it's created. And that's really where Firefly services come in. First, it's built on the strength of our Firefly models, say, for commercial use, integrate it into our tools, but it also adds the ability to have custom models to control what kind of information or brand and content it's trained on for both brand styles and product replica. And it's also part of an ecosystem of API services, not just generate something, which is a core part of it, like text to image or Generative Fill or Generative Expand, but also process. So once you generate some images through APIs and automation, you want to be able to remove the background. You want to be able to blur the depth. You want auto-tone. You want to apply actions to that image. And then the last is you want to be able to assemble that for delivery. Firefly services don't just generate something but you have that entire ecosystem. And then you can embed that using low-code, no-code environments into your flows, and we are already embedding it into GenStudio and all of the capabilities that we're shipping. So I think the core part of this is that as more of this content creates, you need more toolability, the best models are going to be the models that are safe to use and have control built-in from the ground up. And I think we have the best controls of anyone in the industry. And they need to be able to be done in an automated fashion that can embed into your workflow. So I think all 3 of those vectors point to benefits for Adobe."
FY24_Q1,2024-03-14,qa,Daniel J. Durn,mgmt,Adobe Inc.,"And then as we think about the forward-looking, a couple of points I would turn to. You just think about cash flow in Q1. Strength of our cash flow, once you normalize for the $1 billion termination payment, that's up 28% year-over-year. When you think about RPO, 3-point acceleration sequentially. And when I break that up on deferred revenue, unbilled backlog, you saw that acceleration in each of those subcomponents, which, as you look through that acceleration, the near term underscores the strength of the business, and it underscores the longer-term strength we have around the momentum of the business. When I think about individual product commentary, we talked about it a lot on this call. You see record commercial subscriptions in the Creative business in Q1. You see engagement going up on the products. Usage of Firefly capabilities in Photoshop was at an all-time high in Q1, Express exports more than doubling with the introduction of Express mobile in beta now, going to GA in the coming months, AI Assistant, Acrobat, same pack pattern. You can see that momentum as we look into the back half of the year. And from an enterprise standpoint, the performance in the business was really, really superb in Q1, strongest Q1 ever in the enterprise. So there's a lot of fundamental components that we're seeing around performance of the business that give us confidence as we look into the back half of the year."
FY24_Q1,2024-03-14,qa,Operator,operator,,We'll take our next question from Keith Weiss with Morgan Stanley.
FY24_Q1,2024-03-14,qa,Keith Weiss,analyst,"Morgan Stanley, Research Division","I appreciate you squeezing me in. I'm going to take one last crack at this. Shantanu and team, like, we definitely hear your confidence in the business, but obviously, the stock market reaction's reflecting investors are worried about something. And the 2 things that worry investors more so than anything is uncertainty, number one; and number two is back half ramps, right? And so I think what investors would really love to hear is Dan Durn actually say you still expect to do $1.9 billion in net new Digital Media ARR and get some certainty there, and then also have a little bit more certainty or a little bit more explanation of what are the building blocks of that second half ramp. Like which products are expected to go GA? Are we including stuff like Document Intelligence? Is there new monetization avenues that we're putting into the back half? Or is there just some mechanism within sort of the Creative Cloud pricing that's going to turn on in the back half of the year? Like, any further specification in there, I think, would help sort of close the gap between your confidence and sort of the lack of confidence exhibited by the after-hour reaction."
FY24_Q1,2024-03-14,qa,Shantanu Narayen,mgmt,Adobe Inc.,"And let me tackle that, Keith, and maybe I'll just tackle it by taking a couple of the other questions as well, summarizing that and ending with your question associated with the financial results. I think the first question that I hear across many folks is, hey, with the advent of AI and the increase in the number of models that people are seeing, whether they be image models or video models, does that mean that the number of seats, both for Adobe and in the world, do they increase? Or do they decrease? To me, there's no question in my mind that when you talk about the models and interfaces that people will use to do creative content, that the number of interfaces will increase. So Adobe has to go leverage that massive opportunity. But big picture, models will only cause more opportunity for interfaces. And I think we're uniquely qualified to engage in that, so that's the first one. Second one I would say is that does Adobe innovate? And when we do that, do we only leverage the Adobe model? Or is there a way in which we can leverage every other model that exists out there? Much like we did with plug-ins, with all of our Creative applications, any other model that's out there, we will certainly provide ways to integrate that into our applications, so anybody who's using our application benefits not just from our model creation but from any other model creation that's out there. The way we first started to execute against that is in the enterprise, because for us, the enterprise and the ability to create custom models so people can tweak their models to be able to do things within Photoshop that are specific to a retailer or a financial service was where we focused. But long term certainly, as I've said with our partnerships, we will have the ability for Adobe, in our interfaces, to leverage any other model that's out there, which again further expands our opportunity. I think as we play out the year, when we gave our targets for the $1.9 billion in ARR and the $410 million in Digital Media ARR for Q1, it factored in both our product roadmap and how things would evolve in the year. All of the product roadmaps, we knew, whether it was Acrobat, whether it was Express, whether it was Firefly, whether it was Creative Cloud or whether it's GenStudio that brings all of these together, we knew the product roadmap, which we're executing against in the first half of the year, a lot of that was beta, and in the second half of the year, a lot of that's monetization. It's playing out as expected. If anything, I would say the excitement around that, and in particular, the enterprise is faster than expected. And so I think our ability to monetize it, just -- not just through new seats, but also through these new Firefly services is expanded as it relates to what we are doing. And then as it relates to your question around financial results and the go-forward execution, we gave a Q1 target, we beat the Q1 target. And that gives us confidence that the financial target that we gave at the beginning of the year, we're ahead of that. And that's how I'll play it out. You're right, you have to model it. You can look at last year's model and look at last year's model and say, ""Hey, they got to $1.913 billion. If they're ahead, does that fundamentally change Adobe's thesis on why we get to $1.9 billion and beyond?"" And in my mind, it doesn't. And so that's the way I would answer that question. We have to go execute against the opportunity that we have. I look forward to those who are at Summit. I'm sure we'll have a little bit more conversation, but Q1 was a strong start. It was a strong start against product execution. It was a strong start against the financial metrics that we outlined. And we're going to go do it again, Keith. So that's how I'd answer your question. But thank you all for joining. And with that, I'll hand it back to Jonathan."
FY24_Q1,2024-03-14,qa,Jonathan Vaas,mgmt,Adobe Inc.,"All right. Thanks, everybody. I look forward to speaking with many of you soon. And this concludes the call. We look forward to seeing you at Summit."
FY24_Q2,2024-06-13,prepared,Operator,operator,,"Good day, and welcome to the Q2 FY '24 Adobe Earnings Conference Call. Today's conference is being recorded. At this time, I'd like to turn the conference over to Jonathan Vaas, VP of Investor Relations. Please go ahead."
FY24_Q2,2024-06-13,prepared,Jonathan Vaas,mgmt,Adobe Inc.,"Good afternoon, and thank you for joining us. With me on the call today are Shantanu Narayen, Adobe's Chair and CEO; David Wadhwani, President of Digital Media; Anil Chakravarthy, President of Digital Experience; and Dan Durn, Executive Vice President and CFO. On this call, which is being recorded, we will discuss Adobe's second quarter fiscal year 2024 financial results. You can find our press release as well as PDFs of our prepared remarks and financial results on Adobe's Investor Relations website. The information discussed on this call, including our financial targets and product plans, is as of today, June 13, and contains forward-looking statements that involve risks, uncertainty and assumptions. Actual results may differ materially from those set forth in these statements. For more information on those risks, please review today's earnings release and Adobe's SEC filings. On this call, we will discuss GAAP and non-GAAP financial measures. Our reported results include GAAP growth rates as well as constant currency rates. During this presentation, Adobe's executives will refer to constant currency growth rates unless otherwise stated. Non-GAAP reconciliations are available in our earnings release and on Adobe's Investor Relations website. I will now turn the call over to Shantanu."
FY24_Q2,2024-06-13,prepared,Shantanu Narayen,mgmt,Adobe Inc.,"Thanks, Jonathan. Good afternoon, and thank you for joining us. Adobe had an outstanding quarter, achieving revenue of $5.31 billion, representing 11% year-over-year growth. GAAP earnings per share for the quarter was $3.49, and non-GAAP earnings per share was $4.48, representing 15% year-over-year growth. Our success is driven by growing customer value through an innovative product road map. The advances we are delivering across Creative Cloud, Document Cloud, and Experience Cloud are enabling us to attract an expanding universe of users. Everyone from creators, communicators, students, entrepreneurs and businesses of all sizes are using our products to unleash their creativity, accelerate document productivity, and power their digital businesses. Adobe's highly differentiated approach to AI is rooted in the belief that creativity is a uniquely human trait and that AI has the power to assist and amplify human ingenuity and enhance productivity. We're innovating across data, models and interfaces, and natively integrating AI across all our offerings. In Creative Cloud, we've invested in training our Firefly family of creative generative AI models with a proprietary data set and delivering AI functionality within our flagship products, including Photoshop, Illustrator, Lightroom, and Premier. We're reimagining creativity for a broader set of customers by delivering Adobe Express as an AI-first application across the web and mobile surfaces. Since its debut in March 2023, Firefly has been used to generate over 9 billion images across Adobe creative tools. In Document Cloud, we're revolutionizing document productivity with Acrobat AI Assistant, an AI-powered conversational engine that can easily be deployed in minutes. This enhances the value of the trillions of PDFs, which hold a significant portion of the world's information. Acrobat AI Assistant features are now available through an add-on subscription to all Reader and Acrobat enterprise and individual customers across desktop, web and mobile. At the end of May, we celebrated the 5-year anniversary of Adobe Experience Platform, which we conceived and built from scratch and which is on track to be the next billion-dollar business in our Digital Experience portfolio. We released AEP AI Assistant to enhance the productivity of marketing practitioners through generative AI while expanding access to native AEP applications. With Adobe GenStudio, we're bringing together products across our clouds, including Creative Cloud, Adobe Experience Manager, Workfront, Adobe Journey Optimizer, and Customer Journey Analytics as well as Adobe Express for Business to address the massive content supply chain opportunity. Our approach to empower marketers to quickly plan, create, manage, activate and measure on-brand content is resonating with customers, and validating our leadership across data, content and journeys to deliver personalized experiences at scale. We're extending our applications to integrate third-party text, image and video models, and partnering strategically to create multimodal large language models, offering customers greater choice in tools, and further enhancing the value of our leading applications and solutions. We're driving strong usage, value and demand for our AI solutions across all customer segments and seeing early success monetizing new AI technologies across our Digital Media and Digital Experience businesses. Given this rich product road map focused on execution and customer demand in the first half of the year, we're pleased to raise our annual Digital Media net new ARR, Digital Experience subscription revenue and EPS targets. I'll now turn it over to David to discuss the momentum in our Digital Media business."
FY24_Q2,2024-06-13,prepared,David Wadhwani,mgmt,Adobe Inc.,"Thanks, Shantanu. Hello, everyone. In Q2, we achieved net new Digital Media ARR of $487 million and revenue of $3.91 billion, which grew 12% year-over-year. On the Document Cloud side, PDF has become a global standard for automating business and consumer workflows, and Acrobat is the platform of choice to view, edit, share and collaborate with these documents. We continue to see steady growth in monthly active users of our Document Cloud solutions, including Acrobat Reader, Acrobat Standard and Pro, and our signature share and review workflows across mobile, web and desktop. The introduction of Acrobat AI Assistant made generally available in April for English documents marks the beginning of a new era of innovation and efficiency for the approximately 3 trillion PDFs in the world. Acrobat AI Assistant is empowering everyone to shift from reading documents to having conversations with them in order to summarize documents, extract insights, compose presentations and share learnings. AI Assistant is available as a stand-alone offer for use in reader and as an add-on to Acrobat Standard and Pro. We're seeing early success driving adoption of AI Assistant as part of our commerce flows and remain optimistic about the long-term opportunities. In Q2, we achieved Document Cloud revenue of $782 million, growing 19% year-over-year. We added $165 million of net new Document Cloud ARR, which was a Q2 record with year-over-year ending ARR growth of 24% in constant currency. Other business highlights include general availability of Acrobat AI Assistant support for document types beyond PDF, meeting transcripts and enterprise requirements. Acrobat link sharing for PDF-based collaboration continues to grow rapidly, more than doubling year-over-year and driving viral new user adoption. Free monthly active users of Acrobat Web grew over 60% year-over-year as a result of link sharing and our Microsoft Edge and Google Chrome extensions; continued strength with free-to-paid digital conversion as a result of product-led growth optimizations; strong growth in the SMB segment for our Teams offering, driven by a combination of seat expansion and new account wins; key enterprise customer wins with AstraZeneca, Chevron, state government of Florida, state of Illinois, United Healthcare Services, and Wells Fargo. Turning to Creative Cloud. Creative professionals are leading the global charge to meet the ever-increasing demand for engaging content across a variety of platforms and channels. Enterprises rely on creative professionals to produce differentiated content to drive increasingly personalized marketing campaigns. Solopreneurs and small businesses need to stand out in a crowded digital landscape with engaging videos and designs. Educators are passionate about providing students with the visual communication skills needed to thrive in the decades ahead. Consumers are increasingly looking for ways to share their stories digitally. Creative Cloud, Express, and Firefly services are uniquely positioned to catalyze this opportunity for everyone by leveraging the promise of generative AI. Our Creative Cloud flagship applications continue to release new features that are significantly improving user onboarding while simultaneously delivering an unprecedented level of power and precision. Generative Fill and Generative Expand are already 2 of the top 3 features used by customers on the latest version of Photoshop. Text to vector support is off to a great start in Illustrator. Remove Object is the fastest-growing feature in Lightroom mobile. Our preview of generative AI capabilities in Premier won Production Hub Award of Excellence at NAB, the largest video show in North America. We are integrating our leading applications with Firefly and third-party generative AI models to deliver the richest, most engaging content. Our vision for Adobe Express is to provide a breakthrough application to make design easy for communicators worldwide, leveraging generative AI and decades of Adobe technology across web and mobile. Our launch of the all-new Express application on iOS and Android earlier this quarter is off to a strong start with monthly active users doubling quarter-over-quarter. This week's Design Made Easy event, which focused on Express for Business, was another big step forward for us. Companies of all sizes are excited about the integrated power and commercial safety of Firefly, the seamless workflows with Photoshop, Illustrator and Adobe Experience Cloud, and enterprise-grade brand controls that are now part of Express for Business, making it the optimal product for marketing, sales and HR teams to quickly and easily create visual content to share. We also announced the general availability of Firefly services and custom models at Summit. The platform makes API calls and model customization available to developers, accessible through low-code, no-code tools and integrates with our Experience Cloud products. Firefly services can power the creation of thousands of asset variations in minutes instead of months and at a fraction of the cost. This allows us to monetize the volume of content being created through automation services. The increasing availability of Firefly in Creative Cloud, Express, Firefly Services and the web app is giving us opportunities to access more new users, provide more value to existing users and monetize content automation. These integrations are driving the acceleration of Firefly generations with May seeing the most generations of any month to date. In Q2, we achieved $3.13 billion in revenue, which grew 11% year-over-year. Net new Creative Cloud ARR was $322 million. Other business highlights include: the launch of Express for Business, including support for brand controls and template locking, Firefly custom models, bulk creation and generation of variations, presentation and print capabilities, and workflows with Photoshop, Illustrator and Experience Cloud; the release of Firefly Image 3 Foundation Model with high-quality image generation and more control with structure and style reference; the release of the Photoshop (beta) with Reference Image and advances in Generative Fill; the debut of Generative Remove in Adobe Lightroom, enabling anyone to remove unwanted objects from any photograph non-destructively with stunning high-quality photorealistic results; the release of the Premier (beta) with new audio workflows driving strong usage; the deep integration of Firefly in Substance 3D, which provides an easy way to create textures and materials from reference images; the introduction of an all-new Frame.io, streamlining workflows across content types on a flexible and intuitive collaboration platform. Key enterprise customer wins include Credit Agricole, FedEx, Infosys, Rakuten, Ralph Lauren, Samsung, Schneider Electric, and Volvo. We're excited about the accelerating pace of innovation across the Digital Media business and pleased with the adoption of AI functionality as well as its early monetization across Document Cloud and Creative Cloud, including our flagship applications, Firefly Services and Express. We're pleased to raise our annual net new ARR target to $1.95 billion and excited to deliver on our rich product road map in the second half. I'll now pass it to Anil."
FY24_Q2,2024-06-13,prepared,Anil S. Chakravarthy,mgmt,Adobe Inc.,"Thanks, David. Hello, everyone. In Q2, we achieved Experience Cloud revenue of $1.33 billion. Subscription revenue was $1.2 billion, representing 13% year-over-year growth. We are the industry leader in helping enterprises deliver personalized experiences at scale to their customers by combining the right content, customer data and journeys in real time. When we introduced Adobe Experience Platform 5 years ago, it was a revolutionary approach to address customer data and journeys. Today, we're the #1 digital experience platform and AEP with native apps is well on its way to becoming a billion-dollar business. We're now transforming the content supply chain for enterprises with Adobe GenStudio, enabling them to produce content at scale, leveraging generative AI through native integrations with Firefly Services and Adobe Express for Business. Enterprise customers, both B2C and B2B, view customer experience management and personalization at scale as key areas of differentiation, making it a priority investment for Chief Marketing Officers, Chief Information Officers and Chief Digital Officers. We are excited by the customer interest and adoption of our latest innovations, including AEP AI Assistant, a generative AI-powered conversational interface that empowers practitioners to automate tasks, simulate outcomes and generate new audiences and journeys. For example, customers like General Motors and Hanesbrands have been working with AEP AI Assistant to boost productivity and accelerate time to value while democratizing access to AEP and apps across their organizations. Marriott International is a great example of a customer that's expanded its decade-long relationship with Adobe and turned to Adobe Experience Cloud to orchestrate highly personalized guest experiences across online reservations and the Marriott Bonvoy mobile app. Adobe Real-time CDP and Adobe Journey Optimizer enable Marriott to connect data from disparate sources and activate relevant experiences in moments that matter, helping the company match individuals with the best options across its portfolio of more than 30 brands and nearly 9,000 properties. Other business highlights include: continued momentum with AEP and native applications growing subscription revenue 60% year-over-year in Q2; AEP innovations announced at Summit include Adobe Journey Optimizer B2B Edition, a new application for B2B customers built on AEP to orchestrate account-specific buying group journeys; Federated Audience Composition, which enables enterprises to minimize data copy and generate audiences directly from their enterprise data warehouses; and Real-Time CDP Collaboration, a new clean room application for brands and publishers to collaborate in a privacy-safe way to discover, reach and measure their high-value audiences in a world without third-party cookies. GenStudio innovations to address enterprise content supply chain needs across workflow and planning, creation and production, asset management, delivery and activation, and reporting and insights. Recent advancements include contextual search in Adobe Experience Manager Assets, which enables users to find the right asset and variation in their growing digital libraries; Adobe Workfront Planning, which provides every user with a unified view of all activities across the marketing life cycle through highly visual marketing campaign calendars and dynamic briefs; and AEM Generate Variations, which accelerates the creation of audience-specific content variations to drive personalized web experiences. Strong industry analyst recognition including Gartner's Magic Quadrant for Content Marketing Platforms and leadership for both IDC's B2C and B2B MarketScapes for digital commerce applications. Key customer wins include Amazon, British Telecom, Comcast, Mercedes-Benz, Maruti Suzuki, Nationwide Building Society, Novo Nordisk, ServiceNow, Stellantis, ULTA Beauty, and U.S. Department of the Treasury. We have enabled our vibrant partner ecosystem of system integrators and agencies to deliver advisory and implementation services across our product portfolio. We look forward to engaging with customers and major agencies at the Cannes Lions Festival later this month. Our category-leading solutions, robust pipeline and tremendous scale position us to drive strong growth in the second half, and we are raising our subscription revenue target for the year. I will now pass it to Dan."
FY24_Q2,2024-06-13,prepared,Daniel J. Durn,mgmt,Adobe Inc.,"Thanks, Anil. Today, I'll start by summarizing Adobe's performance in Q2 fiscal 2024, highlighting growth drivers across our businesses, and I'll finish with financial targets. In Q2, Adobe delivered strong top line growth and industry-leading profitability while accelerating the pace of innovations we're delivering to market across Document Cloud, Creative Cloud and Experience Cloud. In the quarter, Adobe achieved record revenue of $5.31 billion, which represents 10% year-over-year growth or 11% in constant currency, with strength across all 3 clouds. This performance stems from the diversification of Adobe's business across our market-leading products, business models, customer segments, and geographies. When combined with our talented employees, strong execution and world-class financial discipline, you have the ingredients that make this company incredibly resilient. Second quarter business and financial highlights included: GAAP diluted earnings per share of $3.49 and non-GAAP diluted earnings per share of $4.48, Digital Media revenue of $3.91 billion, net new Digital Media ARR of $487 million, Digital Experience revenue of $1.33 billion, cash flows from operations of $1.94 billion and RPO of $17.86 billion exiting the quarter. In our Digital Media segment, we achieved Q2 revenue of $3.91 billion, which represents 11% year-over-year growth or 12% in constant currency. We exited the quarter with $16.25 billion of Digital Media ARR, up 13% year-over-year in constant currency. Adobe achieved Document Cloud revenue of $782 million, which represents 19% year-over-year growth as reported and in constant currency. We added $165 million of net new Document Cloud ARR, which was a record for Q2. Q2 Document Cloud growth drivers included: demand for Acrobat subscriptions across all customer segments and geographies; new user acquisition resulting from increasing Reader MAU; a great start monetizing AI Assistant through our digital channel; strong usage and engagement from Acrobat Web as well as through our Chrome and Edge partnerships, which are driving free-to-paid conversion; growing team subscription units sold to SMBs, both through adobe.com and our reseller channel; and strength in our enterprise solutions, demonstrating the importance of PDF as a source of unstructured data in business workflows. We achieved Creative revenue of $3.13 billion, which represents 10% year-over-year growth or 11% in constant currency. We added $322 million of net new Creative ARR in the quarter. Q2 Creative growth drivers included: new subscriptions for Creative Cloud All Apps with particular strength in digital acquisition on adobe.com, with multiple product releases during the quarter driving customer engagement and demand; strong growth of single apps, including in imaging, photography, design and stock; accelerating customer interest and usage for our new Express mobile and Express for Business offerings; strong renewals as customers migrate to higher-value, higher ARPU Creative Cloud plans that include Firefly entitlements; continued subscription unit growth, with particular strength in emerging markets; and strength from SMBs adopting our team offering as well as in the enterprise segment with ETLA adoption. We're pleased with the performance of the Creative business in the first half of the year, fueled by strong commercial subscriptions in both Q1 and Q2. As we look at the momentum we're carrying into the back half, we expect to deliver year-over-year growth of Creative net new ARR in Q3 and Q4, and are raising our Digital Media net new ARR target for the fiscal year. Turning to our Digital Experience segment. In Q2, we achieved revenue of $1.33 billion, which represents 9% year-over-year growth as reported and in constant currency. Digital Experience subscription revenue was $1.20 billion, growing 13% year-over-year as reported and in constant currency. Q2 Digital Experience growth drivers included: subscription revenue strength from transformational accounts; market leadership with AEP and native applications, with subscription revenue growing 60% year-over-year; additional subscription revenue strength across the data insights and audiences and customer journey categories; and accelerated adoption of our AEM and Workfront solutions from businesses looking to solve their content supply chain challenges. Turning to the income statement and balance sheet. In Q2, Adobe delivered year-over-year EPS growth of 24% on a GAAP basis and 15% on a non-GAAP basis. This was driven by revenue growth and disciplined prioritization of our investments, which resulted in non-GAAP operating margin strength in Q2. The company continues to deliver world-class gross margins while investing in groundbreaking AI capabilities. Adobe's effective tax rate in Q2 was 18.5% on a GAAP and non-GAAP basis, in line with our expectations for the quarter. RPO exiting the quarter was $17.86 billion, growing 17% year-over-year as reported or 18% when factoring in a 1 point currency headwind. Current RPO grew 12% exiting the quarter. Our ending cash and short-term investment position at the end of Q2 was $8.07 billion, and cash flows from operations in the quarter were $1.94 billion. In Q2, we entered into a $2.5 billion share repurchase agreement, and we currently have $22.7 billion remaining of the $25 billion authorization granted in March 2024. We will now provide Q3 targets as well as updated fiscal 2024 annual targets, factoring in current macroeconomic conditions as well as strong momentum across our business, our current FX outlook into the back half of the year with the U.S. dollar remaining stronger as compared to our original expectations when we set our FY '24 targets in December, and an expected strong seasonal finish to the year in Q4. For Q3, we're targeting: total Adobe revenue of $5.33 billion to $5.38 billion; Digital Media net new ARR of approximately $460 million; Digital Media segment revenue of $3.95 billion to $3.98 billion; Digital Experience segment revenue of $1.325 billion to $1.345 billion; Digital Experience subscription revenue of $1.20 billion to $1.22 billion; tax rate of approximately 18% on a GAAP basis and 18.5% on a non-GAAP basis; GAAP earnings per share of $3.45 to $3.50; and non-GAAP earnings per share of $4.50 to $4.55. For fiscal 2024, given our first half performance, we are now targeting: total Adobe revenue of $21.40 billion to $21.50 billion; Digital Media net new ARR of approximately $1.95 billion; Digital Media segment revenue of $15.80 billion to $15.85 billion; Digital Experience segment revenue of $5.325 billion to $5.375 billion; Digital Experience subscription revenue of $4.775 billion to $4.825 billion; tax rate of approximately 20.5% on a GAAP basis and 18.5% on a non-GAAP basis; GAAP earnings per share of $11.80 to $12; and non-GAAP earnings per share of $18 to $18.20. In summary, I'm extremely pleased with the company's performance in the first half of the year and the momentum we see in our business. Adobe's product leadership, velocity of innovation, diversity of our business and financial discipline make us unique, enabling us to deliver strong top and bottom line results through dynamic market conditions. I'm confident in our ability to catalyze transformative long-term trends that will position us to win over the next decade. Shantanu, back to you."
FY24_Q2,2024-06-13,prepared,Shantanu Narayen,mgmt,Adobe Inc.,"Thanks, Dan. Adobe remains one of the greatest places to work in the industry, and I want to thank our employees for their relentless dedication to supporting our customers and communities. We continue to invest in hiring, including new college grads and interns to bring the best and brightest talent to Adobe. This quarter, Adobe was recognized among Fortune's 100 Best Companies to Work For, Glassdoor's Best-Led Companies and the Civic 50 list of the most community-minded companies in the U.S. Demand for our category-defining products and services continues to grow. Our business fundamentals and market tailwinds are strong, and we look forward to building on our momentum in the second half and beyond. Thank you, and we will now take questions."
FY24_Q2,2024-06-13,qa,Operator,operator,,[Operator Instructions] Our first question will come from Mark Moerdler with Bernstein.
FY24_Q2,2024-06-13,qa,Mark L. Moerdler,analyst,"Sanford C. Bernstein & Co., LLC., Research Division","Congratulations on the quarter and especially the strong net new ARR. I'd like to ask a little more color on specifically the net new ARR that we saw in Creative Cloud. Can you give us a sense of what the contribution near term, medium term to Digital ARR from seat growth versus upsell versus consumption, things like Adobe Stock and AI credits, even rank ordering or quantifying? Anything you can give us to give us a sense of what's driving that number? And that would be very helpful in really understanding what's going on in the drivers of that number."
FY24_Q2,2024-06-13,qa,Shantanu Narayen,mgmt,Adobe Inc.,"Sure, Mark, let me start and then certainly, David and Dan can add. To your point, we had a strong quarter. And I think what's really driving the quarter, big picture, continues to be the innovation that we're delivering and the way AI is actually making our applications both more affordable, easy to onboard as well as, frankly, higher-value users. New users are still a big driver of the growth that we continue to see in the business. On the Document Cloud side, a lot of that has to do with the introduction of AI Assistant and the fact that people are migrating to the higher-value products. And on Creative Cloud, I would say the things that we're doing on imaging with Firefly and what we've seen both in Photoshop and Lightroom. I think in the prepared remarks, Dan certainly talked about what's happening with also each of the different segments. So the SMB segment actually had a strong quarter. Enterprise continues to have a strong quarter. So across the board, Mark, we actually saw strength in the business."
FY24_Q2,2024-06-13,qa,Operator,operator,,And our next question will come from Alex Zukin with Wolfe Research.
FY24_Q2,2024-06-13,qa,Aleksandr J. Zukin,analyst,"Wolfe Research, LLC","Congratulations on just an incredible result. I wanted to ask kind of just similar to Mark's question. Just how much GenAI demand did you see in the quarter in terms of sort of both the Creative Cloud portfolio and Digital Media, in creative studio as well as in GenStudio? And how does it kind of help to pick up more on the enterprise side of the business, on the SMB side of the business? Help us understand that progression and maybe how you're planning for it in the back half with the [indiscernible] guide."
FY24_Q2,2024-06-13,qa,Shantanu Narayen,mgmt,Adobe Inc.,"Sure, Alex. Again, maybe I'll start with that. And just taking a step back, I think we've talked about the platform that we have for GenAI that constitutes data as well as models and finally, interfaces. On the models, we released Firefly Services. We've started to see some customer wins in Firefly Services. So they're using it for variations, and these are the custom models that we're creating as well as access to APIs. I would say that's early in terms of the adoption, but the interest as customers say how they can ingest their data into our models as well as custom models, that's really ahead of us, and we expect that to continue to grow in Q3 and Q4. I think the biggest opportunity for us and why we're really excited about GenAI is in the interfaces because that's the way people derive value, whether it's in being able to complete their tasks faster, whether it's be able to do new workflows. And I would say, in that particular space, Acrobat has really seen a significant amount of usage as it relates to AI Assistant and Photoshop. I'll have David again add, but Generative Fill and what we are doing there, what we are doing in Illustrator. And that both for existing customers as well as for prospects who now come in and say the products are becoming increasingly more productive for us, that's what's really driving the value there. And last but not least, the AI-first applications. When we think of an application like Express, Express is all about reimagining what we can do for creatives by sort of leapfrogging existing technologies and providing an AI-first application. And so that's also off to a good start."
FY24_Q2,2024-06-13,qa,David Wadhwani,mgmt,Adobe Inc.,"Yes. And just to add to a little bit of what Shantanu said, Alex, we've talked a lot about how FY '23 was the year that AI was in the playground, and this is the year we need to bring it into production. And a lot of that is industry-wide, but we're in a pretty special position as it relates to that. So to Shantanu's point, a lot of active releases this quarter, right, Acrobat AI Assistant, Firefly updates in Photoshop. Firefly was introduced for the first time into Lightroom. Express mobile launched. Express for Business launched. We launched Firefly Services for enterprises to produce content at scale. So as you can see, there was a ton of innovation of our core -- in our core applications around generative AI. You put that together with some of the activations that we've done at Summit, and we did at MAX London, and we're getting our word out very broadly. It starts to create this ability to not just look at and play with AI but actually use it as part of your workflow. So that's been deeply integrated into everything we do. And that's the key point, the interfaces that people work at, if we bring AI there, everyone becomes more productive."
FY24_Q2,2024-06-13,qa,Shantanu Narayen,mgmt,Adobe Inc.,"And maybe one last thing, Alex. Sequentially, if you look at it from a route to market, digital had a very strong quarter as it relates to what we did on adobe.com. We had talked about enterprise doing well in Q1 as well. That continued. And SMB also, the interest in our team's product also continued to do really well. So I think, sequentially, I would point to SMB and digital strength as driving the further growth."
FY24_Q2,2024-06-13,qa,Aleksandr J. Zukin,analyst,"Wolfe Research, LLC","That's super helpful. And then maybe just one on the macro. Just given your guys' purview, like what is the story that you're seeing in terms of the macro on the demand environment? Clearly, again, you're commenting on solid performance in the SMB and in the enterprise. Is there any areas that you're seeing pockets of weaknesses that's really vertical dependent? What -- just maybe give a comment on kind of how we should think about it as we look to the rest of the year."
FY24_Q2,2024-06-13,qa,Shantanu Narayen,mgmt,Adobe Inc.,"I think from a macro perspective, what I think differentiates Adobe more than any other company is how differentiated and how diverse the set of products that we have. And again, from individual consumers all the way to enterprises, our products are mission-critical. And so at this scale, it's all about execution. And the business cycles will come and go, Alex, but we're actually continuing to focus on execution and converting the pipeline and the interest and the awareness of AI into monetization. And so we just will be ruthlessly focused on continuing to execute against that. So nothing really to report different on the macroeconomic environment from our perspective."
FY24_Q2,2024-06-13,qa,Operator,operator,,And our next question will come from Saket Kalia with Barclays.
FY24_Q2,2024-06-13,qa,Saket Kalia,analyst,"Barclays Bank PLC, Research Division","Echo the congrats on the quarter. Maybe for both of you, Shantanu and David. There are clearly just so many layers to the Firefly monetization story. But I think one theme that's coming out a little bit in this call and particularly interesting route to monetize is just the increased engagement that Firefly helps drive in your flagship products, right, or, I think, what we call sort of the interfaces, right? An example there would be like Generative Fill for Photoshop. And you've clearly started expanding that to other flagships like Premier and Illustrator. Maybe to go one level deeper, is there a way that you think about the potential opportunity from things like higher retention rates? Or any other way that -- I know it's really tough to size. But how have you sort of thought about it even qualitatively?"
FY24_Q2,2024-06-13,qa,David Wadhwani,mgmt,Adobe Inc.,"Yes, it's a great question. And yes, the core has been -- from the very beginning, we've talked to you guys about our primary focus for generative AI is about user adoption and proliferation, right? And that has continued to be the primary thing on our mind. And it's the primary thing on our mind for multiple reasons. And to your point, there are many different ways that we can monetize this. First is as you think about the growth algorithms that we always have in our head, it always starts with, as Shantanu said, new users, right? And then it's about getting more value to existing users at higher ARPU, right? So in the context of new users, first and foremost, we want to make sure that everything we're doing generative AI is embedded in our tools, starting with Express, right? So we have Express in the market. We're seeing a lot of adoption and usage of Express in the market. As that's happening, we're infusing generative AI more and more into Express in a whole host of ways. And that's really helping, everything from our marketing message for the completeness of the AI offering in there all the way through to user engagement and success in onboarding and retention. Similarly, though, this is having the same effect in our core creative products as well, right? The introduction of Firefly combined with some of the product-led growth work we've been doing, in particular, something called the context bar, makes it easy for new users coming in to just be more successful out of the gate, which then, of course, helps with both conversion and retention. And then with AI Assistant, the ability to sort of embed that into the purchase flow for Acrobat and get a high attach rate, we always talk about that as a ""would you like fries with it"" moment at Adobe when someone's going through the checkout flow. It's just a great way for people to say, look, this is value I want. I want to add it and buy up to the higher plan. So there are a lot of different mechanisms that we see. But by far, the strongest is going to be the fact that we are seeing people like in Creative Cloud migrating to the higher-priced plans because they include Firefly. And so we just want to get more value to these users as well."
FY24_Q2,2024-06-13,qa,Shantanu Narayen,mgmt,Adobe Inc.,"And in terms of the generation, Saket, I think we talked about it. We did a great job at MAX in London talking about some of the new functionality and releasing. Photoshop, I think we're up to 9 billion generations, and actually, I think the greatest amount of generations was in May. So the momentum clearly is the more we integrate this functionality into our interfaces, the more that usage is really driving adoption as well as retention."
FY24_Q2,2024-06-13,qa,Operator,operator,,Our next question comes from Brent Thill with Jefferies.
FY24_Q2,2024-06-13,qa,Brent John Thill,analyst,"Jefferies LLC, Research Division","David, on Express, you mentioned the success you're seeing. Can you maybe drill into some of the other metrics and accomplishments that you're seeing out of Express this quarter?"
FY24_Q2,2024-06-13,qa,David Wadhwani,mgmt,Adobe Inc.,"Yes. For starters, there's a lot of buzz with Express here at Adobe coming off the event we just had earlier this week, but it's really based on the fact that the innovation in Express is on a tear, right? A few months ago, we introduced an all-new Express for the web. This quarter, we introduced an all-new Express for mobile. We introduced Express for Business. We also now have, as we've just talked about, been more deeply integrating AI features, whether it's for imaging generation or Generative Fill or text effects, character animation, design generations, more deeply into the flow for Express. And that combination has led to an incredible set of metrics over the last quarter, in particular, but building throughout the year. Express MAU is growing very quickly. We talked about in the script earlier that MAU on mobile has more than doubled quarter-over-quarter, which is fantastic to see. And cumulative exports, if you look at year-over-year, has grown by over 80%. So really feeling good about sort of the momentum we're seeing. But if you take a step back, I think it is important to take a step back and understand our vision. Express that is now in market is built on a brand-new platform, right? And that brand-new platform lays the groundwork for the AI era. And this will be -- Express will be the place that anyone can come and create through a combination of conversational and standard inputs. That's the vision that we have. And I think it's an opportunity for us to really leap forward in terms of what we can do on the web and mobile at Adobe. And it's taken us a little time to get here. It hasn't happened overnight. But now that we are here, we are going to pour the gas on go to market, right? You know what we can do with our data-driven operating model. We've been ramping up what we're doing in Digital and adobe.com journeys. We now can do the same thing and unleash all of that expertise in the mobile app store. You know what we're capable in terms of our product-led growth motions. We've now embedded Express workflows into Acrobat editor. We obviously have been embedding it into Creative Cloud workflows. And also, as we showed at Summit with Anil, we've embedded it into our Experience Cloud workflows as well. In addition to all of that, we're now unleashing our inside sales force to target the small/medium businesses. Our education teams are really gearing up for the back-to-school launch for K-12 and higher ed. And our field and enterprise sales now have Express for Business. So -- and we're doing all this globally, right? It's a massive market, and we're ramping up, and we're ready to go."
FY24_Q2,2024-06-13,qa,Operator,operator,,And the next question comes from Gregg Moskowitz with Mizuho.
FY24_Q2,2024-06-13,qa,Gregg Steven Moskowitz,analyst,"Mizuho Securities USA LLC, Research Division","And I'll add my congratulations. For your creative business, how are you thinking about the Q side of the P times Q equation over the balance of the year? Based on these numbers anyway, I would certainly assume that you had really healthy unit growth in Q2. And I'm wondering if you expect that to continue."
FY24_Q2,2024-06-13,qa,David Wadhwani,mgmt,Adobe Inc.,"Yes. I mean, again, I think what -- it is this mix of product innovation that we've been putting out there and the steady drumbeat of that. A lot of it getting attention because of the quality and the hooks of AI and being able to sort of bring people, onboarding them quickly and successfully into the product. And then as we talked about, the more they use these AI features, the more they retain. And we feel really good about, really, that whole workflow. So yes, the new user growth continues to be our primary focus. And when you add in everything we're doing with Express, we're -- again, like I said, we're off to the races and we feel very good about the momentum on new user acquisition and existing member retention."
FY24_Q2,2024-06-13,qa,Shantanu Narayen,mgmt,Adobe Inc.,"And Gregg, as you're aware, I mean, certainly with Express, we also have the model of customer acquisition as it relates to people coming in through trial and free and then conversion. So we are seeing the interest level as it relates to Express, in particular, significant interest."
FY24_Q2,2024-06-13,qa,Gregg Steven Moskowitz,analyst,"Mizuho Securities USA LLC, Research Division","And Shantanu, since you also called out the strength in Digital earlier, including driving new Creative All Apps subscriptions from your website, are you doing anything different that's helping to drive that behavior? And if so, is that something you think can continue as well?"
FY24_Q2,2024-06-13,qa,Shantanu Narayen,mgmt,Adobe Inc.,"I would, Gregg, sort of modestly say we've been world-class at sort of driving that for a long time now. But the team, I think, continues to do an amazing job. And I would say David referred to the DDOM. Adobe home is now sort of increasingly the way that we're driving a lot of people to get aware of our new products. And so I would say the mobile part as well and the mobile journeys, as we've got these mobile products, whether it's Lightroom or whether it's certainly, Express, that's an area of increasing focus for us. And the traditional sort of understanding where search terms are, I think we're getting better and better at that, which leads to way more digital traffic for us. So I think it's across the board. But I'd also highlight, I mean, the commerce team that we have at Adobe that understands what the segments are and how, for those particular segments, we can attract people, that's great. I mean I think in the prepared remarks, Dan also talked about the strength in emerging markets. And I think the beautiful part about AI is that since they need access to the cloud to get all of the AI functionality, emerging market growth has been really strong for us."
FY24_Q2,2024-06-13,qa,Operator,operator,,And moving on to Keith Weiss with Morgan Stanley.
FY24_Q2,2024-06-13,qa,Keith Weiss,analyst,"Morgan Stanley, Research Division","And again, congratulations on a really solid set of results in an environment where not very many software companies have been able to beat and raise in this type of uneven environment. I wanted to maybe focus in a little bit on the question that Mark Moerdler asked, in particular on what gives you guys the confidence to see a return to year-on-year growth and Creative Cloud net new ARR. It declined in Q2. It declined in Q1. And if I'm not mistaken, the decline in Q2 was a little bit steeper than what we saw in Q1. So what are the particular drivers and maybe some detail on those drivers that give you guys the confidence that, that trend line that has been actually heading in the wrong direction is going to head in the right direction now? We're actually going to see growth in those metrics in Q3 and Q4."
FY24_Q2,2024-06-13,qa,David Wadhwani,mgmt,Adobe Inc.,"Yes. Thanks, Keith. This is one of the areas that I think we've shared with you the complexity of the year-over-year comparisons in the first half based on prior pricing marks that we had. But more importantly, to your point, the year-over-year complexities are now behind us. And we're very excited about the momentum of the first half and how it sets us up for the second half, frankly, across both Document Cloud and Creative Cloud. Both are really momentum stories. The $478 million -- $487 million, sorry, just to be clear, the $487 million that we printed this time is obviously strong performance, and it implies that both CC and DC came in over what the growth -- the guide would have implied otherwise, right? So it's giving us a lot of good momentum going into the back half. Now the momentum is really driven by 3 things, and just I'll try to share a little bit more context here and hopefully gives you. First is new user acquisition, right? We're seeing Express starting to perform well in terms of bringing a lot of new users into the franchise across mobile and web. AI Assistant in Reader has been a really nice start for us, and we've been very pleased with how the uptake on that's going. And then Firefly itself, as I mentioned, has been increasingly more productive in terms of bringing in onboarding users and then retaining users because of the growth. We continue -- as we drive that more holistically throughout the product set, we start to see more people using it, including, as Shantanu mentioned earlier, in emerging markets. So we are seeing very good strength and usage in emerging markets, and that has certainly been a bright spot for us, which is something that obviously represents a lot of potential and upside for us. In terms of existing customers, the migration has been going very well for us as well. So more people are moving to the higher-priced, higher-value plans because of the Firefly capabilities. We're even seeing this in enterprises where people are moving up to the highest versions of Creative Cloud, which is what we call Creative Cloud enterprise for (sic) [ Creative Cloud for enterprise ] because they get more access to features beyond just generation. They have more collaborative capabilities beyond just kind of sharing via e-mail. And we're starting to see that create a nice momentum in upgrade cycles in the enterprise segment as well. And then certainly, let's not forget the new offerings, too. While still early, automation and content production is something that we're driving effectively in a lot of these accounts with Firefly Services. So that mix of new users, existing user migration and also the new offerings that we have in market are driving that growth formula that we talked about, which is now P times Q plus V, for value, with these automation systems."
FY24_Q2,2024-06-13,qa,Operator,operator,,And we have a question from Brad Sills with Bank of America.
FY24_Q2,2024-06-13,qa,Bradley Hartwell Sills,analyst,"BofA Securities, Research Division","I wanted to ask a question around the generative credit component to your pricing here. It seems like with all the progress you've made embedding Firefly across the key flagship products and the engagement levels that you're seeing, we should start to see perhaps some ramp in that generative credit component to your pricing. Is that a fair assessment? Would you expect to start to see that coming in? Or should we look to other services like the video capabilities that you're going to be launching shortly as a key catalyst there?"
FY24_Q2,2024-06-13,qa,Shantanu Narayen,mgmt,Adobe Inc.,"I think you're right, Brad. When we think about what we've done with imaging and video, we've done the right thing by making sure the higher-value paid plans that people don't have to think about the amount of generative capability. And so there, the balance between for free and trialist users, they're going to run into the generative capability limits and therefore, have to subscribe. But for the people who actually have imaging and vector needs, that they're not constantly thinking about generative, I think we actually got it right. To your point, as we move to video, expect to see different plans because those plans will, by necessity, take into account the amount of work that's required to do video generation. So you're absolutely right as a sort of framework for you to think about it. The 2 other things that I would say is, I mean, clearly, Express is really being driven by sort of the need for AI and how people are able to describe what they want and get the final output. When David talked about exports, just to clarify, what that means is people who have successfully got what they want to get done, done. And that's a key measure of how we are doing it, and AI is certainly facilitating and accelerating that. And last thing I would say, Brad is, as you know, on the Acrobat side, it's a slightly different model which we like, which is anybody who has Reader and is looking at a document, they can have an upsell to their AI Assistant. If you have Acrobat Pro, you can upsell to the AI Assistant. And if you're a brand-new acquisition of a user when you're coming in, the adoption of the highest-value products, so between Standard Pro and Pro plus Assistant, we've been pleased to see how many people are migrating to the Pro plus Assistant. So hopefully, that gives you some color of how we think about it differently by product."
FY24_Q2,2024-06-13,qa,Operator,operator,,And we'll take a question from Brad Zelnick with Deutsche Bank.
FY24_Q2,2024-06-13,qa,Brad Alan Zelnick,analyst,"Deutsche Bank AG, Research Division","Congrats to all of you. I don't want Anil to feel left out so I'm going to ask a DX question. Anil, it's good to hear AEP is on track to become the next billion-dollar business for Adobe. Can you expand on the journey and drivers that get you there? And in particular, how important are cloud migrations? And how do you see AEP AI Assistant perhaps accelerating the journey to $1 billion?"
FY24_Q2,2024-06-13,qa,Anil S. Chakravarthy,mgmt,Adobe Inc.,"Thank you, Brad. Appreciate it. As you know, I mean, customer experience management -- and especially it's been a hugely important priority area for Chief Marketing Officers and with CIOs and Chief Digital Officers as well. And for us, since we are focused on personalization scale, which is really built around the AEP platform, we're the largest provider in this space. We're growing faster than any of our peers, and we're the #1 digital experience platform as a result. And that has really helped us keep the momentum. When you think about the AEP AI Assistant, it's doing a couple of things. One, it's really making it easier for customers to deploy use cases. When you think of use cases that they have around, for example, generating audiences and running campaigns around those audiences, these are things today that require some data engineering. They require the ability to put these audiences together. So they require marketing and IT teams to work together. The AEP AI Assistant is making it much easier for marketers to be able to do it themselves and be able to deploy a lot more use cases. So as there's more usage, it'll help drive more consumption and help drive growth in terms of number of profiles, number of users, and we help -- we see it helping us grow towards that billion-dollar business."
FY24_Q2,2024-06-13,qa,Brad Alan Zelnick,analyst,"Deutsche Bank AG, Research Division","Great to hear, and keep up the great work, guys."
FY24_Q2,2024-06-13,qa,Operator,operator,,We'll take a question from Kash Rangan with Goldman Sachs.
FY24_Q2,2024-06-13,qa,Kasthuri Gopalan Rangan,analyst,"Goldman Sachs Group, Inc., Research Division","You guys could have 3 separate earnings calls because you have 3 different businesses that even the smallest 1 is very large. So yes, sorry, Anil, Dave and Shantanu, I may not be able to ask all the questions that I want. I'm sure we have plenty. But I'll just keep it super high level, Shantanu. Generative AI, it seems to swing back and forth. Just so early in its evolution, the possibilities seem magical sometimes, endless sometimes. Sometimes it feels very disappointing. But with every quarter that Adobe is executing on this path, where do you stand with the question that we do get from investors? Will generative AI be so good that it's the end of the creative process? So we don't need creative folks, that software will do everything. That sounds a little far-fetched, but I'm just throwing it out there to see how you would react to that proposition. Same in Experience Cloud as well. Could generative AI create its own marketing campaign, create -- put marketing people out of business? Or maybe it doesn't. I'm sure you have strong views. Maybe flipped on the other side, it does create category growth on the other hand, not category compression. So sorry for that super high-level question, but that seems to be a big debate on the stock here at least from the long-term perspective."
FY24_Q2,2024-06-13,qa,Shantanu Narayen,mgmt,Adobe Inc.,"Yes, Kash. I think there are 2 things when we talk to investors that are perhaps on their mind. I mean I think the first is it's fair to say that the interest that exists right now from investors, as it relates to AI, is all associated with the infrastructure and chips and perhaps rightly so because that's where everybody is creating these models. They're all trying to train them. And there's a lot of, I think, deserved excitement associated with that part of where we are in the evolution of generative AI. If the value of AI doesn't turn to inference and how people are going to use it, then I would say all of that investment would not really reap the benefit in terms of where people are spending the money. And so we're always convinced that when you have this kind of disruptive technology, the real benefits come when people use interfaces to do whatever task they want to do quicker, faster and when it's embedded into the workflows that they're accustomed to because then there isn't an inertia associated with using it. So with that sort of as a broad segment, I am a big believer that generative AI is going to -- for all the categories that we're in, it's actually going to dramatically expand the market because it's going to make our products more accessible, more affordable, more productive in terms of what you -- what we can do. I'm still acting CMO at the company, and I see the excitement around how we can, with agility, create way more content, create variations. When Anil talked about personalization at scale, I think there are 2 aspects to it, right? I mean, the first was always data. And Anil and the team have done a great job with sort of the real-time customer data platform to get that. And that's hydrated with users. But the real value is when you infuse that with the right content to make that personalized experience. So I think the demand is there for way more content than people can do, and generative AI is going to be an accelerant in that as well. And so net-net, I am absolutely betting on the fact that 5 years from now, there'll be more people saying, ""I'm using creative tools to accomplish what I want,"" and there'll be more marketers saying, ""I can now, with the agility that I need, truly deliver a marketing campaign in an audience that's incredibly more specific than I could in the past."" And that's Adobe's job to demonstrate how we are both leading in both those categories and to continue to innovate. But I recognize and I understand the question that exists in the industry associated with AI. If the value doesn't accrue to interfaces, I'll leave you with that. I think the investment would not be as beneficial as I believe it can be."
FY24_Q2,2024-06-13,qa,David Wadhwani,mgmt,Adobe Inc.,"And maybe one thing to add to that, Kash, just to build on what Shantanu was talking about. I think the other thing we get asked a fair amount is about the comparison between different models, right? So Firefly might be better at something. Midjourney might be something at something else. DALL·E might do something else. And the key thing here is that, around this table, we get excited when models innovate. We get excited when Firefly does something amazing. We get excited when third-party models do something because our view, to Shantanu's point, is that the more content that gets generated out of these models, the more content that needs to be edited, whether it's color correction, tone matching, transitions, assembling clips or masking compositing images. And the reason for this is that this is not a game where there's going to be one model. There's -- each model is going to have its own personality, what it generates, what it looks like, how fast it generates, how much it costs when it generates that, and to have some interface layer to help synthesize all of this is important. And so just sort of to note, we've said this before but I'll say it again here, you will see us building our products and tools and services leveraging Firefly for sure, but you'll also see us leveraging best-of-breed personalities from different models and integrate them all together."
FY24_Q2,2024-06-13,qa,Kasthuri Gopalan Rangan,analyst,"Goldman Sachs Group, Inc., Research Division","Awesome, the message here is that GenAI is going to create more growth in the category. And Shantanu, you did that with the pivot to cloud. You grew the category, so here we go again."
FY24_Q2,2024-06-13,qa,Operator,operator,,And next will be Jake Roberge with William Blair.
FY24_Q2,2024-06-13,qa,Jacob Roberge,analyst,"William Blair & Company L.L.C., Research Division","I'll echo my congrats on the great quarter. I know it's early, but what's been the feedback and customer behavior for those users that are on Firefly Services and GenStudio? And then thinking more longer term, what type of price uplift could you see from those customers over time just given what you said about the acceleration in Firefly generations being driven by those products?"
FY24_Q2,2024-06-13,qa,David Wadhwani,mgmt,Adobe Inc.,"Maybe I'll start with customer 0. Right before this meeting, I was in a meeting with our CMO. And well, sometimes it's hard to tell if he's running the CMO or CEO hat but CMO this time. And we were reviewing a full-funnel campaign that we're planning on launching later this year. And exactly as Shantanu mentioned earlier, we saw benefits in terms of cost of the campaign, faster time to market for the campaign and the amount of content that we can create to personalize that campaign. And that is one of those things that we've been doing more and more around our DDOM, which has actually been very productive for us, as you can see this quarter, and what we're pitching to other customers. So we've been working with -- we listed some of the customers earlier, but we've been working with a long list of customers on everything from accelerating the content creation for social, accelerating content creation for regional, and then increasing the number of amount of content that's created for increased personalization, which then, of course, flows into all of the Experience Cloud products that Anil is working on to get targeted better."
FY24_Q2,2024-06-13,qa,Shantanu Narayen,mgmt,Adobe Inc.,"And Jake, maybe in terms of what I would say we're seeing usage of, I think the initial usage of Firefly Services in most companies was all around ideation, how can they create multiple variations of them and in the ideation process really just accelerate that ideation process? Most companies are then starting with as they're putting it into production, how can they, with the brand assets and the brand guidelines that they have, do this in terms of the variations, whether they be geographic variations or they be just variations. I mean, if you take a step back also, every single ad company right now will tell you that the more variance that you provide, the better your chances are of appropriately getting an uplift for your media spend. So I would say that most companies are starting with creating these variations for geographies. The other one that we see a fair amount of is engaging with their communities. So when they want their communities to have assets that they have blessed for usage within community campaigns, that's the other place where Firefly Services are being used. And a company has a community portal where the community can come in, take something and then post whether it's on whatever social media site that you want. So I think that's the initial one. All of the agency companies are companies that have actually even publicly said how GenStudio is something that they have embraced but even the large media companies because the media companies are certainly interested in understanding how all of this GenAI could be used to automate as well as accelerate the amount of content that they can produce. So hopefully, that gives you some color of it. If there's been sort of the questions that they ask along the way, which hopefully and actually, luckily we have great answers, it's all around the indemnification and how they can use it. And I would say that continues to be a really key differentiator for us. But since that is the last question, let me just say I'm proud of how we executed in Q2, both across the product innovation delivery as well as the go to market because, clearly, a number of you asked how we were able to put together these numbers, where others have perhaps talked about the macroeconomic environment. We certainly remain focused on leveraging technology to delight a broader set of customers. And at the end of the day, to the questions that we were asked, we believe that the real value of AI will be in the interfaces that individuals, enterprises use to accomplish their tasks and workflows. And we think we're incredibly well positioned. So thank you for joining us."
FY24_Q2,2024-06-13,qa,Jonathan Vaas,mgmt,Adobe Inc.,"Thanks, everyone. This concludes the call."
FY24_Q2,2024-06-13,qa,Operator,operator,,"Thank you. This does conclude today's conference. We do thank you for your participation, and have an excellent day."
FY24_Q3,2024-09-12,prepared,Operator,operator,,"Good day, and welcome to the Q3 FY '24 Adobe earnings conference call. Today's conference is being recorded. At this time, I'd like to turn the conference over to Jonathan Vaas, VP of investor relations. Please go ahead."
FY24_Q3,2024-09-12,prepared,Jonathan Vaas,mgmt,,"Good afternoon, and thank you for joining us. With me on the call today are Shantanu Narayen, Adobe's chair and CEO; David Wadhwani, president of Digital Media; Anil Chakravarthy, president of Digital Experience; and Dan Durn, executive vice president and CFO. On this call, which is being recorded, we will discuss Adobe's third quarter fiscal year 2024 financial results. You can find our press release as well as PDFs of our prepared remarks and financial results on Adobe's Investor Relations website. The information discussed on this call, including our financial targets and product plans, is as of today, September 12, and contains forward-looking statements that involve risks, uncertainty, and assumptions. Actual results may differ materially from those set forth in these statements. For more information on those risks, please review today's earnings release and Adobe's SEC filings. On this call, we will discuss GAAP and non-GAAP financial measures. Our reported results include GAAP growth rates as well as constant currency growth rates. During this presentation, Adobe's executives will refer to constant currency growth rates, unless otherwise stated. Non-GAAP reconciliations are available in our earnings release and on Adobe's Investor Relations website. I will now turn the call over to Shantanu."
FY24_Q3,2024-09-12,prepared,Shantanu Narayen,mgmt,,"Thanks, Jonathan. Good afternoon, and thank you for joining us. Adobe had an outstanding third quarter. We saw strength across Creative Cloud, Document Cloud, and Experience Cloud, achieving revenue of $5.41 billion, representing 11% year-over-year growth. GAAP earnings per share for the quarter was $3.76 and non-GAAP earnings per share was $4.65, representing 23% and 14% year-over-year growth, respectively. Our success reflects our strong execution against an ambitious innovation agenda to deliver value to our customers. The product advances we've launched in the past 18 months are delighting a huge and growing universe of users and enterprises, empowering them to unleash their creativity, accelerate document productivity, and power their digital businesses. Our vision revolves around Adobe's deep technology platforms across Creative Cloud, Document Cloud, and Experience Cloud, which when integrated provide significant differentiation and value. We're amplifying creativity and productivity by enabling the convergence of products like Photoshop, Express, and Acrobat as knowledge workers and creatives seek to make content more compelling and engaging. We're bringing together content creation and production, workflow, and collaboration, and campaign activation and insights across Creative Cloud Express and Experience Cloud. New offerings include Adobe GenStudio and Firefly Services empower companies to address personalized content creation at scale with agility and enable them to address their content supply chain challenges. Adobe's customer-centric approach to AI is highly differentiated across data, models, and interfaces. We train our Firefly models on data that allows us to offer customers a solution designed to be commercially safe. We have now released Firefly models for imaging, vector, and design and just previewed a new Firefly video model. Our greatest differentiation comes at the interface layer with our ability to rapidly integrate AI across our industry-leading product portfolio, making it easy for customers of all sizes to adopt and realize value from AI. Firefly powered features in Adobe Photoshop, Illustrator, Lightroom, and Premier Pro help creators expand upon their natural creativity and accelerate productivity. Adobe Express is a quick and easy create-anything application, unlocking creative expression for millions of users. Acrobat AI Assistant helps extract greater value from PDF documents. Adobe Experience Platform AI Assistant empowers brands to automate workflows and generate new audiences and journeys. Adobe GenStudio brings together content and data, integrating high-velocity creative expression with the enterprise activation needed to deliver personalization at scale. Overall, we're delighted to see customer excitement and adoption for our AI solutions continue to grow, and we have now surpassed 12 billion Firefly powered generations across Adobe tools. I'll now turn it over to David to discuss the momentum in our Digital Media business."
FY24_Q3,2024-09-12,prepared,David Wadhwani,mgmt,,"Thanks, Shantanu. Hello, everyone. In Q3, we achieved net new Digital Media ARR of $504 million and revenue of $4 billion, which grew 12% year over year, fueled by innovation in both our Creative and Document businesses. With Document Cloud, we continue to reinvent how people create, edit, share, review, and sign digital documents with PDF and Acrobat across mobile, web, and desktop. For decades, PDF has been the de facto standard for storing unstructured data, resulting in the creation and sharing of trillions of PDFs. The introduction of AI Assistant across Adobe Acrobat and Reader has transformed the way people interact with and extract value from these documents. In Q3, we released significant advancements, including the ability to have conversations across multiple documents and support for different document formats, saving users valuable time and providing important insights. We are thrilled to see this value translate into AI Assistant usage with over 70% quarter-over-quarter growth in AI interactions. In addition to consumption, we're focused on leveraging generative AI to expand content creation in Adobe Acrobat. We've integrated Adobe Firefly Image Generation into our edit PDF workflows. We've optimized AI Assistant in Acrobat to generate content fit for presentations, emails, and other forms of communication, and we're laying the groundwork for richer content creation, including the generation of Adobe Express projects. The application of this technology across verticals and industries is virtually limitless. Tata Consultancy Services recently used Adobe Premiere Pro to transcribe hours of conference videos and then used AI Assistant in Acrobat to create digestible event summaries in minutes. This allowed them to distribute newsletters on session content to attendees in real time. We're excited to leverage generative AI to add value to content creation and consumption in Acrobat and Reader in the months ahead. Given the early adoption of AI Assistant, we intend to actively promote subscription plans that include generative AI capabilities over legacy perpetual plans that do not. In Q3, we achieved Document Cloud revenue of $807 million, growing 18% year over year. We added $163 million of net new Document Cloud ARR. Other highlights include expanded Acrobat customer value with multi-document support for AI Assistant, enhanced meeting transcript capabilities and support for larger documents; optimized AI Assistant for mobile, web, and desktop experiences, including voice-enabled conversations on Android; continued strength of PDF-based collaboration with shared links growing greater than 70% year over year; increased top of funnel through Acrobat Web with monthly active users growing over 35% year over year as a result of link sharing and our Microsoft Edge and Google Chrome extensions. Key enterprise customer wins include Amazon, Charles Schwab, Disney, Home Depot, KPMG, Red Bull, Sutter Health, and the U.S. Treasury Department. With Creative Cloud, the demand for creative expression and design across media types and surfaces has never been greater. Consumers are sharing edited photos more than ever. Students need to create school presentations that stand out. Creative professionals are being asked to create more images, designs, and videos faster than ever before. Small businesses are looking to engage prospects on social channels, and large enterprises are defining their content supply workflows to deliver personalization at scale. AI has the potential to empower creative professionals, communicators, consumers, and organizations of all sizes to be more creative and productive. Our strategy is to build technology that will create more streamlined and precise workflows within our tools through features like text-to-template in Express, Generative Fill in Photoshop, Generative Recolor in Illustrator, Generative Remove in Lightroom and the upcoming Generative Extend for Video and Premier Pro. We're exposing the power of our creative tools and the magic of generative AI through Firefly Service APIs so organizations can generate and assemble content at scale. As we integrate Firefly innovations throughout our tools, usage continues to accelerate, crossing 12 billion generations since launch. The introduction of the new Firefly video model earlier this week at IBC is another important milestone in our journey. Our video model, like the other models in the Firefly family, is built to be commercially safe with fine-grain control and application integration at its core. This will empower editors to realize their creative vision more productively in our video products, including Premier Pro. With Express, we're on a multiyear strategic journey to dramatically expand our reach across customer segments. Adobe Express is our AI-first content creation application, fulfilling our mission to enable creativity for all. The all-new release of Express across web and mobile earlier this year has been embraced by millions of users. They love how easy it is to create anything in Express, with strong enthusiasm for our image editing features powered by Photoshop, video editing capabilities powered by Premier Pro, document and presentation workflows powered by Acrobat, and unparalleled generative AI features powered by Adobe Firefly. Our integration of Adobe Stock and design templates with our unique Firefly design model ensures that content created in Express can stand out. Express empowers a broad array of individuals and businesses from solopreneurs to the largest enterprises in the world. We're continuing to grow Express as we ramp our go-to-market activities to support recent product releases, including Express for Individuals, Express for Education, Express for Teams, and Express for Enterprises. As a result, in Q3, we drove 70% year-over-year growth in cumulative exports, we onboarded over 1,500 businesses and millions of students. In Q3, we achieved $3.19 billion in revenue, which grew 11% year over year in constant currency. Net new Creative Cloud ARR was $341 million. Other highlights include new AI-powered features in Photoshop that accelerate core creative workflows and streamline repetitive tasks. Generative Fill in Photoshop was upgraded to Firefly Image 3. Generative Image was made generally available, and the new Selection Brush and Adjustment Brush tools were introduced, making selective edits easier than ever. Broad-based innovations in Illustrator, including significant improvements to vector generation, enhancements to text to pattern, and the all-new Generative Shape Fill. These advances unlock new ways for pro designers and illustrators to quickly bring their vision to life. Strong adoption of the latest version of Lightroom and Lightroom Mobile, which now includes the new Generative Remove feature. Millions of users have non-destructively removed unwanted objects from their photos with a single click. Strong demand for Firefly Services, which provide APIs, tools, and services for content generation, editing, and assembly, empowering organizations to automate content production while maintaining quality and control. Total API calls tripled quarter over quarter. Acrobat Pro Single App continues to be a growth driver in Creative Cloud, reflecting the increasing adoption of PDF as a preferred format to create, collaborate, and share visually compelling content. Key enterprise customer wins include the Brand Tech Group, Dentsu, Estee Lauder, Google, Media.Monks, Meta, MLB, Newell Brands, PepsiCo, Stagwell Group, and the U.S. Navy. We look forward to hosting Adobe MAX, the world's largest creativity conference next month in Miami where we will welcome more than 10,000 members of our global community and engage with hundreds of thousands more online. We will hear from inspiring creators and unveil innovations across our clouds. In summary, we are excited about the pace and caliber of innovations across our Digital Media products and the continued execution across multiple growth drivers. I'll now pass it to Anil."
FY24_Q3,2024-09-12,prepared,Anil S. Chakravarthy,mgmt,,"Thanks, David. Hello, everyone. In Q3, we achieved Experience Cloud revenue of $1.35 billion. Subscription revenue was $1.23 billion, representing 12% year-over-year growth. Customer experience management remains top of mind for B2C and B2B companies around the world as they focus on digital strategies for customer acquisition, engagement, retention, and expansion. Enterprises want an integrated platform to deliver personalized experiences at scale to their customers while maximizing the ROI of their marketing and customer experience investments. Through the integration of Experience Cloud and Creative Cloud, Adobe is uniquely positioned to combine the right content, data, and journeys in real time for every customer experience. The revenue growth we are driving across our categories, content commerce and workflows, data insights and audiences, and customer journeys, all built on the Adobe Experience platform demonstrate the strength of our business. Global brands trust Adobe to build their content supply chain and deliver personalization at scale, making us the No. 1 digital experience platform in the industry. Customers are embracing the opportunity to address their content supply chain challenges with Adobe GenStudio. With native integrations across Experience Cloud and Creative Cloud, GenStudio empowers marketers to quickly plan, create, store, deliver, and measure marketing content and drive greater efficiency in their organizations. Financial services leader Vanguard is creating an integrated content supply chain to serve the strategic goal of deepening their relationships with a broad range of investors. Leveraging the GenStudio solution, Vanguard was able to increase quality engagement by 176% by focusing on one-to-one personalization and to realize millions in savings by improving content velocity and resource allocation with an end-to-end content creation workflow. Other highlights include the general availability of Adobe Content Hub, further enhancing the value of Adobe Experience Manager assets. Content Hub enables brands to reimagine how creative assets are used across their organization and with external agencies, driving content velocity and major efficiency gains. AEM assets is used by the majority of the Fortune 50, including eight of the 10 largest media companies, nine of the 10 largest financial services companies, and eight of the 10 largest retailers. Increasing importance and adoption of Workfront to streamline workflows across marketing organizations and agencies. We extended our leadership in this category through the general availability of Adobe Workfront Planning, which delivers a comprehensive view of all marketing activities in an organization and enables teams to optimize marketing planning and execution. Global brands, including Deloitte, Republic Group, and NASCO are using Workfront Planning to drive productivity gains and meet the rising demand for highly personalized marketing campaigns. Continued momentum for Adobe Experience Platform and native applications, including real-time Customer Data Platform, Customer Journey Analytics, and Adobe Journey Optimizer. We expanded our AEP portfolio with the general availability of Adobe Journey Optimizer B2B Edition, which leverages generative AI to deliver personalized experiences to buying groups, the decision-makers, practitioners, and stakeholders responsible for major purchasing decisions. Strong industry analyst recognition, including the Forrester Wave for B2B revenue marketing platforms and three IDC MarketScape, reports across digital asset management and headless digital commerce for both enterprise and mid-market. Key customer wins include Dentsu, Home Depot, Humana, IBM, Johnson & Johnson, Mayo Clinic, Newell Brands, Premier League, Stagwell Group, TD, and UPS. We look forward to unveiling new customer experience management innovations across content, data, and journeys at MAX next month, showcasing integrations across Express, Creative Cloud, and Experience Cloud, for freelancers, solopreneurs, and marketers across agencies and enterprises. Our pace of innovation, commitment to customer value, global partner ecosystem, and category-defining solutions position us to continue our market leadership. I will now pass it to Dan."
FY24_Q3,2024-09-12,prepared,Daniel J. Durn,mgmt,,"Thanks, Anil. Today, I'll start by summarizing Adobe's performance in Q3 fiscal 2024, highlighting growth drivers across our businesses and I'll finish with financial targets. In Q3, Adobe achieved record revenue of $5.41 billion, which represents 11% year-over-year growth as reported and in constant currency. Our focus on both growth and profitability has been a cornerstone of our operating philosophy for years, rooted in strategic prioritization, relentless innovation, and laser-focused execution. Our Q3 results reflect this approach. We're making significant investments in our technology platforms, launching global campaigns to expand our customer base, and attracting top-tier talent while delivering world-class cash flows and profitability. Third quarter business and financial highlights included GAAP diluted earnings per share of $3.76 and non-GAAP diluted earnings per share of $4.65, Digital Media revenue of $4.00 billion, net new Digital Media ARR of $504 million, Digital Experience revenue of $1.35 billion, cash flows from operations of $2.02 billion, an RPO of $18.14 billion exiting the quarter. In our Digital Media segment, we achieved Q3 revenue of $4.00 billion, which represents 11% year-over-year growth or 12% in constant currency. We exited the quarter with $16.76 billion of Digital Media ARR, growing our ending ARR book of business 13% year over year in constant currency. Adobe achieved Document Cloud revenue of $807 million, which represents 18% year-over-year growth as reported and in constant currency. We added $163 million of net new Document Cloud ARR, which was a record for Q3, growing our ending ARR book of business 24% year over year in constant currency. Q3 Document Cloud growth drivers included usage in MAU growth across Adobe Reader and Acrobat; usage in MAU growth via third-party ecosystems, including Google Chrome and Microsoft Edge extensions, which are driving free-to-pay conversion; demand for Acrobat desktop and mobile subscriptions across all customer segments and geographies; strength and monetization of our AI Assistant with new Acrobat subscriptions; strength in SMBs driven by our reseller partner network; and strength in enterprise and public sector sales with a number of large deals closing in the quarter. We achieved Creative revenue of $3.19 billion, which represents 10% year-over-year growth or 11% in constant currency. We added $341 million of net new creative ARR in the quarter, growing our ending ARR book of business 11% year over year in constant currency. Creative growth drivers included new subscriptions for Creative Cloud All Apps across customer segments, including teams, enterprise, and education with back-to-school demand; strength across our Acrobat Pro, Illustrator, Lightroom, and Photoshop Single Apps on Adobe.com; growing demand for AI-first Adobe Express offerings in mobile, emerging markets and education; early monetization of our new Firefly Services solution in the enterprise segment; continued momentum with new subscriptions in emerging markets; and contribution from customers stepping up to our higher-value creative plans at renewal. Turning to our Digital Experience segment. In Q3, we achieved revenue of $1.35 billion, which represents 10% year-over-year growth as reported and in constant currency. Digital Experience subscription revenue was $1.23 billion, growing 12% year over year as reported and in constant currency. Q3 Digital Experience growth drivers included strong subscription revenue growth at scale of AEP and native applications, up greater than 50% year over year; strong subscription revenue growth with Adobe Experience Manager and Workfront; success in booking transformational deals as well as individual solution selling; continued strength and retention and expansion across our enterprise customers; and growing pipeline for our GenStudio solutions to address the content supply chain opportunity. Turning to the income statement and balance sheet. In Q3, Adobe delivered year-over-year EPS growth of 23% on a GAAP basis and 14% on a non-GAAP basis. This is primarily driven by revenue growth and disciplined prioritization of our investments, which resulted in operating margin strength in Q3. The company continues to deliver world-class margins while making significant investments in AI model training and inferencing capacity. Adobe's effective tax rate in Q3 was 17.5% on a GAAP basis and 18.5% on a non-GAAP basis. RPO exiting the quarter was $18.14 billion, growing 15% year over year as reported or 16% in constant currency. Current RPO grew 12% year over year exiting the quarter. Our ending cash and short-term investment position at the end of Q3 was $7.52 billion, and cash flows from operations in the quarter were $2.02 billion. In Q3, we entered into a $2.5 billion share repurchase agreement, and we currently have $20.15 billion remaining of the original $25 billion authorization granted in March 2024. We will now provide Q4 targets, which factor in current macroeconomic conditions and year-end seasonal strength. For Q4, we're targeting total Adobe revenue of $5.50 billion to $5.55 billion, Digital Media net new ARR of approximately $550 million, Digital Media segment revenue of $4.09 billion to $4.12 billion, Digital Experience segment revenue of $1.36 billion to $1.38 billion, Digital Experience subscription revenue of $1.23 billion to $1.25 billion, tax rate of approximately 16% on a GAAP basis and 18.5% on a non-GAAP basis, GAAP earnings per share of $3.58 to $3.63, and non-GAAP earnings per share of $4.63 to $4.68. In summary, I'm proud of our year-to-date performance, which stems from a powerful combination of product leadership, rapid innovation, diversified business, and financial discipline. Given the massive markets we're catalyzing, I'm confident in our ability to drive growth and industry leadership. Shantanu, back to you."
FY24_Q3,2024-09-12,prepared,Shantanu Narayen,mgmt,,"Thanks, Dan. Adobe's focus on responsible innovation with customers at the center continues to be a unifying purpose for the company. The Content Authenticity Initiative, which we founded in 2019, now counts over 3,300 members across the digital ecosystem, all committed to enhancing trust and transparency with content credentials. In five years, this mission has gone from a vision to reality with companies including Amazon, Google, Lyca, Meta, Qualcomm, Sony, TikTok, and others all committing to implementing content credentials. The U.S. Department of Defense became the first federal government agency to implement content credentials by applying them to official DoD images. We're teaming up with Governor Gavin Newsom on a new initiative to boost digital and media literacy skills in K-12 schools and higher education institutions in California. By providing educational content, programming, and resources to schools across the state, we can help empower California's future workforce for success in an AI-powered world and use this as a blueprint for other states and countries. Next week, we will bring employees together for our annual Adobe For All conference to celebrate our vision and purpose and the impact that it has on our customers and communities. I'm confident that Adobe's culture, innovative product road map, global market opportunity, trusted brand, and the unwavering commitment of our employees will continue to drive our success. Thank you. And we will now take questions."
FY24_Q3,2024-09-12,qa,Operator,operator,,Thank you. [Operator instructions] And the first question will come from Alex Zukin with Wolfe Research.
FY24_Q3,2024-09-12,qa,Alex Zukin,analyst,,"Hey, guys, thanks for taking my question, and congrats on what looks like a very strong quarter. I had just one question, but it's a two-parter. The quarter itself, particularly on the Digital Media ARR, looked very strong. It looked unseasonably strong because you haven't grown net new ARR sequentially into 3Q, I think, in almost four years. So, maybe just comment like what drove this unseasonable strength? Is it pricing, AI traction, and particularly the Document Cloud net new ARR? But at the same time, given all the product momentum you went through in the script, it's a bit confusing to understand why the Q4 guide is the lowest it's ever been sequentially for Q4 on net new Digital Media ARR, which I think makes people a little nervous about maybe the go forward, the next year performance. And so, maybe just address this dichotomy because it looks kind of seasonally a little bit different than what we're used to. And I think it's weighing on the stock after hours."
FY24_Q3,2024-09-12,qa,Shantanu Narayen,mgmt,,"I'm happy to start, Alex, and then David can certainly also add to that. I mean, to your point, we had a strong quarter. And when I think about Digital Media, Document Cloud, to the point that you made, Acrobat continues to perform, the AI Assistant and the SKU that we have associated with Acrobat continues to perform well. As we had said, we expect Creative to show growth on growth year over year. And so, that also played out exactly as we expected. And it was a strong end. When you look at it as it relates to the last few weeks' performance, we saw the typical strength that we would see going into Q4. I can see how you're saying you're looking at the sequential guide. We're looking at it and saying it's the strongest ever Q4 target that we have put out there for Q4, Alex. And so, I think we just continue to focus. We would expect Creative to again grow when you talk about growth-over-growth net new ARR in Q4. And all of the new initiatives that we're talking about, AI, etc., continue to perform. So, from our perspective, when we look at what we guided to the second half of the year, to your point, Q3 is stronger. We expect a seasonally strong Q4 and then our continued innovation should continue to drive growth."
FY24_Q3,2024-09-12,qa,David Wadhwani,mgmt,,"Yeah. And maybe I'll just add a couple of things to what Shantanu said, again, just a little bit more context behind the strength in Document Cloud. Obviously, link sharing and what we've done with Reader distribution across mobile, web, and desktop, that's really what continues to drive this business. And that underlying strength is going to continue not just in Q3, but it's going to be something that we're able to bet on and grow on going forward because we've got a lot of flow optimizations associated with that. As we look at Creative Cloud, again, we have a broader set of offerings than we've ever had, right? We have things like with Creative Cloud, we have higher value, higher-priced offers, thanks to AI innovation that's happening in the base plans that are impacting how the Creative Cloud business is doing. We also have a broader set of offerings than we've ever had, now with web and mobile including premium and lower-priced offerings that are driving more proliferation. And the blend of those two things also sort of comes into the strength of the quarter and how we see things going out. But as you look at the second half overall, we came into the second half with a strong expectation of how the second half is going to play out. And frankly, it's playing out as we expected in terms of the aggregate Q3, Q4 number. In terms of the specifics on timing, Q3 was a little stronger than you expected, and for a good reason given seasonality. I think a lot of that can be explained by a few deals that would have historically just closed in Q4, closing earlier than expected in Q3. And that changed the dynamic in terms of the linearity that you would typically see between Q3 and Q4."
FY24_Q3,2024-09-12,qa,Alex Zukin,analyst,,"Very helpful, guys. Thanks again."
FY24_Q3,2024-09-12,qa,Operator,operator,,And our next question will come from Mark Murphy with JPMorgan.
FY24_Q3,2024-09-12,qa,Mark Murphy,analyst,,"Thank you so much, and I'll add my congrats. David, I'm wondering if you can compare the AI monetization opportunity that you're sensing with the image models relative to the future potential. With your audio and video models, just for instance, how many tokens might be consumed when someone is generating a video versus an image? And then tying in with that, just how optimistic are you maybe being able to solve some of the limitations with the current video generation models where the facial expressions can lack realism, or they can't handle the object interactions, or they don't provide enough detail or resolution in the video?"
FY24_Q3,2024-09-12,qa,David Wadhwani,mgmt,,"Yeah, happy to take that. Let me just sort of take a little bit of a step back and talk about the core strategy that we have for AI and the conversion then in terms of how we think about monetization. So, I think we've been incredibly consistent with what we've said, dating back a year or a year and a half ago, where we talked about the fact that we were going to develop the broadest set of models for the creative community. And we were going to differentiate the models based on quality, commercial safety, integratability into our tools, and controllability. And as you've seen very methodically over the last 18 months, we continue to bring more and more of that innovation to life. And that fundamentally is working as we've now started to integrate it much more actively into our base. If you look at it with photography, we now have in our tool, Generative Remove, we have AI-assisted edits in design, we have Generative Pattern, Generative Fill Shape. We have -- in Photoshop, we have Gen Remove. We also have Gen Fill, and I can continue on with all the generations, but we've also now started to integrate it in Firefly Services for what we're enabling enterprises to be able to access and use in terms of batch work and through APIs. If you look at sort of how that's played out, as we talked about, we're seeing accelerated use and generative credits being consumed because of that deeper integration into all of our tools, and that is playing out as we expected. When you look at then how that converts to monetization, first and foremost, we've integrated it a lot of that value into our core products with more value and more pricing. We're also seeing that when people use these generative features, they retain better. We're also seeing that when people come to Adobe to try our Creative Cloud applications or Express application, they're able to convert better. And so, there are all these ancillary implied benefits that we're getting. But in terms of direct monetization, what we've said in the past is that the current model is around generative credits, which is I think where you're going with this. And we do see with every subsequent capability we integrate into the tool, total credits consumed going up. Now, what we are trying to do as we go forward, we haven't started instituting the caps yet. And part of this is, as we've said all along, we want to really focus our attention on proliferation and usage across our base. We see a lot of users excited about it. It's some of the most actively used features that we've ever released. And we want to avoid the generation anxiety that people feel. But we're watching very closely as the economy of generative credits evolves, and we're going to look at instituting those caps at some point when we feel the time is right and/or we're also looking at other alternative models. What we did with Acrobat AI Assistant has proven to be very effective. And so, we're also considering other opportunities like having standard CC plans that have a core set of generative capabilities but also having premium API -- sorry, premium AI plans that will include things more like video and other things. So, we're very happy about the innovation that's coming, and we see the opportunity to engage very deeply in the monetization. But we want to play it out over time and proliferation continues to be our primary guide. And then lastly in terms of quality, we're -- I don't know if you had a chance to see some of the videos we put out. They're integrated directly into premier, also text-to-video, images-to-video, more controllability. We have also the ability now to generate not just themes with humans and dogs and organic animals but all these like overlays and things that creative professionals actually want to work with. And so, we're very excited about the set of things that they can get out of the box that get going. And human faces and things will just continue to get better. We have a lot of great research that you'll start to see, and I hope you get to play with the models because we've taken a huge step forward there."
FY24_Q3,2024-09-12,qa,Shantanu Narayen,mgmt,,"Mark, maybe I'll just add a little to what David said, which was great. I spent a couple of hours with our video team. They have just absolutely hit it out of the park. I mean, the work that they have done, which is leveraging the image models with video, and again, I think to David's point, the integration with Premier, that's where we've always said, it's the integration of the model and the application that differentiates it. I think when other models first came out, people were like, ""Wow, you can describe it."" That's just such a small part of where the value is. And the real value is, you have a video, you want to extend it. It's a game changer in terms of what we can do. So, really excited about the stuff that we're doing in video. And again, to David's point, this will be monetized differently from the way we have for images, which was part of the sort of base value pricing. So, the way I answer your question is, and the third thing I would say is, remember, we have the ability to create custom models as well. And so, when you ingest the video that people want to edit, the ability to extend that is not just dependent on what the model is but also on what the new data is. And again, that represents really a unique ability for us. So, hopefully, all those three demonstrate why we're leading the pack in terms of how people can derive value in the nonlinear editors, which is where the action is going to be."
FY24_Q3,2024-09-12,qa,Mark Murphy,analyst,,Thank you very much.
FY24_Q3,2024-09-12,qa,Operator,operator,,And moving on to Keith Bachman with BMO.
FY24_Q3,2024-09-12,qa,Keith Bachman,analyst,,"Hi. Thank you very much. I appreciate you taking the question. I wanted to pick up a little bit on how we should be thinking about, David, you said monetization. And will consumption, you think, as we start to turn the year, can consumption contribute to ARR growth as we look at FY '25? Because I think there's pervasive fears that the state of competition may, in fact, limit your ability to turn on that monetization, if you will, from either consumption or price. And I just wanted to see if you could lace in consumption against the backdrop of competition."
FY24_Q3,2024-09-12,qa,Shantanu Narayen,mgmt,,"From our perspective, Keith, I think when you look at what we have with the apps and the models, we just continue to think that's uniquely differentiated. Firefly Services, which is you can think of that also as a consumption model where we have that, it's off to a really good start. Our ability to give enterprises the ability to automate content, create custom models within enterprises, we're seeing real traction because it's a differentiated solution and that it's designed to be commercially safe. And as it relates to the core subscription models, again, David said this but I'll reiterate it, which is the core subscription models for products like Photoshop and Illustrator, I think the differentiation is the combination of the model and the technology. And in video, I think we will find additional ways to monetize it. So, I'm not sure who specifically you're referring to as it relates to competition in this space, but from our perspective, it's just unique. I mean, if you look at the acceleration of what we've seen of generations in Photoshop, Illustrator, Lightroom, it's clear that we're actually extending the value rather than having other people catch up."
FY24_Q3,2024-09-12,qa,David Wadhwani,mgmt,,"And then one other thing I'd just emphasize there is that the commercial safety is so important to businesses of all sizes, frankly, and that is something that we feel very, very differentiated, in addition to everything Shantanu said."
FY24_Q3,2024-09-12,qa,Keith Bachman,analyst,,"OK. Great. And then perhaps for my follow-up, I wanted to pick up on Alex's first question. But you're guiding net new ARR down 3% year over year in Q4. And I think investors are thereby taking that as perhaps a framework when you look at next year. But is there anything that net new ARR will be down next year? I know you don't want to give guidance for next year, but just any kind of thoughts you want to address as it relates to the guidance associated with net new ARR being down in Q4 versus a framework that we might want to apply for the FY '25 net new ARR?"
FY24_Q3,2024-09-12,qa,Shantanu Narayen,mgmt,,"You're right, Keith. We're not going to give FY '25 guidance. We'll certainly share more at MAX. And we would expect, like we did last year, that at the December earnings call, we'll give color on fiscal '25 ARR. But I'd say a couple of things. First, as it relates to, again, the performance of the second half because to Alex and your question, if there are questions around Q3 and Q4 and what that trend means, again, we will hope to have record net new ARR in fiscal '24, which I think is a great thing. We gave 19.50 at the end of Q2. We're clearly on track to beat that number, which we take as a positive sign. And the other thing maybe perhaps tactically for you folks to think about as well as it relates to the Q4 guidance. Typically, you have Black Friday and Cyber Monday in the same quarter. This time, Cyber Monday, I believe, is in Q1. And so, as it relates to our Q4 performance, it's the highest target that we've ever issued. We will go out and continue to execute and continue to innovate. So, that's the way I look at the business, Keith."
FY24_Q3,2024-09-12,qa,Keith Bachman,analyst,,"OK. Thank you, Shantanu."
FY24_Q3,2024-09-12,qa,Operator,operator,,And the next question will come from Saket Kalia with Barclays.
FY24_Q3,2024-09-12,qa,Saket Kalia,analyst,,"OK, great. Hey, guys, thanks for taking my question. David, maybe for you. You touched on some of the drivers in Document, which was super helpful. But I'd love to maybe go one level deeper into some of the dynamics in that business, which, of course, continues to grow net new ARR at a really nice clip. So, maybe we can just talk a little bit about, are there any pricing headwinds or tailwinds that we should keep in mind, specifically for Document Cloud? And also, maybe you can give us a sense for sort of where Document Cloud is in its journey to maybe becoming more of a subscription-heavy business. Do those make sense?"
FY24_Q3,2024-09-12,qa,David Wadhwani,mgmt,,"The first part does. Let me try to address the whole thing. The question on subscription heavy, it is a very strong subscription business for us already. But I'll touch on that and hopefully, I'll address your question. So, first, if we take a step back and look at Document Cloud. I mean, the foundation of everything we're doing here is incredibly strong. And it's a machine we've had for a long time, but it continues to perform incredibly well. And what I mean by that is the platform proliferation of what we have with Acrobat and Reader. The fact that we have 40 years into this business, the rise of PDF and PDF becoming the de facto standard for content as unstructured content as a whole is a remarkable foundation for us to be building on. And the distribution we have across desktop, web, mobile, including web extensions is really the foundation of everything we do because that becomes the top of funnel for us. You layer on top of that the fact that generative AI, in general, has come out where unstructured content, especially PDF unstructured content, the 3 trillion PDFs out there that we believe are out there, has suddenly inherently much more value than it did a year ago. And this whole ecosystem is set up well for us. In addition to that foundation, we've also been, over the course of the last few years, really transitioning the way people share because if you think about PDFs and Acrobat in general, one of the most important things people do is they produce the PDF to share it with others often for a comment and review engagement. And by increasing sharing via links versus sharing as an attachment, we see a lot more engagement and interaction that we're able to benefit from, and that also helps with the top of funnel, and we can provide more value. Then on that platform, what we've done is with AI Assistant, we focused on consumption for the last nine months, starting with the ability to look at a single PDF and ask questions of that PDF. Then we added support for multi-docs so you can now have five or six PDFs that you're having a conversation with. We added support for multiple formats. So, you can look at PDFs, but you can also drag in Word documents or PowerPoint documents or a link to a meeting transcript that you have. We're adding -- in the process of adding language support for other languages, optimizations. We're now starting to work on document type optimization. So, if it's a contract, we know how to optimize the results even better than if it's a marketing document. And that's all about consumption. But in addition to consumption, we're now expanding because these conversations that happen with these documents are inherently about getting some insight and then sharing that insight. We've also started to do things that you can create richer content on the back end of it. So, Firefly is embedded now in edit PDF workflows. We have the conversational content and now able to generate emails and presentations and those kinds of things. We've now embedded in the convert PDF workflows the ability to output to Express and create richer media output. And you can start to see all of this stuff coming together in a very real way already but also in the months ahead. The last thing I want to say on this, too, is that what's really working out well for us is that when we are out pitching this opportunity not just in terms of the individuals that use it but also businesses is that we don't have any security concerns, right? Our data governance model is the same data governance model that's happened. If you have access to the documents, you can have conversations with the documents. And so, it makes it a much easier thing for enterprises to adopt because there's no systemic governance changes. And so, all of that continues to drive more adoption. And as I said in the prepared remarks, Document Cloud is substantially a subscription business, but now with AI Assistant being available to subscribers and not as directly to perpetual users, we expect that to continue to transition even further."
FY24_Q3,2024-09-12,qa,Saket Kalia,analyst,,"Super helpful. Thanks, guys."
FY24_Q3,2024-09-12,qa,Operator,operator,,And the next question will come from Jay Vleeschhouwer with Griffin Securities.
FY24_Q3,2024-09-12,qa,Jay Vleeschhouwer,analyst,,"Yeah. Thank you. Good evening. David, I'd like to follow up on something that you said on the second-quarter call, and that was that you said at the time that you were, for the rest of the year, going to ""pour gas on your GTM"" and as well engage in a full-funnel campaign later in the year. So, the question is, could you update us on that? I mean, it does seem to be, in no small part, corroborated by some of your internal investments that we've been able to see, for example, in your ICX team, your go-to-market positions across multiple products, strategy positions, and so forth. But you've made this commitment for a substantial expansion. But do you think you need, going forward, to continually accelerate the pace of investments in go-to-market? Or do you think at some point, perhaps soon, you can begin to taper that off and then leverage that capacity to revenue growth and thereby margin expansion?"
FY24_Q3,2024-09-12,qa,David Wadhwani,mgmt,,"Jay, I think we might have to have you join our marketing organization given how much you know about the market dynamics, but great question. And so, first and foremost, again, if we're going to talk about Express, let's take a little bit of a step back and understand the dynamics of where we are in the evolution. I think what we had talked about in Q2 was that not only do we feel like we have an incredible product now, but that product is built on a brand-new platform that has the ability to develop AI functionality as a native part of that platform. So, the speed of innovation that we've been adding capabilities to Express has really been at breakneck speed, and we're very excited about that. Features like native integration of Firefly so that everything that's generated here is commercially safe, which again, like I said, is important to individuals and to businesses but doing it with more control, things like style and structure match and integrate it into the image viewer, the video viewer, editor and the design services. So, very excited about that. In addition to those basic capabilities that are so foundational, this is really the design model that we've been talking about, Firefly Design model. This is where it's surfacing the most. And so, you combine what we're doing with templates and the design model and people are able to create and effectively get access to an infinite number of templates, right? We believe that we're moving from a template-centric set of tools for communicators to an AI-centric set of tools. And we feel that with our design model and everything we have, we're fundamentally going to create better content that stands out ultimately. We also have great workflows that we've developed with Photoshop and Illustrator and Acrobat. And we've integrated all of this in ways that are fundamentally effective for businesses, including bulk creation and assembly capabilities, so small businesses all the way through enterprises are able to leverage this for their designer-to-marketer workflows. In addition to all of that innovation, to your point, we've really been focused on the go-to-market since the last time. Since we last spoke or right before we last spoke in Q3, we expanded the offer set significantly. We've always had Express for Individuals in market, but we added Express for Teams, Express for Enterprise. And we just launched Express for Education this back-to-school year with a lot better support for classrooms and teacher-student workflows as well. On the marketing side, we've been ramping that very actively. It's a net new audience to Adobe. I mean, that's something to really recognize this isn't about shifting existing audience over solely. It's about getting access to net new audience. And so for that, we have to employ both traditional means with a focus on awareness campaign but also leveraging social because that's where this audience is. So, you'll see us doing a lot more on social as a result. And then on the back of all that, we're ramping our direct sales. We have a very at-scale inside sales motion that we're starting to lean into. We have a very significant direct sales motion that we have in enterprises and mid-market that we're leveraging. Adobe.com journeys, we have a lot of businesses and individuals coming on Adobe.com and doing a lot more optimization in the App Store. And that's really what you're starting to see in the numbers we shared with strong usage at 70% year over year. Cumulative exports, strong business momentum with over 1,500 businesses sold, and really great -- our best back-to-school season ever, with millions of students now enabled on it. So, that's the foundation. And if you're -- the one thing I would say is, yes, we started pouring gas on it and we're going to pour more gas on it, not less in the months and years ahead."
FY24_Q3,2024-09-12,qa,Shantanu Narayen,mgmt,,"Maybe two other things, Jay, just big picture. I mean, we continue to invest in all of the key long-term things, whether it's training our models, whether it's Express, whether it's AEP and Apps, whether it's GenStudio while delivering what I think are phenomenal margins. And so, we'll continue to make those trade-offs in terms of growth and profitability. And maybe a little tongue in cheek. Part of the reason why David has the ability to invest as much in marketing is he uses the best marketing technology in the world from Anil."
FY24_Q3,2024-09-12,qa,David Wadhwani,mgmt,,That is true.
FY24_Q3,2024-09-12,qa,Jay Vleeschhouwer,analyst,,OK. Thank you.
FY24_Q3,2024-09-12,qa,Operator,operator,,And our next question will come from Tyler Radke with Citi.
FY24_Q3,2024-09-12,qa,Tyler Radke,analyst,,"Yes. Thanks very much for taking the question. I wanted to ask you about the Digital Experience side of the business. So, RPO looked pretty strong in terms of sequential additions. The implied guide for Q4 was a bit lighter than consensus. I know you did talk about some unusual dynamics in terms of seasonality, Cyber Monday. But could you just talk about the strength and the underlying dynamics you're seeing in the business heading into Q4? Thank you."
FY24_Q3,2024-09-12,qa,Anil S. Chakravarthy,mgmt,,"Yeah. When we look at the Digital Experience business, we are pleased with the overall execution of the business. We have a big opportunity with what we call personalization at scale, where whether it's a B2C company or a B2B company, the ability to deliver personalized customer experiences to consumers or to hundreds of thousands of business customers, individuals within businesses, this is important for every company in the world. And we have the integrated platform and the applications to be able to help them deliver those kinds of experiences. And we have the unique ability to bring together the right content, the data, customer data, and the customer journeys across our Experience Cloud and the integration with Creative Cloud to deliver those personalized experiences, and that's pretty unique to what we can do at Adobe. And that's one of the things that we are seeing in the dynamic in the enterprise market is the enterprises are scrutinizing all the deals that they want to do. I think in this case, they look at our offerings and see the ability to not only help with growth. They also look at the efficiency gains that we could help them create. And that's helping us as enterprises scrutinize the spend. And when you look at our guide, we're obviously -- we are focused most closely on our subscription business, and that's the business that continues to grow strongly, and we're showing good performance on the subscription business. And our overall revenue is a combination of subscription and services where we really are focused on working with a broad global partner ecosystem to make sure that we deliver services to our customers and help them realize value from our offerings."
FY24_Q3,2024-09-12,qa,Tyler Radke,analyst,,Thank you.
FY24_Q3,2024-09-12,qa,Jonathan Vaas,mgmt,,"Hey, operator, we're at the top of the hour. We'll sneak in one more question and then wrap up. Thank you."
FY24_Q3,2024-09-12,qa,Operator,operator,,Thank you. That question will come from Brent Thill with Jefferies.
FY24_Q3,2024-09-12,qa,Brent Thill,analyst,,"Thanks. Just back to the guide. Can we just drill in? I know you mentioned there were a couple of factors that were contemplated. I'm just curious, is there anything else that you're seeing in that that is different in terms of end demand? Or any thoughts as I know the U.S. decelerated a little bit, EMEA has accelerated."
FY24_Q3,2024-09-12,qa,Shantanu Narayen,mgmt,,"No, Brent. I mean, I think we had a strong Q3, and we continue to see the momentum in the business. And it's our typical considered targets that we do and our focus on execution. So, we're not seeing anything as it relates to a change in the business dynamics. I also mentioned that the last few weeks of Q3, as you know, the summer seasonality ends. We saw the traditional strength that we expect to see on our web traffic. So, I think MAX is coming up. We have an exciting agenda in terms of what we're going to be talking about in terms of MAX. And so, I mean, if I take a step back and think about it, given this is the last question, I mean, from my perspective, strong Q3 across every aspect of our business, revenue, EPS, Digital Media ARR, DX subs revenue. Acrobat certainly also continued to show the strength. We have momentum in the business. And the innovation road map, I mean, across all of the key initiatives that we've been talking about, whether that's Express, GenStudio, and the excitement that people have associated with automating all of that content, AEP, and Apps on the data side. Imaging and video, the work that the Digital Media team has done on Photoshop and on Illustrator, and then what's coming down the pike on video. In Firefly Services, I think the AI monetization as well, which I know is a theme of a number of people that have asked, whether it's Acrobat, whether it's the premium SKUs as it relates to Experience Cloud, whether it's what's happening on Gen Fill and the usage of Gen Fill, Lightroom, and Lightroom Mobile, I think we're clearly demonstrating how AI can both drive value for our customers, and therefore, we acquire new customers and retain customers better. So, it feels good. We look forward to seeing all of you at MAX, and we're going to just continue to focus on innovation and delighting our customers. But thank you for joining us."
FY24_Q3,2024-09-12,qa,Jonathan Vaas,mgmt,,"Yeah. Thanks, Shantanu. And we do look forward to the investor event that we'll be holding in Miami at MAX on October 14, where we will be doing a Q&A with management. We hope to see many of you there. And with that, thank you for joining the call, and this concludes the event."
FY24_Q3,2024-09-12,qa,Operator,operator,,[Operator signoff] Duration: 0 minutes
FY24_Q4,2024-12-11,prepared,Operator,operator,,"Good day, and welcome to the Q4 and FY '24 Adobe earnings conference call. Today's conference is being recorded. At this time, I'd like to turn the conference over to Steve Day, SVP, DX; CFO; and corporate finance; interim head of IR. Please go ahead, sir."
FY24_Q4,2024-12-11,prepared,Steve Day,mgmt,,"Good afternoon, and thank you for joining us. With me on the call today are Shantanu Narayen, Adobe's chair and CEO; David Wadhwani, president of Digital Media; Anil Chakravarthy, president of Digital Experience; and Dan Durn, executive vice president and CFO. On this call, which is being recorded, we will discuss Adobe's fourth quarter and fiscal year 2024 financial results. You can find our press release, as well as PDFs of our prepared remarks and financial results, on Adobe's investor relations website. The information discussed on this call, including our financial targets and product plans, is as of today, December 11, and contains forward-looking statements that involve risk, uncertainty, and assumptions. Actual results may differ materially from those set forth in these statements. For more information on those risks, please review today's earnings release and Adobe's SEC filings. On this call, we will discuss GAAP and non-GAAP financial measures. Our reported results include GAAP growth rates, as well as constant currency rates. During this presentation, Adobe's executives will refer to constant currency growth rates unless otherwise stated. Non-GAAP reconciliations are available in our earnings release and on Adobe's investor relations website. I will now turn the call over to Shantanu."
FY24_Q4,2024-12-11,prepared,Shantanu Narayen,mgmt,,"Thanks, Steve. Good afternoon, and thank you for joining us. In Q4, we achieved revenue of $5.61 billion, representing 11% year-over-year growth. In our Digital Media business, we delivered record net new ARR of $578 million. And our Digital Experience business achieved subscription revenue of $1.27 billion, representing 12% year-over-year growth. 2024 was a year of records for Adobe. We achieved record revenue of $21.51 billion, representing 11% year-over-year growth. GAAP earnings per share was $12.36, and non-GAAP earnings per share was $18.42, representing 5% and 15% year-over-year growth, respectively. We hit several new milestones with our AI innovations, enabling us to add more than $2 billion in Digital Media net new ARR and surpass $1 billion in the ending book of business for Adobe Experience Platform and native apps. The Digital Experience business crossed $5 billion in revenue, making us one of the mission-critical providers of marketing technology in the world. We exited the year with $19.96 billion in RPO and cash and short-term investments of $7.89 billion. 2024 was also a transformative year of product innovation, where we delivered foundational technology platforms. We introduced multiple generative AI models in the Adobe Firefly family, including Imaging, Vector, Design, and most recently, Video. Adobe now has a comprehensive set of generative AI models designed to be commercially safe for creative content, offering unprecedented levels of output quality and user control in our applications. We reimagined creativity and productivity for a broader set of customers with Adobe Express, the quick and easy create-anything app. The deep integration of Firefly across our flagship applications in Creative Cloud, Document Cloud, and Experience Cloud is driving record customer adoption and usage. Firefly powered generations across our tools surpassed 16 billion, with every month this past quarter setting a new record. We enhanced document productivity with AI Assistant in Adobe Acrobat and Reader, unlocking even greater value from the trillions of PDFs around the world. We've successfully scaled Adobe Experience Platform and native apps to deliver the fundamental infrastructure required for customer engagement. We're accelerating automated decisioning and powering audiences, journeys, and channels to deliver truly personalized experiences at scale. We set the stage to drive an AI content revolution by bringing content and data together in Adobe GenStudio, integrating high-velocity creative expression with enterprise activation. The release of Adobe GenStudio for Performance Marketing integrates Creative Cloud, Express, and Experience Cloud and extends our end-to-end content supply chain solution, empowering freelancers, agencies, and enterprises to accelerate the delivery of content, advertising and marketing campaigns. I'll now turn it over to David to discuss the momentum in our Digital Media business."
FY24_Q4,2024-12-11,prepared,David Wadhwani,mgmt,,"Thanks, Shantanu. Hello, everyone. In Q4, we achieved net new Digital Media ARR of $578 million and revenue of $4.15 billion, which grew 12% year over year, fueled by innovation in both our Creative and Document businesses. We ended the year with just over $2 billion of net new Digital Media ARR for the first time ever, as a result of accelerated product innovation, record traffic to adobe.com, and engagement on social and mobile, as well as increasing value for enterprise customers through Firefly Services and GenStudio, which bring together our Creative and Experience Clouds. On the Document Cloud side, PDF continues to be the global standard for digital documents, and Adobe Acrobat is revolutionizing the way people engage with them across mobile, web, and desktop. We took a major step forward in FY '24 with the introduction of AI Assistant in Acrobat and Reader. AI Assistant and other AI features, like liquid mode and Firefly, are accelerating productivity through faster insights, smarter document editing, and integrated image generation. A recent productivity study found that users leveraging AI Assistant completed their document-related tasks four times faster on average. AI Assistant is now available in Acrobat across desktop, web, and mobile and integrated into our Edge, Chrome, and Microsoft Teams extensions. In Q4, we continued to extend its value with specialized AI for contracts and scanned documents, support for additional languages, and the ability to analyze larger documents. In Acrobat Web, our integrations with Adobe Express allow users to generate images and quickly stylize content. We saw AI Assistant conversations double quarter over quarter, driving deeper customer value. In Q4, we achieved Document Cloud revenue of $843 million, growing 17% year over year. We set a record for net new Document Cloud ARR of $173 million, with ending ARR of $3.48 billion, growing 23% year over year. Other highlights include continued growth of monthly active users, which grew over 25% year over year, surpassing 650 million paid and free users; strong top of funnel momentum through Acrobat Web, with monthly active users up nearly 50% year over year; strength in Acrobat Pro single app in both Document Cloud and Creative Cloud offerings; a great back-to-school season with a new AI Assistant offering in education for students. Key enterprise customer wins include Abbott Laboratories, BWI GmbH, Defense Information Systems Agency, Kaiser Permanente, Novo Nordisk, Truist, U.S. Cellular, and the U.S. Department of State. Creative Cloud also had a strong year, as demand for content continues to grow across mobile, desktop, and streaming platforms. Adobe MAX, the premier creativity conference, showcased our FY '24 innovation and drove over half a billion video views across all channels. We have made major strides with our generative AI models with the introduction of Firefly Image Model 3, enhancements to our Vector models, richer design models, and the all-new Firefly Video Model. These models are incredibly powerful on their own, and their deep integration into our tools, like Lightroom, Photoshop, Premiere, InDesign, and Express have brought incredible value to millions of creative professionals around the world. We have brought our Creative and Experience Clouds together through the introduction of Firefly Services in GenStudio, addressing the growing need for scaled content production in enterprises. Firefly generations continue to accelerate and now have crossed 16 billion cumulative generations. In Q4, we achieved $3.3 billion in revenue, which grew 11% year over year. Net new Creative Cloud ARR was $405 million. Other highlights include adoption of Adobe Express by approximately 4,000 businesses in the quarter and an 84% year-over-year increase in the number of students with access to Express Premium as part of this year's back-to-school season. Adobe Express saw strong ecosystem growth, with over 180 plugins available in the Express marketplace and integrations into leading social, productivity, and collaboration apps like ChatGPT, Google, Slack, Wix, Box, HubSpot, and Webflow, significantly increasing our customer reach. The launch of the Firefly Video Model and its unique integration in Premiere Pro in limited public beta garnered massive customer interest. And we look forward to making it more broadly available in early 2025. This feature drove a 70% increase in the number of Premiere Pro beta users since it was introduced at MAX. Enhancements to Firefly Image, Vector, and Design models include four times faster image generation and new capabilities integrated into Photoshop, Illustrator, Premiere Pro, and Adobe Express. Strong adoption of Lightroom Mobile, with customers embracing innovations like generative remove and lens blur, as well as quick actions, which streamlines editing and increases discovery and adoption of premium features. Just this morning, Adobe Lightroom was recognized as the Mac App of the Year in Apple's Annual App Store Awards. The launch of the new Frame.io V4 streamlines creative management for video projects to enable end-to-end editing capabilities and seamless collaboration between editors and their stakeholders. Firefly Services adoption continued to ramp as enterprises, such as Pepsi and Tapestry, use it to scale content production given the robust APIs and ease of creating custom models that are designed to be commercially safe. Key enterprise customer wins include Alphabet, American Express, Coca-Cola, Johnson & Johnson, LVMH, Nestle, Procter & Gamble, T-Mobile, and the U.S. Department of Defense. Our AI product releases and business evolution in FY '24 has set the stage for another strong year ahead as we expand to new audiences, deliver more value to existing users, and increasingly integrate our Digital Media and Digital Experience clouds to create differentiated business solutions. We will do this by accelerating the adoption of freemium offers, including Express, Lightroom, and Acrobat on web and mobile, as well as expanding access to Acrobat AI Assistant, which delivered strong financial performance in FY '24, growing our core creative business by continuing to expand our AI innovations in our flagship applications, as well as bringing them to web and mobile. In addition, we will soon introduce a new higher-priced Firefly offering that includes our video models as a comprehensive AI solution for creative professionals. This will allow us to monetize new users, provide additional value to existing customers, and increase ARPU. And further accelerating Firefly Services, which saw significant demand in FY '24, by integrating it into GenStudio to provide enterprises with solutions to exponentially scale their content production capabilities with AI. We're thrilled with the response to our innovations in FY '24, excited to release new capabilities, and look forward to delighting customers in the year ahead. I'll now pass it to Anil."
FY24_Q4,2024-12-11,prepared,Anil S. Chakravarthy,mgmt,,"Thanks, David. Hello, everyone. The Experience Cloud business had a strong close to the year, achieving revenue of $1.40 billion for the quarter and a record $5.37 billion in revenue in fiscal 2024. Subscription revenue in the quarter was $1.27 billion, representing 12% year-over-year growth. The book of business for Adobe Experience Platform and native apps, Real-Time CDP, Customer Journey Analytics, and Journey Optimizer, surpassed $1 billion in the quarter, with 48 of the Fortune 100 companies now leveraging these solutions. The market opportunity for customer experience management is large and growing. Both B2B and B2C companies are selecting Adobe as their strategic technology partner to accelerate customer acquisition, engagement, and retention. Our leading solutions spanning content, data and customer journeys empower businesses to drive top-line growth while simultaneously delivering productivity gains. The AI innovations we have delivered enable our customers to accelerate the delivery of personalized experiences at scale and have been built to satisfy enterprise governance requirements. Adobe Experience Platform AI Assistant empowers marketers to automate tasks and generate new audiences and journeys. Adobe Experience Manager Generate Variations provides dynamic and personalized content creation natively through AEM, enabling customers to deliver more compelling and engaging experiences on their websites. We are transforming the content supply chain for enterprises with Adobe GenStudio, which natively integrates multiple Adobe applications across Creative Cloud and Experience Cloud, including Express, Firefly, Workfront, Experience Manager, Customer Journey Analytics, and Journey Optimizer. GenStudio enables agencies and enterprises to unlock new levels of creativity and efficiency across content creation and production, workflow and planning, asset management, delivery and activation, and reporting and insights. Adobe GenStudio for Performance Marketing is a great addition to the GenStudio portfolio, offering an integrated application to create paid social ads, display ads, banners and marketing emails by leveraging pre-approved, on-brand content. It brings together creative teams that define the foundational requirements of a brand, including guidelines around brand voice, channels and images, with marketing teams that need to deliver numerous content variations with speed and agility. We're seeing strong customer demand for Adobe GenStudio for Performance Marketing since its general availability at MAX. GenStudio is the answer to address how marketing is going to transform in the era of AI for CMOs, CIOs and CFOs. Other highlights include expanded partnership with Amazon to make Adobe Experience Platform available on Amazon Web Services and extend our leadership across public clouds. Enterprises will soon be able to access the full power of AEP and native apps on AWS. Integration partnerships with Google's Campaign Manager 360, Meta, Microsoft Advertising, Snap and TikTok, offering marketing teams a holistic view of campaign performance directly in Adobe GenStudio to optimize the ROI of their ad spend. Strong industry analyst recognition in major analyst reports, including the Gartner Magic Quadrant for Digital Commerce and the Forrester Wave for Cross-Channel Marketing Hubs. In particular, Gartner recognized Adobe's critical capabilities for multichannel marketing, such as our differentiated ability to adapt customer journeys in real time based on customer behavior. AI innovations delivered in the premium tiers, and add-ons helped us close our largest bookings quarter ever, with key global customer wins, including Air Canada, Allianz, American Express, Bank of America, BMW, Centene, CIBC, Cisco, Disney, Fanatics, GAP, GM, JPMorgan Chase, PayPal, Samsung, Tesco, and Wells Fargo. Digital remains a critical growth imperative for businesses around the world. Adobe Digital Insights, which analyzes trillions of data points, reported that both Black Friday and Cyber Monday sales hit record highs of $10.8 billion and $13.3 billion, jumping 10.2% and 7.3% from last year, respectively. We expect the full holiday season to hit $240.8 billion, up 8.4% year over year. With the availability of our new offerings, in FY '25, Adobe has a unique opportunity to capitalize on the breadth of these solutions to further optimize our integrated go-to-market field organization. We are expanding our enterprise go-to-market teams to sell these integrated solutions that cut across Digital Media and Digital Experience, globally under the new GenStudio umbrella. We have seen early success for this strategy that included Express and Firefly Services in Q4. As we enable our worldwide field organization in Q1, we anticipate acceleration of this pipeline throughout the rest of the year and beyond. We are confident of continuing our leadership and momentum into 2025. I will now pass it to Dan."
FY24_Q4,2024-12-11,prepared,Daniel J. Durn,mgmt,,"Thanks, Anil. Our earnings report today covers both Q4 and FY '24 results, highlighting growth drivers across our businesses, and I'll finish with financial targets. We are proud of the performance we have driven in FY '24, delivering record revenue, EPS, and operating cash Flows while aggressively investing in AI product innovation. New AI releases, including Express, Acrobat AI Assistant, Firefly Services, DX premium tiers, and GenStudio for Performance Marketing have expanded the portfolio of products, driving proliferation and meaningful gen AI monetization. We had a strong finish to the year with records in Digital Media net new ARR and Digital Experience bookings. In FY '24, Adobe achieved record revenue of $21.51 billion, which represents 11% year-over-year growth as reported and in constant currency. GAAP EPS for the year was $12.36, and non-GAAP EPS was $18.42, growing 5% and 15% year over year, respectively. FY '24 business and financial highlights included Digital Media revenue of $15.86 billion, net new Digital Media ARR of $2.00 billion, Digital Experience revenue of $5.37 billion, cash flows from operations of $8.06 billion, RPO of $19.96 billion exiting the year, and repurchasing approximately 17.5 million shares of our stock during the year. In the fourth quarter of FY '24, Adobe achieved revenue of $5.61 billion, which represents 11% year-over-year growth as reported and in constant currency. GAAP diluted earnings per share in Q4 was $3.79. And non-GAAP diluted earnings per share was a record $4.81, growing 17% and 13% year over year, respectively. Q4 business and financial highlights included Digital Media revenue of $4.15 billion, net new Digital Media ARR of $578 million, Digital Experience revenue of $1.40 billion, cash flows from operations of $2.92 billion, and added $1.82 billion to RPO in the quarter. Digital Media In our Digital Media segment, we achieved Q4 revenue of $4.15 billion, which represents 12% year-over-year growth as reported and in constant currency. We exited the quarter with $17.33 billion of Digital Media ARR, growing our ending ARR book of business 13% year over year in constant currency. Adobe achieved Document Cloud revenue of $843 million, which represents 17% year-over-year growth as reported and in constant currency. In the quarter, we added $173 million of net new Document Cloud ARR, growing our ending ARR book of business 23% year over year in constant currency. Fourth quarter Document Cloud growth drivers included strong growth across Reader and Acrobat on web and mobile and extensions such as Edge and Chrome; Acrobat subscription demand across all customer segments, routes to market and geographies; accelerated adoption and monetization of AI Assistant driven by product enhancements and delivery of French and German language support; and year-end seasonal strength in the enterprise. We achieved Creative revenue of $3.30 billion, which represents 10% year-over-year growth, or 11% in constant currency. In the quarter, we added $405 million of net new Creative ARR, growing our ending ARR book of business 11% year over year in constant currency. Fourth quarter Creative growth drivers included strong demand for new subscriptions for Creative Cloud All Apps, across individuals, teams, enterprise, and education; strength in Creative Cloud single apps for Acrobat Pro, Lightroom, and Photoshop; momentum with new subscriptions in emerging markets; demand for Adobe Express across education, SMB, and enterprises; and Adoption of Firefly Services in the enterprise. Turning to our Digital Experience segment, in Q4, we achieved revenue of $1.40 billion, which represents 10% year-over-year growth as reported and in constant currency. Digital Experience subscription revenue was $1.27 billion, growing 13% year over year or 12% in constant currency. Fourth quarter Digital Experience growth drivers included strong finish to the year, with the largest-ever bookings quarter and robust performance across geographies including the U.S. and EMEA and multiple verticals including financial services; strong subscription revenue growth, led by Adobe Experience Manager, Adobe Journey Optimizer, Real-Time-Customer data platform, Customer Journey Analytics and Workfront; continued strength in retention and expansion across our enterprise customers, with Digital Experience solutions being leveraged by 85 of the Fortune 100 companies; momentum with AEP and native apps, in growing greater than FY '24 ending book of business surpassing $1.0 billion and growing greater than 40% year over year; and strong bookings for our umbrella GenStudio solution with interest and momentum for our new GenStudio for Performance Marketing offering. Adobe's effective tax rate in Q4 was 15.5% on a GAAP basis and 18.5% on a non-GAAP basis. RPO exiting the quarter was $19.96 billion, growing 16% and cRPO growing 13% year over year as reported. Our cash flows from operations in the quarter were a record $2.92 billion, and ending cash and short-term investment position exiting Q4 was $7.89 billion. In Q4, we entered into a $2.5 billion share repurchase agreement, and we currently have $17.65 billion remaining of our $25 billion authorization granted in March 2024. Now, turning to our FY 2025 financial targets.We measure ARR on a constant currency basis during the fiscal year and revalue ending ARR at year-end. FX rate changes between the end of FY '23 and the end of FY '24 have resulted in a $117 million decrease to the Digital Media ARR balance entering FY '25, from $17.33 to $17.22 billion and is reflected in our investor data sheet. We expect an approximate $200 million headwind to FY '25 revenue as a result of the effect of foreign exchange and a smaller impact of the continued move to subscriptions from perpetual offerings. Factored into our financial targets is an ongoing strategy to introduce new tiered subscription offerings and add-ons. For FY '25 we are targeting total Adobe revenue of $23.30 to $23.55 billion; Digital Media segment revenue of $17.25 to $17.40 billion; Digital Media ending ARR book of business growth of 11% year over year; Digital Experience segment revenue of $5.80 to $5.90 billion; Digital Experience subscription revenue of $5.375 to $5.425 billion; GAAP earnings per share of $15.80 to $16.10, and non-GAAP earnings per share of $20.20 to $20.50. We expect non-GAAP operating margin of approximately 46% and a non-GAAP tax rate of approximately 18.5%. For Q1 fiscal '25, we are targeting total Adobe revenue of $5.63 to $5.68 billion, Digital Media segment revenue of $4.17 to $4.20 billion, Digital Experience segment revenue of $1.38 to $1.40 billion, Digital Experience subscription revenue of $1.27 to $1.29 billion, GAAP earnings per share of $3.85 to $3.90, and Non-GAAP earnings per share of $4.95 to $5. For Q1, we expect non-GAAP operating margin of approximately 47% and non-GAAP tax rate of approximately 18.5%. In summary, I'm proud of our outstanding performance, which combines robust product leadership, velocity of innovation, and financial discipline, positioning us to achieve strong revenue and EPS growth in the year ahead. Shantanu, back to you."
FY24_Q4,2024-12-11,prepared,Shantanu Narayen,mgmt,,"Thanks, Dan. This quarter, Adobe was once again recognized for our exceptional culture and industry leadership including on Forbes World's Best Employers, Fortune's 50 AI Innovators and Fortune's Best Workplaces in Technology, and the Wall Street Journal's Best-Managed Companies list. At MAX, we announced a new global initiative aimed at helping 30 million next-generation learners develop AI literacy, content creation, and digital marketing skills using Adobe Express to thrive in the modern workforce, working with education partners and schools, nonprofits, and online learning platforms to provide training, certifications, and career pathways. Our strategy to unleash creativity for all, accelerate document productivity and power digital businesses represents a massive addressable market opportunity. Adobe continues to build on its strong foundation of transformative innovation, category and brand leadership, financial performance, and profitable growth. We're delivering Adobe magic to an expanding set of global customers and executing on the massive market opportunity ahead. Adobe couldn't be better positioned for 2025 and beyond. Thank you, and we will now take questions. Operator?"
FY24_Q4,2024-12-11,qa,Operator,operator,,"[Operator instructions] And the first question will come from Kash Rangan with Goldman Sachs. And, Kash, [Operator instructions] We'll go next to Michael Turrin with Wells Fargo."
FY24_Q4,2024-12-11,qa,Michael Turrin,analyst,,"Hey. Thanks very much. Appreciate you taking the questions. David, you mentioned in your prepared remarks a few things, focusing on expanding innovations, including newer higher-priced Firefly offerings and potentially accelerating Firefly by integrating further into GenStudio. I was hoping you could maybe expand on how you're thinking about the adoption curves of those efforts. And as a second part, Dan, if you can just add any commentary on how, you know, you're incorporating some of these newer efforts into forecasts, if there's conservatism just given they're newer, or just how to think about that, also useful. Thank you."
FY24_Q4,2024-12-11,qa,David Wadhwani,mgmt,,"Sure, yeah, I'll go ahead and get started. So, AI, obviously, has been a huge area of focus for us, and, frankly, our community has been using it at amazing rates. So, we're very excited you heard the $16 billion -- sorry, not dollar, 16 billion generations that we talked about in the prepared remarks. And that's really a function of the investments we've made in creating the broadest set of models. You know, we've talked about Imaging, Vector, Design in the past. We now have Video and Audio in beta form as well. And the foundational difference between what we do and what everyone else does in the market really comes down to three things. One is commercially safe, the way we train the models. Two is the incredible control we bake into the models. And three is the integration that we make with these models into our products. Increasingly, of course, you know, our CC flagship applications, but also in Express and Lightroom and these kinds of applications, but also in Anil's DX products as well. So, that set of things is a critical part of the foundation and adorable differentiator for us as we go forward. Now, as we introduce the Video model, which we expect to have in market early next year, that's going to create an opportunity to further tier our Creative Cloud offerings. As you, I'm sure, understand, video generation is a much higher value activity than image generation. And as a result, it gives us the ability to start to tier Creative Cloud more actively there. In addition to that, we introduced this year, we introduced Firefly Services. That's off to a great start. We have a lot of customers that are using that. A couple we talked about on the call include Tapestry. They're using it for scaled content production. Pepsi for their Gatorade brand is enabling their customers to personalize any merchandise that they're buying, in particular starting with Gatorade bottles. And these have been very, very productive for them. And we are seeing this leveraged by a host of other companies for everything from localization at scale to personalization at scale, to user engagement, or just raw content production at scale as well. And then, last, not to get missed in all of this, is everything we're doing with AI Assistant. AI Assistant for Acrobat is off to an incredibly strong start, and we see it continuing to accelerate. So, all of this has built a great foundation for us in FY '24. It's given us a lot of signal from our customer base. And it's really, we've learned a lot that we intend to apply as we optimize the value and the, you know, the tiering for our customers going forward."
FY24_Q4,2024-12-11,qa,Daniel J. Durn,mgmt,,"Yeah. And just building on David's comments as it relates to the FY '25 guide, we talk about all of the great innovation that's in flight. I would say the velocity of innovation is greater today than it's ever been. We called out products like Express, AI Assistant, Firefly, premium tiers in DX, GenStudio. The good thing is, is they're meaningful contributors today to the financial performance and extrapolating the momentum that we see in those products, taking a point of view on the future pipeline of innovation, how we bring that to life deeply natively integrated into our products, and further extend the value we offer to customers, as well as the additional segments we can access. All of this comes together to take a perspective of what 2025 looks like based on the strong start that we have and the meaningful contribution in FY '24."
FY24_Q4,2024-12-11,qa,Michael Turrin,analyst,,Thanks very much.
FY24_Q4,2024-12-11,qa,Operator,operator,,And we'll take our next question from Alex Zukin with Wolfe Research.
FY24_Q4,2024-12-11,qa,Alex Zukin,analyst,,"Hey, guys. Thanks for taking the question. I guess maybe to the point that you just alluded to in terms of the AI being meaningful as part of growth narrative for the business, can you maybe talk about how you're thinking about the growth driver from Firefly, from GenStudio? And when -- how will we see that percolate through the year in terms of the net new Digital Media ARR? Is that something that you think is more going to be showing up in the DX business? It'd be great to get some color there. And then, anything, Dan, that we should think through, given the new guidance methodology around seasonality or linearity for net new ARR in the Digital Media business."
FY24_Q4,2024-12-11,qa,David Wadhwani,mgmt,,"Sure, I'm happy to take that. So, first of all, yeah, as we mentioned, we're really excited about the FY '24 momentum that we're seeing that we're carrying into it. And, you know, we've had this conversation in the past around how we think about the growth algorithm for the digital media business. So, maybe kind of let me reiterate a little bit of that. We've talked about this in the context of P times Q plus V in the past, you know, where P is new users bringing in more people into the franchise. We're continuing to do that, obviously, with the introduction of Express, we're seeing a lot of great growth there, whether it's through our phones channel reaching out to SMB, whether it's corporate reaching out to the mid-market, or whether it's working more closely with Anil and the DX business and the integrations we have between Express and the DX business, reaching into large companies. We're doing a lot in terms of proliferation of Express into education. We're done a number of partnerships that we talked about with Box, ChatGPT, HubSpot, and others, but also our own products like Acrobat Workflows from Acrobat and Reader into Express. So, really pushing to drive more new customers into the franchise, in addition to the continued growth that we're getting in our core creative products. Second, in terms of the core creative products, this is where the queue -- sorry, I said it backwards. The price actually increases with core value because when we are introducing Firefly models into the mix, we get the opportunity to integrate them more into the flagship applications. And as I mentioned earlier with the Firefly web application, we have the opportunity to create more tiers across the creative products so that we can get people in the right plan for their needs. And we're very bullish about video and the breadth of our customer base that are going to need access to these video models. Again, remember they're integrated deeply into our applications, including Premiere. So, we're very excited about what that could mean for us. And then lastly, the business value for customers and enterprise or corporate, that's where the value-based selling that we do along with the digital experience business really plays out. Firefly Services, as I mentioned, with Gatorade, Tapestry, and a whole host of others that have come, everyone in this space is driving toward personalization of that content, and they absolutely need a scale production and automation pipeline to generate more content. That's what Firefly Services does. And as it has hit this level of escape velocity, we're now integrating it more into the DX products, in particular, GenStudio, so that it becomes a more holistic solution as we go into FY '25 and accelerate that. And that's -- you know, Alex, that's what's leading to the guide of 11%. If you really take a step back, that's one of the best guides we've given in terms of, you know, next-year ARR growth. But one thing maybe to keep in mind is the composition of that growth is going to be a little different next year compared to FY '24. Again, the growth algorithm is new users, new products, and value and pricing. New users and new products will be a more significant part of the mix as we go into FY '25. And we look forward to sort of that foundational base of the business growing and driving the business."
FY24_Q4,2024-12-11,qa,Daniel J. Durn,mgmt,,"And then, just to build on that, Alex, and I appreciate the question around the shape of FY '25, here's what I'll share about it. We all know we changed the guidance methodology into 2025. The guide around the ending ARR book of business growth, we just have a strong point of view. It's a better indicator of business health trajectory. David talked about the growth algorithm, the growth agenda, the company. New subscribers, the predominant driver of growth, has been, continues to be. The second leg, cross-sell, up-sell, this is something the company's honed a really great skill at over time once we bring people into the Adobe ecosystem to journey them through the rich set of technologies and products that we have to bring them deeper into the ecosystem. That's an important element. And then lastly, you know, David mentioned pricing. This is about how we segment the product portfolio, the value that we deliver to our customers. So, as we think about the innovation, as we think about the growth algorithm, and as we think about increasingly monetizing the rich set of innovation that we've already brought to market, as well as in the pipeline to be brought to market, quarterly profile, we view it as less important. Really want to focus on revenue and EPS. Focus on the annual book of business growth. We think that's the most important way to look at the business. That's also how we as the management team run the business."
FY24_Q4,2024-12-11,qa,Alex Zukin,analyst,,Understood. Thank you guys.
FY24_Q4,2024-12-11,qa,Operator,operator,,And the next question will come from Kirk Materne with Evercore ISI.
FY24_Q4,2024-12-11,qa,Kirk Materne,analyst,,"Yeah. Thanks very much. David, I was wondering if I could just follow up on your last comment on sort of obviously driving new users, new adoptions, you know, incredibly important. I just -- is there pricing sensitivity? Meaning, you're delivering so much value. I think that pricing, given the value you're delivering, would be a bigger lever, you know, unless there's pricing sensitivity. So, can you just walk through that a little bit more because it feels like you should be able to get sort of all three vectors going at the same time, whereas I know you're going to focus more on bringing people in and making them successful. But I'm sort of -- I guess, is there something else on the pricing side that I'm missing while you're not getting that as well? Thanks."
FY24_Q4,2024-12-11,qa,David Wadhwani,mgmt,,"Yeah. We've talked about this in the context of proliferation versus short-term monetization and how we have to balance both of those, and that's something that we take very seriously and we look at that. If you look at the, you know, lower end of the market as we have entered with Express and Lightroom, Acrobat -- and by the way, the web and mobile motion for us has been productive in bringing in a lot more new users. And so, you'll expect to see us do more of that and introduce more products in that segment in FY '25 as well. And there is certainly price sensitivity at that side of the market when it comes to both premium users and also converted to paid users, and we'll continue to enable that. When it comes to the core business, and this is the business of creative professionals, we are very focused on introducing new value that is going to create more segmentation and more tiering and, you know, get aligned value and pricing to what we are delivering there. So, we do see a tremendous amount of opportunity there going forward because the value that we bring and the efficiency we bring to the content creation process there is very significant. And then, last and certainly not least, as we talked about in core enterprises, that's where we've been able to sort of cross that chasm from a P times Q business over to a value sale business, and we are able to start to get more automation and workflows in place there as well. So, it's a mix of these things. You know, we are going to continue to balance. We are obviously tracking. And we believe that proliferation, as we've said, you know, for some time, maintains as one of the top priorities because we know that if people start using our products today, we have the opportunity to continue to deliver value for a long time to come. And so, that balance is what we try to do. And it's a management judgment call that we think we're getting it right."
FY24_Q4,2024-12-11,qa,Kirk Materne,analyst,,"I guess as a quick follow-up for Dan. Dan, obviously, Black Monday fell into your first quarter this current year. Any color you can offer in terms of what that meant, if at all, to Creative Cloud net new ARR this quarter?"
FY24_Q4,2024-12-11,qa,Daniel J. Durn,mgmt,,"Yeah, Black Friday, Cyber Monday played out about as expected. You know, we've been talking about a multiyear trend where commercial activity is shifting left in terms of timing. We run our promotions over a larger window of time to reflect consumer behavior, and we see a similar pattern commercially from our customers this year that we've seen in prior years. If we think about, you know, online shopping this year, up 8.4%. You can see last year, that's up from 4.8%. So, a nice step-up this year versus last year. But you can see Cyber Monday from a contribution standpoint, even though the growth last year was down relative to this year. Cyber Monday grew at 9.6%; this year, at 7.3%. Just illustrates the flattening of the profile and consumer behavior around that. So, you know, performance as expected."
FY24_Q4,2024-12-11,qa,Kirk Materne,analyst,,Thank you.
FY24_Q4,2024-12-11,qa,Operator,operator,,And the next question will come from Keith Weiss with Morgan Stanley.
FY24_Q4,2024-12-11,qa,Keith Weiss,analyst,,"Excellent. Thank you, guys, for taking the question. A lot of excitement from you guys on the car school about the piece of innovation going on in the business. And we hear it that excitement from creative professionals as they talk about an acceleration in the case of innovation. But apologies to state the obvious, but investors aren't, you know, that excited or are showing that excitement. The stock is a major under-performer on a year-to-date date. It's down again on an after-hours basis today. And I would point to it's the lack of acceleration that we're seeing in the numbers, right? Digital Media net new ARR this quarter grew just -- or in Creative Cloud grew 2%. You're guiding to decelerating growth into the forward year despite all this innovation. And I think the question that it brings up in investors' mind is, is there some leak in the bucket, right? All this innovation, new monetization avenues, pricing going up, but the growth is going in the wrong direction. Like is there a part of the equation that's not working? Is there share losses? Is there something that we're not seeing that is taking away that momentum in the numbers that's not -- sort of not in the acceleration in the numbers, if you will?"
FY24_Q4,2024-12-11,qa,Shantanu Narayen,mgmt,,"Well, Keith, maybe I'll talk about that. I mean, if you take a step back and think about the year, and I'll certainly address the feedback that you're sharing. From our perspective, you know, when we guided at the beginning of the year, when we reguided then in the middle of the year to 19.50, and then, when we guided in Q3, I mean, the reality is we beat all those three targets that we had issued, beginning of the year, middle of the year, and end of the year. I think, specifically, maybe as it relates to the Q4 Digital Media net new ARR, and thinking about it from the Creative, the one thing that I'll point out there is that, actually, Creative did better than probably is evident in that if you think about the contribution of Acrobat that went into the Creative bucket versus the, you know, Document Cloud business. So, certainly, Acrobat continues to do well record as you saw. But the non-Acrobat contribution in Creative actually had more growth than what you would see if you just look at it from a Creative Cloud ARR. I think to your bigger question about what's happening in the business, and as we think about it, you know, at the scale of the business right now, certainly, as this entire world moves toward generative AI, as David said, you know, we're executing on both the proliferation play at the bottom with Express and Acrobat. And at the high end, with the Creative Pro and with the enterprise, we are seeing significant adoption of that. And I think GenStudio will also be a good unlock because GenStudio actually brings this all together in the enterprise in a way that nobody else can. And so, when we think about Firefly Services, you think about the custom models, you think about the ability to move all of that into campaigns at pace, you know, that, we are seeing significant traction in that particular space. So, the business is going through a change as it relates to the lower end. But for the core Creative, as well as for the enterprise, it's actually headed absolutely in line with our expectations with good acceleration. And on the consumer communicator space, I think the traction that we're seeing with Express on proliferation also gives us a lot of optimism for how that part of the business is also doing well. And so, you know, we take our target seriously. It's the beginning of the year. We want to go keep executing and innovating on it. To the point that I think you as well as others have asked, is there, you know, opportunity in the growth agenda, not just to think about the innovation and the offerings, but to make sure that as we tier these, that the pricing and the value is appropriate? Absolutely. And I think you'll continue to see us -- I think David mentioned that in his prepared remarks, as well as Dan did, that you'll see us also have new tiered offerings that reflect that value that we're providing to the Creative, Pro, as well as to the business segments."
FY24_Q4,2024-12-11,qa,Keith Weiss,analyst,,Excellent. Thanks for the feedback.
FY24_Q4,2024-12-11,qa,Operator,operator,,And moving on to Keith Bachman with BMO.
FY24_Q4,2024-12-11,qa,Keith Bachman,analyst,,"Hi. Thank you very much. I wanted to ask David to you if I could on Doc Cloud specifically. Growth was certainly strong this quarter, and I just wanted to understand some of the context associated with durability. And if you could break it into some of the parts, it looks like your monthly active users continues to grow well. And in addition to that, how are you thinking about leveraging the value there in terms of price specifically within the growth of Doc Cloud. And again, the broader question is just on the durability of Doc Cloud, grew 23% over the course of the quarter in terms of ARR. Trying to understand how durable it is and what the pieces are. And then, I have a follow-up."
FY24_Q4,2024-12-11,qa,David Wadhwani,mgmt,,"Yeah. I think Document Cloud has been -- you know, if you think about the fact that we're 40 years into this business, it's really just the foundation is the fact that PDF has become the de facto standard for unstructured data in the world, and Adobe and Acrobat are the most trusted providers of solutions for that. And that's really what is the foundation of what is driving the business, including the fact that it's the most secure platform for leveraging and accessing the content. I think there are two things that are really the growth drivers of this business -- or a number of things. First is exactly like you said. I mean, monthly active users, and free and paid is a key stat that we keep looking at. We are very effective at taking free users of Reader and converting them to paid users of Acrobat. And we continue to do that across more services. It used to be predominantly a focus on desktop applications. As we've noted in the past, we now have Edge integrations and Chrome integrations. We're also available in Teams. We're also available on mobile devices for iOS and Android. And the mix of all those continue to grow on a monthly basis. One of the things that we are doing to drive that growth is helping people see the value of sharing a link to the PDF as opposed to sharing the document itself. That in doing so, you get a lot more control in terms of the conversation and feedback and review around that. But it also drives the fact that the recipient is then guaranteed to be viewing the PDF in an Adobe service that we can then use to close that viral loop and, you know, drive further top of final opportunity to convert. So, that foundation is very strong. In addition to that, AI Assistant has been really a phenomenal ad. You know, unlike many other players in the space, we don't require significant security and governance reviews because people can have conversations around the documents that they view. And one of the big things that I think has been unlocked this year is moving not just by looking at a PDF that you happen to be viewing, but being able to look at and have a conversation with multiple documents, some of which don't even have to be PDF. So, that transition and that gives us the ability to really take Acrobat and make it more of a general purpose productivity platform. And that's really what drove the adoption that we saw in education this year. So that's another way of saying that the core foundation of Acrobat continues to be strong and is actually getting stronger with MAU increasing, but the new value you're adding with AI Assistant takes Acrobat to an entire new level in terms of value."
FY24_Q4,2024-12-11,qa,Shantanu Narayen,mgmt,,"Maybe the thing I'll add to that is the durability of that, to your point, in languages, as we roll that out in languages, as we roll it out across multiple documents, and as we roll it out in enterprises and B2B specifically. So, again, significant headroom in terms of the innovation agenda of how Acrobat can be made even more meaningful as a knowledge tool within the enterprise."
FY24_Q4,2024-12-11,qa,Keith Bachman,analyst,,"OK, it sort of leads into my follow-up question, if I could sneak it in, is we've talked about, during the course of this call tonight, the various drivers of growth for ARR. And I just wanted to specifically ask about consumption as we think about FY '25. And the question is, is that going to be a contributor toward ARR growth? Or should investors really be thinking about trying to maximize seats, if you will, and really shouldn't be about consumption being additive to growth in '25? That's it for me. Thank you."
FY24_Q4,2024-12-11,qa,Shantanu Narayen,mgmt,,"I think, Keith, you're going to see a ""consumption add"" to ARR in two or maybe three ways, more so in '25 than in '24. The first, and David alluded to this, is if you have a video offering. And that video offering, that will be a pure consumption, you know, pricing associated with it. I think the second is in GenStudio and for enterprises and what they are seeing with respect to Firefly Services, which, again, I think David touched on, you know, how much momentum we're seeing in that business. So, that is, in effect, a consumption business as it relates to the enterprise, so I think that will also continue to increase. And then, I think you'll see us with, perhaps, you know, more premium price offering. So, the intention is that consumption is what's driving the increased ARR, but it may be as a result of a tier in the pricing rather than a consumption model where people actually have to monitor it. So, it's just another way, much like AI Assistant is of monetizing it, but it's not like we're going to be tracking every single generation for the user. It'll just be at a different tier. And we think that that's both a better way to deliver value, as well as to get the monetization."
FY24_Q4,2024-12-11,qa,Operator,operator,,And moving on to Brad Sills with Bank of America.
FY24_Q4,2024-12-11,qa,Brad Sills,analyst,,"Wonderful. Thank you. Let me ask a question, David, of you, please. In the past, you provided some good color -- it sounds like there's momentum there. It seems like this will be the year with all the Firefly Services integration into the core franchises that we could see some acceleration and conversion of that funnel. So, we'd love to get some updates from you on that effort and how you see that unfolding throughout the year. Thank you."
FY24_Q4,2024-12-11,qa,Shantanu Narayen,mgmt,,"For a second, you actually cut out. And so, you said Firefly, we heard that. Did you mention any other product before we answer that question, Brad, just to make sure we capture your question?"
FY24_Q4,2024-12-11,qa,Brad Sills,analyst,,"Really, just Firefly services across all the franchises, you know, Photoshop, Lightroom, etc. You know, what could that integration effort do to the conversion activity with the top of funnel?"
FY24_Q4,2024-12-11,qa,David Wadhwani,mgmt,,"Yeah. So, a number of things. So, first of all, you're exactly right in terms of, you know, Firefly is a platform and a foundation that we're leveraging across many different products, as we talked about. Everything from Express and Lightroom and even in Acrobat on mobile for broad base, but then also in our core Creative products, Photoshop, Illustrator, Premiere. And, you know, as we've alluded to a number of times on this call with the introduction of Video, even a stand-alone offer for Firefly that we think will be, you know, more valuable from a tiering perspective there. And then, into Firefly Services through APIs and connection to GenStudio. So, we are looking at leveraging the power of this AI foundation in all the activities. Now, as it relates to top of funnel and conversion, we're very excited -- let's start with new users and more closer to the low end of the market. We're very excited with the signal we're getting from Express and Lightroom on mobile and web. Again, you know, as we talked about, Express is seeing some really good new user acquisition. We added 4,000 new businesses this year. We increased education access by 84% this back-to-school versus last back-to-school. We're seeing, you know, really strong adoption through social, digital, and mobile traffic as well. So, we see that when we invest in mobile and web, we are getting some very positive signals in terms of user adoption and user conversion rates. So, we're using Firefly very actively to do that. And by the way, the fact that Firefly continues to be the only commercially safe model integrated into these apps does matter when it comes to, as I said, adding 4,000 new businesses. The second thing is we are seeing in the core Creative business, when people try something like Photoshop, the onboarding experience is faster to success because of the use of generative AI and generative capabilities. So, you'll start to see us continuing to drive more proliferation of those capabilities earlier in the user journeys, and that has been proven very productive. But we also noticed that more people use generative AI. Again, we've always had good retention rates, but the more people use generative AI, the longer they retain as well. And so, we are definitely leveraging generative AI for the entire flow in the funnel."
FY24_Q4,2024-12-11,qa,Steve Day,mgmt,,And as we pass the top of the hour --
FY24_Q4,2024-12-11,qa,Brad Sills,analyst,,Wonderful.
FY24_Q4,2024-12-11,qa,Steve Day,mgmt,,We'll just have time for one more question. Thank you.
FY24_Q4,2024-12-11,qa,Operator,operator,,And that question will come from Jay Vleeschhouwer with Griffin Securities.
FY24_Q4,2024-12-11,qa,Jay Vleeschhouwer,analyst,,"Thank you. Good evening. Dan, you noted that your current RPO was up 13% in the quarter, which results in a 10% three-year CAGR for current RPO. Would you expect that over time, or at least in fiscal '25, that your current RPO growth would be closer to what you just reported for Q4? Or might it revert more to the lower three-year CAGR? And then, for David, if I could, just since there were so many mentions of tiered offerings, is the concept there more around functionality at the product level as compared to the olden days of tiering that was more about segmentation and packaging, as in the old CS days? Or is it more currently around the functionality that you're offering on a product-by-product basis?"
FY24_Q4,2024-12-11,qa,Daniel J. Durn,mgmt,,"Yeah. Thanks, Jay. And what I definitely don't want to do is get into guiding of cRPO. But when I take a step back and think about the rhythm and flow of the business, what we're seeing on the enterprise side, winning large transformational deals, exiting the year with the largest bookings quarter ever, having premium tiers in that product portfolio, momentum around AEP and apps continuing to grow at scale, and when we think about content supply chain and bringing cross cloud opportunities together that really get at meaningful pain points of customers over time, and then we think about the innovation that we're driving through the Digital Media business, I feel really good about our ability to continue to drive the business going forward, and I'm very encouraged by what I see."
FY24_Q4,2024-12-11,qa,David Wadhwani,mgmt,,"Yeah. And then, just adding on briefly to the question on tiering. Yeah, Jay, if you think about what we've done over the last year, there's been a bit of experimentation. Obviously, in the core Creative applications, we've done the generative credits model. What we saw with Acrobat was this idea of, you know, a separate package and a separate SKU that created a tier that people were able to access the feature through. And as we learn from all of these, we think, as Shantanu had mentioned earlier, that the right tiering model for us is going to be a combination of feature -- access to certain features and usage limits on it. So, the higher the tier, the more features you get and the more usage you get of it."
FY24_Q4,2024-12-11,qa,Shantanu Narayen,mgmt,,"And since that was the last question, let me again maybe, in quick summary, just talk about first, you know, we had a strong '24. But I think that really sets us up even better for a strong '25, given the innovation that we've had. I think as it relates to all three businesses that we have, the Creative Cloud, with everything that we've done around AI, we have a lot of momentum going into the business and a really great diverse portfolio in terms of both the customers, as well as our offerings. Acrobat continues to perform really well with AI Assistant as we bring it to other languages, get more vertical use cases for that particular solution, and extend it beyond a single document. We continue to think that the Document Cloud has significant opportunity ahead of us. And I think bringing that all together with Digital Experience, Q4 was really an extremely strong quarter as it related to us bringing all these solutions together in GenStudio. I think much like we did with AEP and apps and data and have driven that to a billion-dollar business, I feel just the same amount of excitement with what we can do with content and AI and how we can accelerate the creation of that all the way from ideation to the multiple variations that's required. So, we look forward to sharing more with you at the end of our Q1. But in the interim, thank you for joining us, and happy holidays."
FY24_Q4,2024-12-11,qa,Steve Day,mgmt,,Thank you. And that ends this call --
FY24_Q4,2024-12-11,qa,Operator,operator,,Thank you. And that does -- and that does conclude today's conference. [Operator signoff] Duration: 0 minutes
FY25_Q1,2025-03-12,prepared,Operator,operator,,"Good day, and welcome to the Q1 FY '25 Adobe earnings conference call. Today's conference is being recorded. At this time, I'd like to turn the conference over to Steve Day, SVP, DX, CFO and corporate finance, interim head of IR. Please go ahead, sir."
FY25_Q1,2025-03-12,prepared,Steve Day,mgmt,,"Good afternoon, and thank you for joining us. With me on the call today are Shantanu Narayen, Adobe's chair and CEO; David Wadhwani, president of digital Media; Anil Chakravarthy, president of digital experience; and Dan Durn, executive vice president and CFO. On this call, which is being recorded, we will discuss Adobe's first quarter fiscal year 2025 financial results. You can find our press release, as well as PDFs of our prepared remarks and financial results on Adobe's investor relations website. The information discussed on this call, including our financial targets and product plans, is as of today, March 12th, and contains forward-looking statements that involve risks, uncertainty, and assumptions. Actual results may differ materially from those set forth in these statements. For more information on those risks, please review today's earnings release and Adobe's SEC filings. On this call, we will discuss GAAP and non-GAAP financial measures. Our reported results include GAAP growth rates, as well as constant currency rates. During this presentation, Adobe's executives will refer to constant currency growth rates unless otherwise stated. Non-GAAP reconciliations are available in our earnings release and on Adobe's investor relations website. I will now turn the call over to Shantanu."
FY25_Q1,2025-03-12,prepared,Shantanu Narayen,mgmt,,"Thanks, Steve. Good afternoon, and thank you for joining us. Adobe had a record first quarter. We achieved $5.71 billion in revenue in Q1, representing 11% year-over-year growth. GAAP earnings per share for the quarter was $4.14, and non-GAAP earnings per share was $5.08, representing 13% year-over-year growth. Our performance reflects the ongoing critical role that Adobe products play in powering the global digital economy. In addition, given Q1 performance, we are pleased to reaffirm our fiscal '25 targets. Next week is Adobe Summit, our flagship Digital Experience Conference, where we will unveil the latest innovations across our portfolio. In addition, we will host our annual investor meeting on March 18th, and we wanted to preview what we will share about our growth strategy. Adobe's success over the past decade has been driven by the exponential growth of the creative economy and the customer-focused innovations we've delivered across Creative Cloud, Document Cloud, and Experience Cloud. Our groundbreaking solutions are empowering an ever-expanding universe of users to imagine, create, and deliver standout content that drives exceptional experiences. Adobe's mission to change the world through personalized digital experiences is more critical than ever as digital continues to rapidly transform work life, education, and entertainment. AI represents a generational opportunity to reimagine our technology platforms to serve an increasingly large and diverse customer universe. With creativity at the core, we have been evolving our offerings and routes to market to anticipate the distinct needs of creative professionals and next-generation creators, marketing professionals, agencies and enterprises, and the broader set of consumers and business professionals. We believe this will drive continued growth and profitability. Creative professionals and creators need power and precision to bring their ideas to life across any media type. The next generation of creators wants the flexibility of web and mobile tools in addition to the power of the desktop. They will benefit from the variety of AI models to ideate and explore creative possibilities. Adobe will serve this growing community with the most comprehensive set of web, mobile, and desktop applications delivered through various subscription tiers. In addition to Creative Cloud, we will offer new Firefly web app subscriptions that integrate and are an on-ramp for our web and mobile products. While Adobe's commercially safe Firefly models will be integral to this offering, we will support additional third-party models to be part of this creative process. The Firefly app will be the umbrella destination for new creative categories like ideation. We recently introduced and incorporated our new Firefly video model into this offering, adding to the already supported image, vector, and design models. In addition to monetizing stand-alone subscriptions for Firefly, we will introduce multiple Creative Cloud offerings that include Firefly tiering. Marketing professionals need to create an unprecedented volume of compelling content and optimize it to deliver personalized digital experiences across channels, including mobile applications, email, social media, and advertising platforms. They're looking for agility and self-service, as well as integrated workflows with their creative teams and agencies. To achieve this, enterprises require custom, commercially safe models and agents tailored to address the inefficiencies of the content supply chain. With Adobe GenStudio and Firefly Services, Adobe is transforming how brands and their agency partners collaborate on marketing campaigns, unlocking new levels of creativity, personalization, and efficiency. The combination of the Adobe Experience platform and apps and Adobe GenStudio is the most comprehensive marketing platform to deliver on this vision. In addition to our direct sales force, we will leverage an ecosystem of partners and agencies to sell, implement, operate, and deliver business outcomes to companies of all sizes. We have accelerated One Adobe deals by increasingly integrating our creative and marketing products into a single enterprise solution. We will continue to invest in sales capacity to deliver Adobewide offerings across business, education, and government. Business professionals and consumers want ease of use across web and mobile through a freemium model. They're looking for quick and easy AI-first category-defining creative applications to help them stand out. While the need for creative expression continues to grow exponentially, the real value is in integrating creativity and productivity in an all-in-one solution. The combination of Express and Acrobat is Adobe's opportunity to make the journey from document creation to consumption smoother than ever. AI Assistant in Acrobat Reader and Express will accelerate the delivery of new conversational and agentic interfaces to add value to this combined offering. Revenue growth will be driven by distribution across web and mobile app stores, partnerships with major software providers, and focus on SMB and enterprise sales. Our generative AI innovation is infused across the breadth of our products, and its impact is influencing billions of ARR across acquisition, retention, and value expansion as customers benefit from these new capabilities. This strength is also reflected in our AI-first stand-alone and add-on products such as Acrobat AI Assistant, Firefly App and Services, and GenStudio for Performance Marketing, which have already contributed greater than $125 million book of business exiting Q1 fiscal '25. And we expect this AI book of business to double by the end of fiscal '25. In summary, by leveraging the breadth of our products and technology platforms in the era of AI and delivering new tailored offerings and solutions by customer groups, we will drive the engine of growth for the next decade. We will win by focusing on business professionals and consumers and creative and marketing professionals with a unified product strategy and go-to-market. We will start to provide financial visibility in these 2 new groups starting this quarter and expand on this at our Investor Day at Summit next week. I'll now turn it over to David to discuss the momentum in our digital media business."
FY25_Q1,2025-03-12,prepared,David Wadhwani,mgmt,,"Thanks, Shantanu. Hello, everyone. In Q1, we achieved revenue of $4.23 billion, which grew 12% year over year. We exited the quarter with $17.63 billion of digital media ARR, growing our ending ARR book of business 12.6% year over year. We continue to see healthy performance in both Creative Cloud and Document Cloud. Creative growth was driven by broad-based adoption across our routes to market and product portfolio with particular strength in new offerings like Firefly Services, an increasing number of One Adobe deals and a growing base of web and mobile users. Document Cloud continued to see strong organic demand, continued optimizations in free to paid conversion journeys and AI Assistant being released in additional languages. We drove strong performance across digital media in emerging markets. The results represent a good start to the fiscal year. Creativity is going mainstream, and I want to provide more color on the audiences we serve. We live in a visual-first world where creative expression has become pervasive in every facet of life. Business professionals and consumers alike aim to produce visually rich, engaging content, whether it's a presentation, birthday invitation or social post. At the same time, creative professionals, creators, and marketers are competing on the quality of their online presence and the personalized experiences they deliver to customers. They turn to Document Cloud, Creative Cloud, and Experience Cloud to achieve their content goals. Going forward, as a result of AI advancements, we see incredible opportunity to serve customers with audience-specific offerings. Business professionals and consumers are increasingly benefiting from deep integration between Acrobat, Express, and Firefly while creative professionals, creators, and marketers are investing in powerful workflows across Creative Cloud, our new web and mobile creative applications, Firefly and GenStudio. PDF continues to be the global standard for digital documents for business professionals, and Adobe Acrobat is revolutionizing the way people engage with them across mobile, web, and desktop. Features like AI Assistant in Acrobat and Reader have been a game-hanger for everyone from sales teams to students looking for faster insights and smarter document editing. And the ability to share links and click comments has increased document productivity and helped drive additional adoption. These new capabilities and our cross-service investments have paid off with Acrobat and Reader monthly active usage growing 23% year over year. Our success with Acrobat has also shown us that whether for a sales presentation, a school project or a social media post, business professionals and consumers are looking for an easy-to-use solution that helps them create visually compelling content that stands out from the crowd of generic templates. In fact, a significant number of all documents created in Acrobat are visual documents, things like marketing content, sales pitches, presentations, infographics, and cover pages. We are making good progress in addressing this need by embedding Express capabilities as a native experience in Acrobat with the goal of boosting productivity and making the journey from document consumption to content creation smoother than ever. The integration of Adobe Express features in Acrobat allows users to create richer PDFs with AI-generated cover pages, embedded infographics, and customized images and empowers users to create fully formed animated videos and other rich digital output. We see numerous early indicators of user demand as express usage through Acrobat has grown 10x year over year. Other highlights for business professionals and consumers include Acrobat AI Assistant support for languages now includes English, French, German, Italian, Portuguese, Spanish, and Japanese. Acrobat AI Assistant support for legal workflows with contract-specific features. New AI capabilities in Express like clip maker for auto generation of video highlights and text rewrite to help produce more effective copy. Expanded Acrobat integrations with Microsoft Edge, Google Chrome, Gmail, and Google Drive and strong adoption of link sharing for richer collaborative experiences have led to approximately 50% year-over-year growth in Acrobat web monthly active usage. Expanded Express integrations now include Miro, Box, Slack, Webflow, and HubSpot. The Express ecosystem also expanded to 225 plug-ins, more than doubling in the last year. Strong business and student adoption, Express onboarded nearly 6,000 new businesses in Q1, representing approximately 50% quarter-over-quarter growth. Students with access to express premium grew 85% year over year. Key global customer wins include AT&T, Delta Airlines, Disney, Ernst and Young, IBM, JPMorgan Chase, Microsoft, Paramount, and Qatar Airlines. Creative professionals and the next generation of creators who make their living by designing and producing content are focused on standing out and bringing their unique creative visions to life with pixel-perfect precision. As we mark the 35th anniversary of Photoshop, Adobe Creative applications remain the solutions of choice for the world's creative professionals across imaging, design, photography, video, illustration, and 3D. We also see increasing demand from the next generation of creators who are looking for freemium web and mobile applications as they begin their creative journeys. To better serve these users, we launched a new Photoshop mobile app and an expanded web experience, delivering Photoshop's iconic image editing and design capabilities on the iPhone. The mobile app and all new web experience are also included in current Photoshop plans, offering established Photoshop customers a flexible ecosystem to create and edit across surfaces. The launch garnered over 30 million social engagements in just two weeks. The release of the Adobe FireFly video model in February, a commercially safe generative AI video model, has been very positively received by brands and creative professionals who have already started using it to create production-ready content. Users can generate video clips from a text prompt or image, use camera angles to control shots, create distinct scenes with 3D sketches, craft atmospheric elements, and develop custom motion design elements. We're thrilled to see creative professionals and enterprises and agencies, including Dentsu, PepsiCo, and Stagwell finding success with the video model. Additionally, we recently launched an all-new Firefly application, the most comprehensive destination to generate images, vectors, and now videos with unmatched creative control and direct integration with our industry-leading creative apps to seamlessly move from ideation to production. In addition to generating images, videos, and designs from text, the app lets you generate videos from keyframes, use 3D designs to precisely direct generations, and translate audio and video into multiple languages. We also launched two new plans as part of this release, Firefly Standard and Firefly Pro and began the rollout of our third plan, Firefly Premium yesterday. User engagement has been strong with over 90% of paid users generating videos. The launch of Photoshop on web and mobile and the release of the new Firefly application expands our growing family of web and mobile products, which now includes Photoshop for creative imaging, Lightroom for photography, Express for Design, and Firefly for ideation and early production. These apps serve as value-added capabilities to our existing paid subscribers and as a frictionless freemium onboarding experience to attract and monetize next-generation creators. We're delighted with the early interest in these new offerings. Other creative professional and creator highlights include, continued strong adoption of GenAI in our products with Photoshop GenAI monthly active users at approximately 35% and Lightroom GenAI monthly active users at 30%. Users have generated over 20 billion assets with Firefly. The introduction of new features in Premier Pro beta and After Effects beta are helping editors and motion designers stay ahead of deadlines with AI features like Media Intelligence, which helps users find footage faster using natural language and caption translation for 17 languages, which effortlessly expand video to global audiences. We're honored to see visionary filmmakers around the world telling the season's most acclaimed stories using Adobe Creative applications, including Academy Award winners, Anora and Dune: Part Two. The launch of Adaptive profiles and distraction removal in Adobe Lightroom and Adobe Camera raw, which reduced tedious and repetitive tasks. Max Japan brought our community together and served as an opportunity for us to launch a number of new innovations, including performance improvements in Adobe Illustrator, which accelerate features like pan and zoom and loading large files up to 10x faster. We had another great quarter in the enterprise with more customers turning to Firefly Services and custom models to scale on-brand content production for marketing use cases, including leading brands such as Deloitte Digital, IBM, IPG Health, Mattel, and Tapestry. Tapestry, for example, has implemented a new and highly productive digital twin workflow using custom models in Firefly. You'll hear more on how the combination of creativity and marketing is powering personalization at scale and enterprises. Adobe is incredibly well set up to take advantage of AI across creativity. We're rapidly delivering tailored innovations to serve the full continuum of content creation for business professionals and consumers, creative professionals and creators, and marketing professionals. Our expanding breadth of offerings is reaching a broader universe of customers, and our incredible go-to-market strength and proven data-driven operating model are propelling the growth of both flagship and new offerings. We will be unveiling more exciting product capabilities at Adobe Summit and MAXLondon in April. I'll now pass it to Anil."
FY25_Q1,2025-03-12,prepared,Anil S. Chakravarthy,mgmt,,"Thanks, David. Hello, everyone. Experience Cloud had a strong Q1, achieving revenue of $1.41 billion for the quarter. Subscription revenue in the quarter was $1.3 billion, representing 11% year-over-year growth. Our leading solutions spanning content, data, and customer journeys enable enterprises around the world to deliver personalized experiences at scale, helping customers drive both top-line growth and productivity gains. In Q1, we delivered typical seasonal bookings and advanced our pipeline as enterprise customers initiated the execution of their critical 2025 priorities. Adobe Experience Platform and Apps play a pivotal role in enabling unified customer experiences. With the addition of AEP AI Assistant, we extended the value and impact of Experience platform by empowering more functions across the business with conversational interfaces for data ingestion, insight generation, audience segmentation, and experience delivery. We're now building on these advances and expanding AEP to enable intelligent orchestration of customer experiences with AI agents natively built in. We're empowering customers to make better use of their first-party data and to drive more relevant ad experiences based on direct customer relationships. Our portfolio spans the entire content supply chain from creation and production, workflow and planning, asset management, delivery, and activation through to reporting and insights. Now we're bringing together creativity and marketing with AI to help our customers realize the full potential of personalization at scale. Up to now, marketing professionals have been constrained by the number of content variations they can create and the number of journeys they can deploy. With Adobe GenStudio, brands around the globe have been working with Adobe to bring creative and marketing teams closer together, simplify their creation to activation process, and unlock new levels of creativity, insights, and efficiency in marketing campaigns. Other highlights include, strong demand for Adobe Experience Platform and native applications with Q1 subscription revenue growing nearly 50% year on year; of real-time CDP collaboration, delivering a secure environment for advertisers and publishers to jointly discover, activate, and measure high-value audiences for more relevant campaigns. Built on AEP, real-time CDP collaboration is purpose-built for brands to connect and collaborate on first-party data. Users can now measure ad effectiveness directly with publishers, including NBC Universal and Warner Bros. Discovery. Advertisers and agencies, including Alterra Mountain Company, WaveMaker, Major League Baseball, and the Coca-Cola Company piloted the solution to deliver personalized and performance ads. Launch of the AEM Cloud Service accelerator with Publicis Sapient, which can reduce the labor cost of migration up to 35%. Industry analyst recognition in major analyst reports, including the Gartner Magic Quadrant for Digital Experience Platforms and Gartner Magic Quadrant for Personalization Engines. Strong demand for Firefly Services and custom models as part of the GenStudio solution with over 1,400 custom models since launch. GenStudio for performance marketing wins at leading brands, including AT&T, Lennar, Lenovo, Lumen, Nebraska Furniture Mart, Red Hat, Thai Airways, and Phoenix. Strong partnership momentum with GenStudio for Performance Marketing supporting ad creation and activation for Google, Meta, Microsoft Ads, Snap and several partners, including Accenture, EY, IPG, Merkel, and PwC offering vertical extension apps. Partnership with Dentsu to bring GenAI for playground to production for our joint customers with Adobe GenStudio Dentsu Plus. Key global customer wins, including Delta Airlines, Ford, IBM, Microsoft, PNC Financial Services, and Tyson Foods. These customer wins address the ongoing evolution of the requirements of global brands for an integrated workflow spanning creativity and marketing. This success is driven by product integration and innovation across Creative Cloud and Experience Cloud increasingly delivered through Adobe GenStudio. Our One Adobe enterprise go-to-market engine enables customers to deliver personalized and on-brand content at scale. The combination of our integrated enterprise solutions across creativity and marketing is a unique strength for Adobe. Next week, we are excited to host Adobe Summit, our flagship Digital Experience Conference in Las Vegas, where we'll be joined by thousands of customers, partners, and developers from around the world. We will share our vision for how brands can apply the power of generative AI and agentic technology to achieve personalization at scale, and look forward to highlighting a number of product innovations. I'll now pass it to Dan."
FY25_Q1,2025-03-12,prepared,Daniel J. Durn,mgmt,,"Thanks, Anil. Adobe's business has grown over the last decade by delivering world-class products grouped within three clouds: Creative Cloud, Document Cloud, and Experience Cloud. In parallel, we've continued to expand across cloud offerings to better serve different customer groups. Examples include Acrobat, which is reflected in Creative Cloud and Document Cloud; GenStudio, which includes Creative Cloud, Express, Firefly Services, and Experience Cloud. Enterprises who want to engage with One Adobe in combined creative seats with marketing automation. And increasingly, Acrobat, and Express. We believe Adobe's success will be driven by innovation in service of both business professionals and consumers and creative and marketing professionals. Reporting insights and the financial performance across these customer groups will provide a clear view of Adobe's execution against our strategy. We will, therefore, provide overall Adobe revenue, digital media and digital experience segment revenue; digital experience subscription revenue and digital media ending ARR in aggregate rather than by cloud, as well as subscription revenue for business professionals and consumers and creative and marketing professionals. Subscription revenue provided will primarily include revenue from SaaS, managed services, and term offerings. Business professionals and consumers group will consist of all subscription revenue from Document Cloud, Acrobat subscription revenue in Creative Cloud and Adobe Express subscription revenue in Creative Cloud, all of which are a part of digital media. Creative and marketing professionals group will consist of all subscription revenue from digital experience, as well as all of the remaining subscription revenue from Creative Cloud in digital media. In today's call, I'll cover three main areas: our Q1 FY '25 results focusing on key growth drivers, financial targets, and our supplemental disclosures. Now turning to the quarter. In the first quarter of FY '25, Adobe achieved revenue of $5.71 billion, which represents 10% year-over-year growth or 11% in constant currency. GAAP diluted earnings per share in Q1 was $4.14 and non-GAAP diluted earnings per share was $5.08. Q1 business and financial highlights included, digital media revenue of $4.23 billion, digital media ending ARR of $17.63 billion, growing 12.6% year over year. Digital experience revenue of $1.41 billion, cash flows from operations of $2.48 billion. And exiting the quarter, remaining performance obligations were $19.69 billion, growing 12% year over year, and CRPO growing 11%. In our digital media segment, we achieved Q1 revenue of $4.23 billion, which represents 11% year-over-year growth or 12% in constant currency. We exited the quarter with $17.63 billion of digital media ARR, growing our ending ARR book of business 12.6% year over year in constant currency. First quarter digital media growth drivers included: strong growth for Acrobat across all routes to market and geographies; Acrobat web and mobile growth driven by freemium funnel and app store optimizations; growth in Adobe Express, fueled by top-of-funnel improvements, PLG journeys across Acrobat and Express and B2B customer onboarding. Strength in user adoption and engagement of Acrobat AI Assistant driven by expansion of features, including support for additional languages and contract intelligence capabilities. Growth of creative flagship offerings driven by all apps, stock, imaging and photography. Continued momentum in creative web and mobile offerings with 35% year over year ending paid subscription growth, and strong momentum in the enterprise, driven by Firefly Services and the continued benefit from the upsell motion of generative AI-enabled offerings. Turning to our digital experience segment. In Q1, we achieved revenue of $1.41 billion, which represents 10% year-over-year growth as reported and in constant currency. Digital experience subscription revenue was $1.30 billion, growing 11% year over year as reported and in constant currency. First quarter digital experience growth drivers included: momentum for product offerings across content, data and journeys; AEP and app subscription revenue growing nearly 50% year on year. GenStudio Solutions surpassing $1 billion in ending ARR book of business, early momentum in GenStudio for Performance Marketing and adoption and pipeline and improvements in overall enterprise retention. Turning now to our customer group performance. Creative and marketing professionals group subscription revenue was $3.92 billion, which represents 10% year-over-year growth as reported. Business professionals and consumers group subscription revenue was $1.53 billion, which represents 15% year-over-year growth as reported. Adobe's effective tax rate in Q1 was 17% on a GAAP basis and 18.5% on a non-GAAP basis. RPO exiting the quarter was $19.69 billion, growing 12% year over year or 13% in constant currency, and CRPO growing 11% year over year or 12% in constant currency. Our cash flows from operations in the quarter were a Q1 record $2.48 billion, and ending cash and short-term investment position exiting Q1 was $7.44 billion. In Q1, we entered into share repurchase agreements totaling $3.25 billion, and we currently have $14.4 billion remaining of our $25 billion authorization granted in March 2024. Let me now turn to our Q2 FY '25 financial targets. For Q2 FY '25, we're targeting: total Adobe revenue of $5.77 billion to $5.82 billion; digital media segment revenue of $4.27 billion to $4.30 billion; digital experience segment revenue of $1.43 billion to $1.45 billion; digital experience subscription revenue of $1.315 billion to $1.325 billion; GAAP earnings per share of $3.80 to $3.85; and non-GAAP earnings per share of $4.95 to $5. For Q2, we expect non-GAAP operating margin of approximately 45% and a non-GAAP tax rate of approximately 18.5%. The year is off to a good start and assuming current macroeconomic conditions, I'm pleased to reaffirm our full year guidance for fiscal year 2025. This quarter's strong performance reflects Adobe's long-standing focus on innovation and meeting the growing needs of our broad customer base. As businesses increasingly prioritize digital transformation, we're uniquely positioned to deliver value through our highly differentiated solutions and proven go-to-market execution to unleash the power of creativity. Looking ahead, we're excited about the opportunities to drive growth for our customers as we continue to shape the future in the era of AI. We look forward to seeing you next week at our investor meeting at Summit 2025. Thank you, and we'll now take questions. Operator?"
FY25_Q1,2025-03-12,qa,Operator,operator,,Thank you. [Operator instructions] The first question will come from Brent Thill with Jefferies.
FY25_Q1,2025-03-12,qa,Brent Thill,analyst,,"Good afternoon. Shantanu, if you took the AI book of business, it would be low single-digit percent of your total revenue for the year. I guess many are asking, when does this become more material? How long does it take? What is required? Maybe just help us walk through the AI journey and how that translates to revenue."
FY25_Q1,2025-03-12,qa,Shantanu Narayen,mgmt,,"Happy to, Brent. If you take a step back and think about it, we've always talked about the AI journey as three parts. The first is ensuring that we innovate. The second is all about tracking usage and ensuring value and monetization. And I would say we're really pleased across all three of those journeys as we've had conversations with you folks as well in the past. A significant amount of the AI monetization is also happening in terms of attracting people to our subscription, making sure they are retained and having them drive higher-value price SKUs. So, when somebody buys Creative Cloud or when somebody buys Document Cloud, in effect, they are actually monetizing AI. But in addition to that, Brent, what we wanted to do was give you a flavor for the new stand-alone products that we have when we've talked about introducing Acrobat AI Assistant and rolling that out in different languages, Firefly, and making sure that we have a new subscription model associated with that on the web, Firefly Services for the enterprise and GenStudio. So, the $125 million book of business that we talked about exiting Q1 only relates to that new book of business. And that's, again, stuff that we said we would double. But I think in terms of the impact also on the overall business, that has had a material part. But if you play this out a little bit more and you talk about what investors can expect, I think with the new Firefly app that's come out, this is a web product with a new subscription, ability to have the video model, ability to have ideation as part of it. Think of it as then integrating Photoshop web, Express web, and all of the other products, all of that is also upside. And you'll see a lot more innovation in that area and you'll see a lot more monetization in that area. And again, the last thing I'll probably say, Brent, is that the whole idea was to start to tee it up, and then again at the FA meeting, to continue to expand on how that is. But net-net, I would say, whether it's innovation, having our own models, integrating it across all of our products, brand new revenue streams like GenStudio in the enterprise and then usage and monetization, I feel really good about it."
FY25_Q1,2025-03-12,qa,Brent Thill,analyst,,"Great. Thanks, Shantanu."
FY25_Q1,2025-03-12,qa,Operator,operator,,And the next question will come from Brent Bracelin with Piper Sandler.
FY25_Q1,2025-03-12,qa,Brent Bracelin,analyst,,"Hi, thanks for taking the question. Good afternoon. I wanted to double-click into the demand linearity you saw in the quarter. I appreciate the commentary reaffirming 11% digital media ARR growth guide for the full year. But could you provide more color on trends you saw in the quarter across Creative and Document Cloud here? Thanks."
FY25_Q1,2025-03-12,qa,David Wadhwani,mgmt,,"Yeah, happy to do that. So, again, just digital media ARR was a 12.6% growth, which is in line with our expectation and also the mix was in line with our expectations. If you take a step back and you look at the demand and sort of the way the business played out this quarter, it's consistent with what we've seen historically, and we've seen sort of a broad-based demand for the products with a few highlights that I think are worth calling out. First of all, as it comes to business professionals and consumers, this is obviously a huge market with billions of users that we're going after. And our strategy here is to really make sure that productivity that we deliver a solution for productivity from consumption all the way to creation and that's really what we're doing with Acrobat and Express. We saw a lot of momentum in these businesses. We talked about how Acrobat is up 23% year over year in terms of monthly active users. We're seeing stronger conversion on those users, and that's been helping drive the business. AI Assistant, obviously, we introduced that last year, continues to do very well and it's certainly helping with that strategy of faster consumption and conversational experiences. We saw 2x quarter-over-quarter usage growth in AI Assistant. And of course, in that context, Express has been a great product. The product right now is just -- it's an amazing product to use. And so, that also, we've been investing in very significantly. From a marketing standpoint but also from a partnership standpoint, we've doubled the partner ecosystem in the last year. It now includes new names like Miro and Box and Webflow and HubSpot. We have 85% more access -- 85% year-over-year growth in students with access to it. We've been ramping up our student and campus ambassador programs. We added 6,000 new small, medium businesses to the Express product as well. And even within Acrobat, where we've been doing more -- we're seeing much more demand. We saw a 10x year-over-year engagement of Express capabilities from Acrobat users. So, feeling really good about that audience group. On the Creative pro and creator side, Shantanu mentioned this already, but the introduction of the Firefly video model being used by PNC and Pepsi and Dentsu and PepsiCo and Stagwell, Firefly new offerings from Standard to Pro. And just yesterday, we introduced Premium, which is a much larger set of generative credits and all of those represent new monetization models. We introduced Photoshop mobile and web. We saw hundreds of articles, 30 million social engagements. We were just listed as the focused app on the App Store over the weekend. We saw some great new advances for AI coming into Lightroom web and mobile. Premier also saw some great advances in terms of AI. So, lots of momentum in that business. And what's really exciting is that as we've done all of this innovation, as Shantanu was talking about, we also have three big milestones coming up with Summit next week then NAB shortly after that, then MAXLondon shortly after that. And this is starting to show up. Obviously, we've talked about generation as we crossed 20 billion generations. We're doing more than 1 billion generations now a month and 90% of people using Firefly the app also saw -- are generating video, as well as part of that. But we also saw a strong growth in the enterprise. I don't know, Anil, if you want to add something."
FY25_Q1,2025-03-12,qa,Anil S. Chakravarthy,mgmt,,"Yeah, exactly. To just echo what you were saying, I think in the enterprise, we see a lot of demand for creativity and marketing and AI coming together. Every CMO that we talk to, every agency that we work with, they're all very interested in how generative AI can be used to transform how the content supply chain works. And with the GenStudio offering, which combines the creativity and the marketing and the AI, we've seen tremendous traction and we saw a number of both customer wins, as well as a number of agency partners, and we look forward to unveiling a lot more of this at Summit."
FY25_Q1,2025-03-12,qa,David Wadhwani,mgmt,,"So, off to a great start, I think, with innovation, new offerings and you can expect to see new offerings and peers in the months ahead."
FY25_Q1,2025-03-12,qa,Brent Bracelin,analyst,,Helpful. Look forward to talking to you next week. Thanks.
FY25_Q1,2025-03-12,qa,Operator,operator,,And the next question will come from Keith Weiss with Morgan Stanley.
FY25_Q1,2025-03-12,qa,Keith Weiss,analyst,,"Excellent. Thank you guys for taking the question And thank you for the additional disclosure. I think it's a really interesting view kind of breaking down the creative and marketing professionals versus the business professionals and consumer group. And kind of following on that last question, correct me if I'm wrong, but it feels kind of bullish to me that the business professionals and consumer group has a stronger growth rate, creative at 15% creative, and marketing professionals a little bit behind because it feels like business professionals and consumer group, those products would be faster sales cycle, particularly on the consumer side of the equation, faster adoption. The creative and marketing professionals, this broader solution that you're trying to sell would have a longer sales cycle. So, the question is, am I thinking about that right? And are you seeing any indications that, that creative and marketing professional group, whether it's in your pipeline or sort of the activity you're seeing, could that catch up with what we're seeing from the business professionals and consumer group?"
FY25_Q1,2025-03-12,qa,Shantanu Narayen,mgmt,,"Well, Keith, I mean, part of our goal was really to start to provide insight into by the customer groups, how we're starting to see it. And to some degree, when people are wondering how we are actually driving creative, and the reality is that when you think about the GenStudio set of products, which we now said is a $1 billion book of business, AEP and Apps is also a $1 billion book of business and the creative professional, that's actually addressing the entire content supply chain. And so, in terms of that growth rate, as we add new subscriptions like the Firefly app subscription, add more video, add more functionality in what we are doing with GenStudio, that growth rate as well, it's a very large untapped opportunity and people have been asking us questions about the strength of the creative market, as well as the strength of that market within the enterprise. And we think that's a large TAM, we'll share more. So, I think you're thinking of it right, which is to say the $5 billion book of business that we built for digital marketing, that's really helping the content and the creative economy. And so, that was the idea behind giving you a window into that. And the metrics associated with that are subscription and different kinds of offerings. On the other side of the equation as well, to your point, what we wanted to do is reflect the fact that the investments that we made in both Acrobat and Express continuing to ensure distribution when we think about the monthly average users. If you take it in aggregate, I mean, Adobe has hundreds of millions of people who are using monthly -- are using our products. And that will be really the early metrics and the indicators of how Express and Acrobat continue to grow. So, I'm glad that you found the additional disclosure beneficial. And that was the idea. And to Brent's earlier question as well, I just wanted to clarify. I mean, we are not taking all of the revenue that we see in digital media and digital experience and calling that AI revenue. But relative to what I've seen from any other company in our particular space, we've actually been pleased by how much of it, whether it's additional tiers of AI in the digital experience, so what we are seeing across Acrobat, as well as the creative professional space, there's been good adoption of AI in that. And so, that was the other intent, to start to show that so that we can talk about it more at the FA meeting."
FY25_Q1,2025-03-12,qa,Keith Weiss,analyst,,"Outstanding. Can I sneak one last one in for Mr. Durn? It's great to see you guys take advantage of the pullback in the stock price by accelerating the share repurchase which picked up this quarter. Could this pace of share repurchases, can you guys sustain this throughout the year, or is that more of a one-time pickup?"
FY25_Q1,2025-03-12,qa,Daniel J. Durn,mgmt,,"Yeah. So, if I take a step back, Keith, and you think about the last four quarters, we've repurchased almost $11 billion. And we've always talked about if there's opportunities to be opportunistic along the way, we would take advantage of it. And I think that's what you saw play out in Q1. We've got a strong point of view about the financial profile throughout the course of the year. Happy to reaffirm guidance, but we're going to drive that with strong operating margins, strong cash flow delivery, and be strong capital allocators throughout the year. So, we feel good about where we sit. And if there's opportunities to be opportunistic, we will."
FY25_Q1,2025-03-12,qa,Shantanu Narayen,mgmt,,"Keith, it's definitely a vote of confidence that we feel in what we are seeing as the opportunities ahead of us."
FY25_Q1,2025-03-12,qa,Keith Weiss,analyst,,Yeah. It's great to see you guys putting your money where your mouth is by accelerating that share repurchase. It definitely helps.
FY25_Q1,2025-03-12,qa,Operator,operator,,And the next question will come from Kash Rangan with Goldman Sachs.
FY25_Q1,2025-03-12,qa,Kash Rangan,analyst,,"Hi. Thank you very much. Much appreciate the disclosure and the color and everything that goes with it. Shantanu, question for you. When you pivoted the company to a new business model through cloud, initially, there was a lot of skepticism. Then you proved to us that the TAM was actually larger in the new creative meets the cloud cycle. And the company was able to accelerate through the transition and put up even better margins and by expanding the TAM necessarily. So, as you look at AI right now, right now, one bearish argument that one could make, which I don't subscribe to, is that you're playing defense and that AI is a cost of staying in business and keeping yourself relevant to your creative base. But how do you look, since you've been through this one big shift before, you've got a lot of experience, where is your conviction on how truly incremental AI can be for your growth? Could you be at a similar juncture where you're poised to get into the next cycle is actually bigger TAM, not to put words in your mouth, but even maybe dare I say the potential to accelerate off of the good growth that we've seen so far? Thank you so much."
FY25_Q1,2025-03-12,qa,Shantanu Narayen,mgmt,,"Well, Kash, what I appreciate about the question is, this is what we wanted to really tee up in front of the FA meeting. But without a doubt, as David described, the opportunity for the business professional and consumers, I think you'll start to see and we'll share more at the FA meeting that there are billions of people that we can bring into the fold for creativity and productivity and talk more about how we're, with the distribution that we have and with the monthly average users that we have, monetize that much like we've monetized Acrobat. And we definitely believe that it's a massive, massive opportunity. I think it's the same thing across creators. There are more creators that are entering. And again, I'll preview a little bit of what David will share, which is when you think about the web and mobile offerings that we're providing to attract more people to our platform as creative professionals and next-generation creators, the number of people who want to enter that profession is significantly larger than it's ever been. And so, with products like Photoshop on web and mobile, as well as Firefly app, that's clearly the intent to show how that as a subscription service and attracting the next generation creators will be a tailwind. And then when you put this together in the enterprise, I mean, hopefully, what you also see as part of the additional disclosures is that the enterprise has continued to be a material part of our business and material part of our growth because they are, in order to do personalization at scale, as Anil is talking about, there's going to be more content that's produced. There's going to be more content that's actually inserted into ad systems and social media. And so, again, I think setting the stage for how that's a larger opportunity. But if you look at it from not just the length of we were marketing but look at the lens of, hey, that's a content business for us in the enterprise. We will again outline how that is only going to be a growing opportunity. So, no question in my mind, all three of these are actually going to accelerate in terms of the TAM and then we have to innovate and execute against that. So, I am more excited about the larger opportunity without a doubt as a result of AI. And we've talked about this, Kash. If you don't take advantage of AI, it's a disruption. In our particular case, the intent is clearly to show how it's a tailwind."
FY25_Q1,2025-03-12,qa,Kash Rangan,analyst,,"Excellent. And one follow-up and very quick, promise if I can. With the turbulence in the markets with trade wars, etc., tariffs, etc., how do you feel your customer base is going to behave? Is everything going to be on track from what you can tell by talking to your customers? Or are they kind of perplexed by what's going on and pausing? Thank you so much and that's it for me."
FY25_Q1,2025-03-12,qa,Shantanu Narayen,mgmt,,"Well, I mean, I think we just sort of said, assuming current macroeconomic conditions, I mean, we have a diverse business. We're off to a good start in the conversations that we are having. And all of us have conversations with all of our other peers. And I think we have a seasoned management team that will navigate it. But customers, I think we're all jointly trying to understand what happens in the economy. But the tariffs, etc., don't really impact Adobe the way they impact other businesses. And so, we are optimistic."
FY25_Q1,2025-03-12,qa,Kash Rangan,analyst,,Thank you so much.
FY25_Q1,2025-03-12,qa,Shantanu Narayen,mgmt,,Thank you.
FY25_Q1,2025-03-12,qa,Operator,operator,,And the next question will come from Mark Moerdler with Bernstein Research.
FY25_Q1,2025-03-12,qa,Mark Moerdler,analyst,,"Thank you very much. Dan, can you give us more color on why you're changing the categorization of revenue, removing the historical Document Cloud and Creative Cloud? Is this driven by the One Adobe sales motion? Is Express now sold predominantly with Document Cloud? How should we think about the drivers? Thank you."
FY25_Q1,2025-03-12,qa,Daniel J. Durn,mgmt,,"Yeah, so thanks for the question, Mark. As we laid it out, we talked about increasingly driving cross-cloud offerings. We're already doing it today. We're going to be doing more of it going forward. And as you look at individuals increasingly buying offerings, as you look at enterprises increasingly buying solutions and bringing different parts of our portfolio together to meet their highest value needs around these two groupings of the customers, it really is meant to just draw a highlight to our strategy and how we're executing against that strategy. On a go-forward basis, our success is going to be driven by the way we innovate into the intersection of productivity and creativity, into the intersection of creativity and marketing. And those intersections are highlighted by these two groupings of customers. And so, the intent around this is to really bring to life how we're driving our strategy, how we're executing against it provides the best insight in how the company is performing on a go-forward basis."
FY25_Q1,2025-03-12,qa,Shantanu Narayen,mgmt,,"And Mark, at least two specific things that we've heard as feedback from all of you folks are, you understand that there's an Acrobat within the Creative Cloud and Document Cloud. This pulls out the business in order to show the momentum and the opportunity in that business. And to your question about One Adobe, yes, I mean, the GenStudio solution is, without a doubt, taking seats of products like Photoshop or the Creative Cloud, is adding Express in it for every marketer in there. We have Firefly Services and custom models. And so, the more we sell that as one enterprise offering and we want to accelerate the sale of that as a strategic partnership, that's now also all reflected in one of those revenue slices. So, we believe that the additional disclosure will also give you more visibility into routes to market."
FY25_Q1,2025-03-12,qa,Mark Moerdler,analyst,,That makes a lot of sense. And one quick other one. Should we expect the disclosure on the AI ARR something that we'll be getting quarterly or periodically updated? Thank you.
FY25_Q1,2025-03-12,qa,Shantanu Narayen,mgmt,,Periodically.
FY25_Q1,2025-03-12,qa,Operator,operator,,And the next question will come from Alex Zukin with Wolfe Research.
FY25_Q1,2025-03-12,qa,Alex Zukin,analyst,,"Hey, thanks guys for taking the question. And I will join the chorus of those commenting positively on some of the new numbers, particularly the AI book of business. And that's where I wanted to ask the question. Basically, look, you're going to give us a number, we're going to ask for more. So, in that spirit, if you look at the $125 million and you think about the segmentation between Assistant, Firefly, GenStudio, is there any triangulation around maybe how much -- what the percentages of for the breakout of those and maybe stack rank the growth rates that are going to get you to double that by the end of the year? And then kind of similarly, if you think about if that $125 million is impacting or where the tailwinds are more toward the creative and marketing professional or the business professionals?"
FY25_Q1,2025-03-12,qa,David Wadhwani,mgmt,,"Yeah. Great question, Alex. So, first of all, if you look at the mix of these things, AI Assistant has been around for about three quarters or four quarters now. Firefly Service has been around for about four quarters as well. GenStudio was introduced late in Q4 of last year. So, that gives you a little bit of a sense that the composition is going to sort of like be based on the tenure of these products in the market. But if we take a step back and you look at the growth trajectory, again, we're talking $195 million -- sorry, $125 million doubling in the next nine months. It gives you a sense of the scale of these businesses and really the momentum that's in the business. And when you look at it, the core innovation that Shantanu talked about led to a lot of utilization. And now we're starting to get to a point where we can monetize it. For Firefly, we have imaging, vector, design, video, voice, video, and voice coming out just a couple of weeks ago, off to a good start. I know there have been some questions about how important is commercially safety of the models. They're very important. A lot of enterprises are turning to them for the quality, the breadth but also the commercial safety, the creative control that we give them around being able to really match structure, style, set keyframes for precise video generation, 3D to image, image to video. The inclusion also, on a road map, and we'll share more about this next week of third-party models really establishes us as the one-stop shop for anything you need to do with creativity. And then when you ladder that into a Firefly stand-alone offer with multiple tiers with Standard, Premium, and Pro, when you look at that integrated into Creative Cloud, you could imagine further tiering there. When you look at the work that we're doing in conjunction with Anil's team around GenStudio and making sure all of these models and this entire platform, including third-party models are exposed within our GenStudio offer, what it's really doing is it's evolving away from the conversation being about the model to the conversation being about the workflows and the integration and the application tier and the agent-based things that we'll be talking to you more about. And that really plays to our differentiation, our strength, and our audiences that we serve. And that's why you see the bullishness of that $125 million doubling in the next nine months."
FY25_Q1,2025-03-12,qa,Shantanu Narayen,mgmt,,"Yeah. I'm glad that you find the sort of information useful. I'll give you a little bit more color as well on that. Remember, with Acrobat, we have AI Assistant that's separate, so this is only the separate Acrobat AI Assistant. So, the majority of that revenue is actually Creative because as we can continue to put the AI Assistant as part of an Acrobat SKU. We would not count that if that came as part of an Acrobat Premium SKU. So, color-wise so far, creative actually represents the majority of that. But as you know, the Acrobat business is doing great."
FY25_Q1,2025-03-12,qa,Alex Zukin,analyst,,"That's very, very helpful. I guess maybe just to follow along there. You've seen -- or we've seen a lot of consolidation start to happen within the AI realm where the model companies or the agent even emerging the agentic companies. Maybe just remind us on how you're thinking about your approach toward organic versus inorganic innovation here, given just the plethora of functionality that you're releasing across the board."
FY25_Q1,2025-03-12,qa,Shantanu Narayen,mgmt,,"As it relates to the core creative models, we will have our commercially safe, as David said, Alex, and so within Firefly as an application and within each of our product integrations and Photoshop, etc., expect Firefly. We've also signaled and we've shown how we would support third-party models associated with that. And so, whether it's a custom model that we create for one of our enterprise customers, I think if you look at it, there have been a couple of articles this week about how whether it's Estee Lauder, who is going to be building their models built on ours and leveraging it or a company like Publicis that's going to be taking these models. So, our core imaging video franchise, we'll have our models as it relates to text, we have support for other third-party models. And so, I think it's a very practical and it's the right one, and we'll support all of the creative third-party models that people want to support, whether it's a custom model we create for them or whether it's any other third-party model within Firefly as an app and within Photoshop, you're going to see support for that as well. And so, think of it as we are the way in which those models actually deliver value to a user. And so, it's actually just like we did with Photoshop plug-ins in the past, you're going to see those models supported within our flagship applications. Hopefully, that gives you a sense."
FY25_Q1,2025-03-12,qa,Operator,operator,,And the next question will come from Mark Murphy with J.P. Morgan.
FY25_Q1,2025-03-12,qa,Mark Murphy,analyst,,Thank you very much. I was wondering if you can just comment on what you're sensing fundamentally in terms of advertising activity and consumer spending trends in the wake of some very choppy results from multiple airlines the last several days and multiple retailers. What is giving you the resilience to reaffirm the FY '25 guidance when some of those are really huge sectors of the economy and they seem to be encountering some turbulence? I'm just wondering if there -- you basically see them continuing to create and market and advertise despite this environment.
FY25_Q1,2025-03-12,qa,Shantanu Narayen,mgmt,,"I think at the end of the day, Mark, we just believe that digital is going to continue to be a fundamental part of the economy and the importance is going to continue. I mean, there isn't a single company that I've talked to that doesn't say digital. To your point, as other companies view macroeconomic conditions that may be particular to them, onuses on every company that's serving them with technology to demonstrate how the technology helps, whether it's the top line or the efficiency. But whether it's top-line growth or efficiency or both, they're not going to go out of style as it relates to any enterprise saying, how can I use technology to accomplish my objectives?"
FY25_Q1,2025-03-12,qa,Mark Murphy,analyst,,"OK. I appreciate that, Shantanu. As a very quick follow-up on Alex's question, with the ARR, the $125 million ARR doubling in the next nine months, do you think it's going to be the same composition, or is something going to be coming in from the video models that might change the mix there in the next nine months?"
FY25_Q1,2025-03-12,qa,Shantanu Narayen,mgmt,,"The video model is part of the creative Firefly app that will be part of this. I think a lot of these great questions, Mark, I mean, at the FA meeting, we'll try and give more color, as well as to what we are seeing. But we wanted to at least start to outline what products were in there, the growth rates that we expect, and how we're executing on, as I said, the innovation, usage, understanding, and offering these as monetization. So, we'll also, I know, keep a track of the ongoing questions and address them at the FA meeting as well, Mark."
FY25_Q1,2025-03-12,qa,Mark Murphy,analyst,,"OK, great."
FY25_Q1,2025-03-12,qa,Operator,operator,,And our last question will come from Saket Kalia with Barclays.
FY25_Q1,2025-03-12,qa,Saket Kalia,analyst,,"Hey, guys, thanks for taking my question here and squeezing me in. I'll keep it to one. David, maybe for you. It's great to see the Firefly app tiers that customers can add to their existing subscriptions. And maybe to Shantanu's point, this is a better topic for FA Day, but I'm wondering if we could just talk about, how do you envision sort of the potential attach rate there? I mean, Firefly is clearly an unprecedented offering so maybe that's really tough to answer. But are there any products that maybe Adobe has seen in the past like Adobe Stock or any others that you look at as sort of a framework for what that adoption curve could look like?"
FY25_Q1,2025-03-12,qa,David Wadhwani,mgmt,,"Yeah. I think, so if we take a look -- if you take a step back, the reason we're so excited about the Firefly app is really twofold. One is exactly where you're going, Saket, and what you're asking about, which is the -- with every conversation we've had with creative professionals, we know that wherever they are, they're under an enormous amount of pressure to produce more. And this cohort of creative professionals, we see very strong attach and adoption of the generative AI features we put in the product partially because they're well integrated and very discoverable and because they just work and people get a lot of value out of that. So, what you will see is you'll start to see us integrating these new capabilities, these premium capabilities that are in the Firefly Standard, Pro, and Premium plans more deeply into the creative workflow so more people have the opportunity to discover them. And of course, as part of that, I think you can expect to see what we've done all along is look at where the usage is, look at where the excitement is, and make sure we get the pricing and the tiering right in a way that maximizes the opportunity for our customers and maximizes the opportunity and the value that Adobe and our shareholders get as part of that, too. So, that will be a big area and a big opportunity, and we see a lot of potential there as we look ahead. The other part that I want to make sure doesn't get lost in this is how relevant this Firefly experience is for noncreative professionals as well, this next generation of creators that we keep talking about. And if we look at the early adoption rates of the Firefly paid plan, it really tells us both of these stories. We have a high degree of conviction that it's adding value and being used by creative professionals, but it's also proving to be a good onboarding opportunity for next-generation pros and creators in general. And that's where Shantanu mentioned earlier, there is an increasing opportunity to merge our web and mobile offerings around not just the generative capabilities but what you do with the content you generate with Photoshop web and mobile, Express web and mobile. And you can imagine other capabilities coming around video as well. So, we're excited about Firefly Services and the monetization capabilities there in both directions, new users and also value and ARPU for our existing base."
FY25_Q1,2025-03-12,qa,Shantanu Narayen,mgmt,,"And Saket, since that was the last question, thank you. And maybe just in a quick summary, I mean, the four things that I would leave you all with is Q1 was a strong start. We were pleased with our performance. When you think about the addressable markets that we have, as we think about how we serve the business professional and the consumer and the creative professional and the marketing professional, we believe that, that's an immense opportunity that's only going to grow as a result of AI. We're pleased with how AI is now infused across all of our products and how we are further tailoring the breadth of our products to serve these customer groups in a way in which we delight them. And we're starting to outline how the monetization will be different for each one of these and applicable for the customer group that we are serving. We really continue to believe that this will drive growth and profitability for us as a company in '25 and beyond. And so, we look forward to joining you all at the FA meeting, and thank you for joining us today."
FY25_Q1,2025-03-12,qa,Operator,operator,,[Operator signoff] Duration: 0 minutes
FY25_Q3,2025-09-11,prepared,Operator,operator,,"[Presentation] Good day, and welcome to the Q3 FY ’25 Adobe Earnings Conference Call. Today’s conference is being recorded. At this time, I would like to turn the conference over to Doug Clark, Vice President, Investor Relations. Please go ahead."
FY25_Q3,2025-09-11,prepared,Doug Clark,mgmt,,"Good afternoon, and thank you for joining us. With me on the call today are Shantanu Narayen, Adobe’s Chair and CEO; David Wadhwani, President of Digital Media; Anil Chakravarthy, President of Digital Experience; and Dan Durn, Executive Vice President and CFO. On this call, which is being recorded, we will discuss Adobe’s third quarter fiscal year 2025 financial results. You can find our press release as well as PDF of our prepared remarks and financial results on Adobe’s Investor Relations website. The information discussed on this call, including our financial targets and product plans, is as of today, September 11, and contains forward-looking statements that involve risks, uncertainty and assumptions. Actual results may differ materially from those set forth in these statements. For more information on those risks please review today’s earnings release and Adobe’s SEC filings. On this call, we will discuss GAAP and non-GAAP financial measures. Our reported results include GAAP growth rates and non-GAAP growth rates, including constant currency rates. During this presentation, Adobe’s executives will refer to constant currency growth rates, unless otherwise stated. Non-GAAP reconciliations are available in our earnings release and on Adobe’s Investor Relations website. I will now turn the call over to Shantanu."
FY25_Q3,2025-09-11,prepared,Shantanu Narayen,mgmt,,"Thanks, Doug. Good afternoon, everyone, and thank you for joining us. Adobe had another strong quarter and delivered double digit top line growth and profitability. In Q3, we achieved record revenue of $5.99 billion, representing 10% year-over-year growth. GAAP earnings per share for the quarter was $4.18 and non-GAAP earnings per share was $5.31 representing 14% year-over-year growth. AI represents a tectonic technology shift and presents the biggest opportunity for Adobe in decades. Our strategy to harness AI is focused on infusing it across our category-leading applications to provide more value and delivering innovative new AI-first products. We’ve done a great job executing this strategy by accelerating innovation with a focus on offering greater value to Creative and Marketing Professionals and Business Professionals and Consumers. Creativity has always been core to the company’s mission. We’re infusing AI across our flagship Creative Cloud Applications, including Photoshop, Illustrator, Premiere Pro and After Effects and delivering new offerings for next-generation creators with Adobe Firefly across web and mobile. We’re delivering an end-to-end ideation to creation solution in the new Firefly application to make it a single destination for creators’ workflows. It includes our own first-party commercially safe models and lead third-party models. We are seeing strong adoption of the standalone Firefly subscription offering. We recently added Google Gemini Flash 2.5, alongside Google’s Veo and Imagen models roster of partner models from OpenAI, Black Forest Labs, Runway, Pika, Ideogram and others. In the rapidly evolving AI leap, where each generative AI model has its own aesthetic style, we’re offering customs choice and flexibility to use the right model within Adobe applications without the friction of switching between workflows and platforms. AI is now deeply integrated across our flagship applications in Creative Cloud giving creators everything they need to bring their creative visions to life all in one workflow. We’re seeing strong adoption of the Creative Cloud Pro offering, which includes Firefly, reflecting the value professionals see in having AI integrated with power and precision creative tools. Simply put, Adobe is the operating system for creative work. Adobe combines creativity and marketing in the enterprise, offering the most differentiated solution to serve the growing needs of Creative and Marketing Professionals. Adobe GenStudio is the most comprehensive solution that brings together workflow and planning, creation and production, asset management, activation and delivery and reporting and insights to enable marketing automation with AI in the enterprise. Our Workfront, Frame, AEM Assets, Firefly Services and GenStudio for performance marketing products, which are key components of the integrated GenStudio solution now exceed $1 billion in ARR growing over 25% year-over-year. Customers are leveraging the rich data and customer knowledge in Adobe Experience Platform to enable agentic workflows to scale the capabilities of Adobe’s category-leading customer experience orchestration applications. We’re seeing continued adoption and momentum for Adobe Experience Platform AI assistant, with 70% of eligible AEP customers leveraging this functionality. As AI transforms consumer behavior, it’s reinventing marketing and customer experience. Brand discovery is shifting from primarily search to include generative engine optimization. AI becomes the new UI guided by conversations rather than menu clicks. Brands must deliver hyperpersonalized immersive experiences on own channels, drive engagement and loyalty. In this new reality, Adobe uniquely offers an integrated customer experience platform that delivers automation, agility and scale. The explosion of content creation and automation in the enterprise and the beginning of new marketing needs, such as LLM optimization, and LLM advertising are a massive opportunity for Adobe. We’re infusing AI into Adobe Experience Manager with our upcoming LLM Optimizer release, a powerful agentic app to improve brand visibility, drive acquisition and maintain engagement with customers across LLM platforms. For Business Professionals and Consumers, we’re integrating creativity with productivity for billions of users with the recent launch of Acrobat Studio which brings together Acrobat and Express. PDF has been the global standard for digital documents for over 30 years and continues to grow. We’re evolving Acrobat from a leading document productivity app to a first of its kind destination for people to get insights faster, create standout content and collaborate more seamlessly. The new Acrobat Studio includes PDF spaces which transforms collections of PDFs, web pages and other files into dynamic knowledge hubs that help people work smarter and faster using AI assistant to derive insights. We’re seeing steady growth across our family of Acrobat and Express products with combined monthly active users growing approximately 20% year-over-year. Adobe is the leader in the AI Creative Applications category. Our AI influenced ARR has now surpassed $5 billion, up from over $3.5 billion exiting fiscal year 2024 and we’ve already surpassed our full year AI-first ending ARR target. Given our customer-focused growth strategy, product innovation and strong go-to-market execution and the momentum in our business. We’re pleased to once again raise our FY ’25 revenue and EPS targets. I’ll now turn it over to David and Anil to discuss the momentum in our business."
FY25_Q3,2025-09-11,prepared,David Wadhwani,mgmt,,"Thanks, Shantanu. Hello, everyone. In Q3, Digital Media achieved revenue of $4.46 billion, which grew 11% year-over-year. We exited the quarter with $18.59 billion of Digital Media ARR, growing ending ARR 11.7% year-over-year. Our Business Professionals and Consumers customer group had another strong quarter. The introduction of Acrobat AI Assistant brought a new conversational interface that enhances the experience of customers consuming PDFs. This unlocks increased comprehension across trillion of PDFs in the world. We continue to see accelerated use of AI assistant desktop, web and mobile. Our vision is to harness the power of generative AI and conversational experiences to fundamentally reshape how knowledge is discovered, synthesized and shared. We’re executing on our strategy to extend the role of PDF and Acrobat by delivering a cohesive experience that empowers individuals to effortlessly move from content consumption in Acrobat to content creation in Express. We’ve expanded our strategy with the introduction of PDF Spaces, a new foundation for content consumption and creation. PDF Spaces reimagines how people work with documents, transforming static files into dynamic collaborative knowledge hubs. Users can leverage PDF Spaces to organize documents and links discover insights faster through conversational experiences and enable editing and remixing of PDF content into new formats like e-mails and presentations. I’m particularly excited that anyone can easily create agents to perform document tasks on their behalf. Customers can use PDF Spaces with team members for more impactful knowledge sharing and collaboration. The combination of PDF Spaces, AI Assistant and an integrated Express experience is available through Acrobat Studio, a new premium offer in our Acrobat line-up. Early reception of Acrobat Studio has been strong with encouraging adoption and usage trends that highlight the significant customer demand and opportunity ahead. We’re seeing rapid adoption of Adobe Express. In the enterprise, Express is helping organizations scale content creation while maintaining brand consistency and quality. A great example is dentsu which has made Express a core part of its global marketing strategy. Adobe’s platform is being rolled out to all 68,000 employees worldwide and scaled across brands, including Carat, iProspect, dentsu X, Dentsu Creative, Tag, and Merkle by enabling creative teams to build content in Creative Cloud and share that content through Express within an overall GenStudio solution, dentsu ensures brand alignment across global teams while empowering marketers to create and remix their own content. This is driving measurable impact at dentsu. Other business highlights include ending units of Acrobat AI Assistant grew more than 40% quarter-over-quarter and AI system engagement with conversations and summarizations grew nearly 50% quarter-over-quarter. Acrobat Mobile ending ARR grew more than 30% year-over-year. Over 14,000 organizations added Express in Q3 alone, a 4x increase in the quarter versus a year ago. Express usage within Acrobat nearly doubled quarter-over-quarter. New Express integrations in Q3 include LinkedIn, Miro and Premier League. Over an 80% year-over-year increase in the number of students with access to express premium plans, we signed a partnership with the state of California to help prepare high school and college students across the California State University system for careers in AI by providing them with access to Express, Acrobat AI Assistant and Firefly. Key customer wins include Allegis Group, DSV, FedEx, Intuit, KKR, Lloyds Bank, Lockheed Martin, Provincial Government of Ontario, the State Government of Virginia and Vivendi. Our Creative Business had a strong quarter. creativity has never been more important and we continue to lead by delivering the next generation of innovations to empower creative professionals and creators. As demand for content accelerates, our strategy is centered on making creativity more accessible, more intelligent and more impactful. We are doing this by deeply integrating AI into our flagship applications, expanding creativity through new apps like Firefly and providing powerful automation to help customers scale their work. Together, these innovations are transforming how ideas move from inspiration to execution and helping our customers create with greater speed, efficiency and imagination. We are continuing to infuse AI into our flagship applications like Photoshop, Premiere Pro and Illustrator to help onboard new users more quickly and make existing users far more productive. Recent examples include the addition of a new Harmonize feature in Photoshop that blends composited objects with the image by automatically adjusting lighting, colors and shadows. Harmonize has quickly become one of the most used features in Photoshop. We released Project Turntable, a popular sneak from MAX last year into illustrator helps users rotate their 2D art work to accurately visualize different angles, eliminating a frequent and time-consuming task. Innovations like these directly translate into measurable value for customers by cutting production times enabling more content output and raising the overall quality of creative work and have driven strong migration to our new Creative Cloud Pro offer. The Firefly app is a powerful yet accessible AI production studio that helps creators deliver original intent faster than ever before. In Q3, we added a slew of new capabilities, including avatar generation, sound effects generation and updates to the growing list of integrated generative models. Firefly provides us to Adobe’s commercially safe generative AI models alongside a growing list of leading third-party models, including Google’s Imagen, Veo and Gemini Flash 2.5, OpenAI’s GPT-Image as well as Flux, Runway, Ideogram, Pika and Ray2 to name a few. This is enabling the Firefly app to be the go-to destination for content generation and editing for both creators using Adobe products for the first time as well as Creative Professionals who have been using Creative Cloud Applications for years. We’re delivering incredibly powerful automated content production capabilities through Firefly Services to enterprises of all sizes and across all verticals. These agentic services leverage custom models to automate and personalize image, video and 3D content for marketing campaigns, ad creation and post-production video work, all while maintaining brand consistency. Additionally, we delivered a no-code interface that extends the power of Firefly Services to studio and design teams. Firefly services are available through GenStudio as well as to individuals through Firefly App subscriptions. Consumption of Firefly Services and custom models grew 32% and 68% quarter-over-quarter, respectively. Other business highlights include continued new user acquisition of Creative Cloud with particular strength in emerging markets like India which grew ending units 50% year-over-year. Millions of downloads of the Firefly App for mobile since launch. Firefly App MAU grew 30% quarter-over-quarter. Firefly App continues to attract next-gen creators with first-time Adobe subscribers through the app growing 20% quarter-over-quarter. Generative AI consumption accelerated with 29 billion generations and video generations growing nearly 40% quarter-over-quarter. Key enterprise wins include Disney, FedEx, Home Depot, Meta, MetLife, Stagwell, Ulta and Volkswagen. We’re excited to welcome our community at Adobe MAX next month. We will showcase incredible innovations that highlight amazing productivity features in our flagship Creative Cloud Applications, breakthrough AI capabilities, leveraging Firefly and third-party models, new agentic experiences for conversational editing and significant strides in content production automation for enterprises. MAX is always a celebration of the community’s Creativity and we look forward to share how Adobe magic is transforming Creative Workflows and unlocking new opportunities. I’ll now turn it over to Anil."
FY25_Q3,2025-09-11,prepared,Anil Chakravarthy,mgmt,,"Thanks, David, and hello, everyone. Digital Experience had a strong Q3, achieving revenue of $1.48 billion for the quarter. Subscription revenue in the quarter was $1.37 billion, representing 11% year-over-year growth, making us the largest software provider in our category. Our success has been driven by having the most comprehensive solution for digital marketing and customer experience, enabling the world’s largest brands to deliver personalized experiences at scale. AI is changing consumer behavior and transforming how businesses engage with consumers. Our most recent Adobe Digital Index data which is based on online transactions across over 1 trillion visits to U.S. retail sites, shows that LLM traffic grew 4,700% year-over-year in July 2025. The rapid changes in consumer behavior and expectations in the era of AI are forcing brands to reinvent marketing and customer experience. Customer acquisition is being disrupted as brand discovery shifts from link-based search results to include LLMs. Brands need to win visibility through LLMs by providing machine-readable content and real-time updates while strengthening their direct relationship with their consumers. With the rise of conversational interfaces, consumers increasingly expect that they can accomplish any interaction with the brand through a single interface. Hyperpersonalization and immersive experiences will attract consumers to own channels like websites and mobile apps enabling brands to drive deeper customer engagement and loyalty. Enterprises need an end-to-end integrated customer experience orchestration platform to achieve the scale, automation, agility and efficiency required in the era of AI. Adobe is uniquely positioned to help businesses orchestrate and deliver personalized customer experiences by fusing creativity, marketing and agentic AI. Our AI first and AI-infused solutions spanning GenStudio for content supply chain, AEP and Apps for customer engagement and loyalty, and Adobe Experience Manager and LLM Optimizer for brand visibility and discovery enable us to power customer experience orchestration in the era of agentic AI. We are seeing accelerating adoption and usage of Adobe GenStudio, the most comprehensive content supply chain solution as enterprises drive content velocity with AI. New capabilities in Adobe GenStudio for performance marketing are accelerating video and display ad campaign creation. Marketers will be able to produce engaging short-form video ads using the commercially safe Firefly video model. We release capabilities for display ad campaigns, including on-brand image generation with Firefly as well as offerings with Amazon Ads, Google Campaign Manager 360, LinkedIn and Meta to power seamless campaign workflows. We are innovating on our leading AEP marketing and customer experience platform with built-in agentic functionality, empowering marketers to deliver digital experiences with greater agility and efficiency. Our intelligent agents understand intent, reason and recommend actions to drive outcomes across content data and journeys. Purpose-built agents are embedded in our core apps and new AI-first applications, helping brands unlock greater efficiency and precision, automate workflows and personalized experiences at scale. We launched the first phase of AEP Agent Orchestrator in Q3 empowering businesses to build, manage and orchestrate AI agents from Adobe and third parties. These capabilities power the data insights agent and product support agent which are generally available now and add to our growing portfolio of agents. Our newest innovation is Adobe LLM Optimizer available in early access. As customers and prospects increasingly turn to generative AI search and assistance for brand discovery, LLM Optimizer help shape how brands show up in results which is drive influence, visibility and qualified traffic. Other business highlights include strong demand for AEP and native apps with Q3 subscription revenue growing over 40% year-over-year. Continued adoption and momentum for AEP AI Assistant with 70% of eligible AEP customers using AI Assistant. Expanded partnership announcements at Cannes, including Accenture, dentsu, IBM, Infosys, Omnicom and Publicis. Industry analyst recognition, including being named a leader in 2 Forrester Wave reports for customer data platforms for B2B and Digital Analytics Solutions as well as 2 IDC Marketscapes for worldwide AI-enabled marketing platforms for enterprise and midsized customers. Strong 60% year-over-year growth in cross-cloud deals demonstrate the value of the Adobe integrated platform including GenStudio. Over 40% of our top 50 enterprise accounts doubled their ARR spend since the start of FY ’23. And key global customer wins, including Amgen, Australia Post, Disck’s Sporting Goods, Disney, FedEx, Intuit, Lloyds Bank, Macy’s, MetLife, Microsoft, Morgan Stanley, Qatar Airways and Stagwell. We are excited to showcase our latest innovations including AI-first apps and AI-infused products at MAX next month. These advancements further strengthen our position as the leader in customer experience orchestration in the era of agentic AI. I’ll now pass it back to Dan."
FY25_Q3,2025-09-11,prepared,Daniel Durn,mgmt,,"Thanks, Anil. Today, I’ll start by summarizing Adobe’s performance in Q3 Fiscal 2025, highlighting growth drivers across our businesses, and I’ll finish with our targets. In Q3, we exceeded our targets and once again delivered double-digit top line and EPS growth. We’re driving demand by infusing AI into our category-leading solutions as well as delivering new AI-first products across Business Professionals and Consumers. Creative Professionals and creators and Marketing Professionals. Adobe achieved revenue of $5.99 billion, which represents 11% year-over-year growth as reported or 10% in constant currency. GAAP diluted earnings per share in Q3 was $4.18 and non-GAAP diluted earnings per share was $5.31 reflecting 11% and 14% year-over-year growth, respectively. Adobe AI influenced ARR surpassed $5 billion and we expect it to continue to rise as a percent of our business. Notably, ARR from our new AI-first products including Firefly, Acrobat AI Assistant and GenStudio for performance marketing has already achieved our end-of-year target of over $250 million. Third quarter business and financial highlights included: Digital Media revenue of $4.46 billion. Digital Media ending ARR of $18.59 billion, growing 11.7% year-over-year. Digital Experience revenue of $1.48 billion, cash flows from operations of $2.20 billion which is a record for Q3. And exiting quarter remaining performance obligations were $20.44 billion, growing 13% year-over-year or 12% in constant currency and CRPO growing 10% as reported and in constant currency. In our Digital Media segment, we achieved 12% year-over-year revenue growth as reported or 11% in constant currency. We exited the quarter with Digital Media ARR growing 11.7% year-over-year in constant currency driven by strong demand for higher-value AI-infused offerings including Creative Cloud Pro and Acrobat as well as AI-first products, including Firefly and Acrobat AI Assistant. Within Digital Media, Q3 growth drivers for Business Professionals and Consumers included the monthly active users of Acrobat and Express grew approximately 25% year-over-year fueling our premium growth strategy. Strong usage and monetization of our Acrobat offerings, including AI assistant and our newly launched Acrobat Studio, a 4x increase in business adding Express in the quarter versus a year ago. Robust performance in the education sector, driven by access to Express, Acrobat AI Assistant and Firefly for students, faculty and staff. And strong ARR book of business across all routes to market and geographies. Within Digital Media, Q3 growth drivers for Creative Professionals and Creators included, increasing demand and usage of AI innovation in our flagship applications like Photoshop, Premiere Pro and Illustrator as part of our new Creative Cloud Pro offering. Strong new subscription adoption of the Firefly App by individuals and Firefly Services by enterprises. Support of Firefly and third-party models in Creative Cloud Applications drove accelerating generative AI usage quarter-over-quarter and strong ARR book of business growth across all routes to market, and geographies. Turning to our Digital Experience segment. In Q3, we achieved revenue of $1.48 billion which represents 9% year-over-year growth as reported and in constant currency. Digital Experience subscription revenue was $1.37 billion, growing 11% year-over-year as reported and in constant currency. Within Digital Experience, Q3 growth drivers for Marketing Professionals included, AEP and Apps ending ARR growing greater than 40% year-over-year as enterprises focus on delivering personalization at scale for customer engagement. Strong adoption of AEM including Sites Optimizer as marketers increase relevancy of their owned websites across both search and LLM platforms. Increasing demand for GenStudio, our comprehensive content supply chain solution, enterprises drive content velocity and AI automation, continued strength in customer retention and expansion and strong execution in deals over $1 million across key verticals and geographies. Our growth strategy is focused on serving the diverse needs of our customers across both Business Professionals and Consumers and Creative and Marketing Professionals. As we previously outlined, our continued success will be driven by orienting our innovations, offerings, monetization models and go-to-market around our customer groups. For the Business Professionals and Consumers Group subscription revenue was $1.65 billion which represents 15% year-over-year growth as reported or 14% in constant currency. For the Creative and Marketing Professionals Group, subscription revenue was $4.12 billion which represents 11% year-over-year growth or 10% in constant currency. In the enterprise at the intersection of creativity and marketing, Adobe’s integrated and AI-infused solutions are transforming the entire content supply chain to address digital content workflow and planning, creation and production, asset management, delivery and activation, and reporting and insights. This massive market represents an opportunity to drive both creative seat and ARPU growth as well as demand for our content production and marketing automation solutions. We are driving strong adoption of our automation solutions in the enterprise with GenStudio. Our Workfront, Frame, AEM Assets, Firefly Services and GenStudio for performance marketing products which are key components of the integrated GenStudio solution now exceed $1 billion in ARR growing over 25% year-over-year. In the enterprise, we delivered over 60% year-over-year growth of One Adobe deals reflecting cross cloud adoption and deepening strategic partnerships with our customers. In addition, historical subscription revenue for these customer groups is available in the Adobe Investor Relations data sheet Under Supplementary Customer Group Data dating back to FY ’23. Turning to other financial disclosures. Adobe’s effective tax rate in Q3 was 19.0% on a GAAP basis and 18.5% on a non-GAAP basis. Our cash flow from operations in the quarter was a Q3 record of $2.20 billion and ending cash and short-term investment position exiting Q3 and was $5.94 billion. In Q3, we entered into a share repurchase agreement totaling $2.50 billion, and we currently have $8.40 billion remaining of our $25 billion authorization granted in March 2024. Let me now turn to our financial targets, which assume current macroeconomic conditions. In Q4, FY ’25, we are targeting. Total Adobe revenue of $6.075 million to $6.125 billion, Digital Media segment revenue of $4.53 billion to $4.56 billion, Digital Experience segment revenue of $1.495 billion to $1.515 billion. Digital Experience subscription revenue of $1.395 billion to $1.410 billion. GAAP Earnings per share of $4.27 to $4.32 and non-GAAP earnings per share of $5.35 to $5.40. For Q4, we expect non-GAAP operating margin of approximately 45.5% and a non-GAAP tax rate of approximately 18.5%. Based on our momentum, we are pleased to raise our media ending ARR growth target, and given our Q4 targets, we are raising the full year total revenue and GAAP and non-GAAP EPS targets. For FY ’25, we are now targeting total Adobe revenue of $23.65 billion to $23.70 billion. Digital Media segment revenue of $17.56 billion to $17.59 billion. Digital Media ending ARR book of business growth of 11.3% year-over-year. Digital Experience segment revenue of $5.84 billion to $5.86 billion. Digital Experience subscription revenue of $5.39 billion to $5.41 billion. GAAP earnings per share of $16.53 to $16.58 and non-GAAP earnings per share of $20.80 to $20.85. In summary, Adobe’s Q3 performance demonstrates strong execution in an AI-first world. Our focus on product leadership and customer-centric innovation positions us to deliver durable and profitable growth. We are excited to see customers adopt and utilize our comprehensive suite of differentiated AI first and AI infused solutions. Looking ahead, I’m confident that our investments and strategic focus will deliver long-term shareholder value. Shantanu, back to you."
FY25_Q3,2025-09-11,prepared,Shantanu Narayen,mgmt,,"Thanks, Dan. I’m extremely energized by my constant engagement with our world-class product teams and excited about our innovative road map to deliver Adobe magic to an ever-increasing number of customers. In my interactions with companies around the world, it’s clear that they’re investing in Adobe as their mission-critical creative AI technology partner. I look forward to seeing you at Adobe MAX, where we will showcase incredible innovations across creativity, marketing and AI and host an investor Q&A session. Thank you, and we will now take your questions. Operator? Q&A Session Follow Adobe Inc. (NASDAQ:ADBE) Follow Adobe Inc. (NASDAQ:ADBE) Receive real-time insider trading and news alerts or Subscribe with Google We may use your email to send marketing emails about our services. Click here to read our privacy policy."
FY25_Q3,2025-09-11,qa,Operator,operator,,[Operator Instructions] And our first question will come from Keith Weiss with Morgan Stanley.
FY25_Q3,2025-09-11,qa,Keith Weiss,analyst,,"Excellent. And great to see the full year numbers heading up in the right direction. Two questions for you, if I may. One, just on sort of the demo that you guys gave on that video at the beginning. Really, again, highlighting the Adobe magic with kind of what you’re doing with Nano Banana, and — being able to manipulate images like that. Can you help us understand like what part of that is the diffusion engine coming from Nano Banana? What part of that is the Adobe infrastructure underneath that, that enables, that fine -grain manipulation just to give us a better understanding of kind of what the value proposition Adobe is bringing to the equation? That’s question number one. And question number two, a broader concern that I’ve heard from investors is really about advertising platforms like Google or Meta putting diffusion engines in their ad platforms directly. In trying to ascertain that risk, can you help us understand like what percentage of your customer base would be those single channel marketers for which that could actually be a risk to Adobe of losing those customers?"
FY25_Q3,2025-09-11,qa,David Wadhwani,mgmt,,"I’ll start off, Keith, and then hand it to Shantanu and Anil for the second part. So yes, we’re very excited about the work we’re doing with Google. And frankly, all the third-party model partners that we’re having just if I kind of window back for a second. Just as a reminder, our strategy in terms of what we do in our Creative Cloud Applications and in our Firefly Applications is to really differentiate on 2 things. One is choice, and two is integrations. Regarding choice, we want to make sure that all third-party models are available, you saw our announcement with Google and Nano Banana, OpenAI, Flux, Runway, Luma, Ideogram, the list continues to grow. And you call out the example of Nano Banana. We actually launched Nano Banana in the first — on the day that it was released as part of the Firefly application, and now we’re integrating it into Integrated Cloud Pro. So the core of the choice of whatever model has the most interesting thing for the thing you want to do, you know you can turn to Adobe, and it will be there. The second part is the integration as you talked about, right? We have a lot of workflows that we have — that we pulled into the model. You noticed that in the demo you saw, and all the demos that are out there people are using Nano Banana with Photoshop. They’re doing it in a way that they’re blending the precision and the control you get with Photoshop and combining it with the generative capabilities of Nano Banana. So in many ways, it’s no different than the Generative Fill capabilities we added before, but we’re now starting to be able to bring these things more and more closely together. And the sustained value the differentiated value is really that workflow to be able to generate something or capture something, bringing to precise update, take it to a video model that might be or to someone else’s add sound effects from a different video model and then do the fine precision actioning. So that mix of things is where we think the magic will happen."
FY25_Q3,2025-09-11,qa,Shantanu Narayen,mgmt,,"Maybe, Keith, just to add to that. what David said. The magic is clearly in our applications because we can take all of the models that exist and integrate that within our interface. And that’s a completely nontrivial task of what we have done to build. That was actually the rationale for building Firefly because we understand whether they’re diffusion or transformer models better than I think anybody can in the Creative Application. So I wouldn’t underestimate the amount of magic that we have to make it look as seamless as it has. And on your second question, as it relates to how people are going to create and run campaigns and ad placements in all of these different platforms. I think you’re going to see some smaller medium businesses use it. I think all of the larger companies, what we continue to hear in the enterprises, they want the ability to create campaigns, run it across multiple channels, see the attribution, as well as see — what we can do in terms of the analysis. But in addition to that, I mean, all those advertising channels that you talked about are really excited about Adobe making it seamless which is why you’ve seen in the GenStudio for performance marketing the support third-party channels, whether that’s TikTok, Meta, Google, Amazon, all of that, we’re just going to continue to do. And that adoption I think we talked in the enterprise just continues to be really exciting for us."
FY25_Q3,2025-09-11,qa,Operator,operator,,And the next question will come from Brad Sills with Bank of America.
FY25_Q3,2025-09-11,qa,Bradley Sills,analyst,,"Wonderful. Really great to see that you’re exceeding that target for the full year of $250 million ARR from AI first products. There’s a lot in there, and it would be great to get some color from you as to which component of that is driving the upside? And where are you seeing the strength in those AI-first products."
FY25_Q3,2025-09-11,qa,Shantanu Narayen,mgmt,,"Yes. I think, Brad, what we were trying to do with the analyst meeting was just to show that we are not only delivering just tremendous innovation in our product. But frankly, the monetization of that, whether that’s in the existing products, or whether it’s in new products is something that we’re, a, focused on and, b, doing a really great job. And so on the influence revenue, which includes things like Creative Cloud and the usage of Creative Cloud, what we are seeing in Acrobat, what you’re seeing in Express, what you’re seeing in the DX solutions that include AI, I mean, it was easy to see and we’re very conservative there in terms of what we do for the users that exceeded 5 billion. I think as it relates to the second part, which is AI-first, Firefly services, GenStudio. The overarching GenStudio solution is definitely seeing a lot of great adoption, AI Assistant in Acrobat and everything that we’re doing associated with AI Acrobat. I always worry, Brad, when I give 1 or 2 products, then the other teams will feel that I don’t love them a lot here within the company. But really, across all of them, I mean, we’ve seen significant momentum and easily crossed the $250 million mark. And so really pleased with how that is. The North Star, clearly, for us, is we want AI infused in every dollar of revenue that we are providing, and I think we’re doing a great job against that."
FY25_Q3,2025-09-11,qa,Operator,operator,,And moving on to Brent Thill with Jefferies.
FY25_Q3,2025-09-11,qa,Sang-Jin Byun,analyst,,"This is John Byun for Brent Thill. I’ve got 2 questions. Just wondering if you could shed a little bit of light on the mix of AI credit usage between your own Firefly-based solutions and third party, whether you’re seeing any pickup from the third-party models and how users are responding? And then on the LLM Optimizer, I’m wondering whether you’ve used that Adobe internally and any impact on the top of funnel and conversion?"
FY25_Q3,2025-09-11,qa,David Wadhwani,mgmt,,"Yes. So thanks for the question. On the question of third-party models what — our strategy, of course, as I’ve earlier is to provide choice so that any model you want to get access to ultimately is available in one place but also deeper integration. So that becomes the core foundation of everything we do. What we’re seeing in terms of how it plays out in the market is, there is so much announcement and sort of opportunity that’s coming out with all the changes. We all see it every single day. The amount of changes and announcements coming out with these models, including Firefly continuing to push the state of the art of what’s possible. What this lets us do, first and foremost, is that at the top of funnel leverage every one of those moments as an opportunity to bring people to Firefly to try that innovation out. So that’s been a great sort add from us in terms of the funnel management and top of funnel. And then certainly, within the product, the majority of generation continues to be Firefly given the commercial safety and the underpinnings of what that is. But we are seeing a nice uptick in usage of the other models. Especially for things like ideation and sort of edit capabilities that are integrated into Firefly. So that mix feels right to us, and we’re going to continue to optimize and drive that discovery in our applications going forward."
FY25_Q3,2025-09-11,qa,Anil Chakravarthy,mgmt,,"And regarding your second question about the LLM Optimizer. Yes, I was actually working internally with our team, our adobe.com team, which obviously runs a big digital business. That’s how we got going on the LLM Optimizer. We noticed that in terms of some of the traffic, it’s not only the search traffic, but a lot of our customers, our prospects were starting to ask questions within ChatGPT and Perplexity and so on. How do I edit this PDF? I have a large PDF? How do I compress it? Those kinds of questions. And we realized that we had a lot of content available that if we made it available the right channels that will get picked up by the LLMs and that would give us — our Acrobat brand a lot more visibility through the LLMs. So that’s how the idea for the product came about. And then when we started talking to Chief Marketing Officers around the world, we realized that this was a top-of-mind topic for them as well, and that’s what led to the announcement at Cannes, and we are excited that the product will be generally available later this quarter."
FY25_Q3,2025-09-11,qa,Shantanu Narayen,mgmt,,"I’m really excited about the innovation that we’ve delivered in that space. I noticed in a lot of the preview reports folks look at web traffic, and it’s coming from different sources. That’s a really new movement. And so as people about just search traffic and what was happening in search, you really have to start to factor and we’re, I think, one of the leaders in that space, how to really take advantage of what’s happening, not just across search but also what happens across social and now increasingly what happens across LLM. So as Anil mentioned, this is not just an opportunity for us to use ourselves but I think a massive opportunity for us to help every single company deal with this new reality."
FY25_Q3,2025-09-11,qa,Operator,operator,,And we’ll take a question from Tyler Radke with Citi.
FY25_Q3,2025-09-11,qa,Tyler Radke,analyst,,"I wanted to touch on the pricing side of the equation. Obviously, with the kind of line item optimization in the quarter. I was wondering if you could comment on if you have any texture on kind of the performance ex price and kind of how that was received by the installed base? And then just sort of how to think about the PxQ heading into next year?"
FY25_Q3,2025-09-11,qa,Shantanu Narayen,mgmt,,"Yes. Tyler, when I think about the Creative business, which as I said was the sort of core DNA of the company, we saw strength across the board. So I want to clarify that. To your point, as it relates to the core Creative Professional and the amount of adoption that they are doing for AI, the migration to the Creative Cloud Pro offering did exceedingly well. But in addition to that, what we are seeing with the Firefly subscription and the ability for people, creators, next-generation, new to Adobe, I think David touched on how we’re driving more new users to Adobe in the Creative Platform. That also showed considerable strength. And Firefly Services and in the enterprise, the combination of what they can do in Creative Cloud plus Firefly services as part of GenStudio. So we feel good. We want to continue to deliver value. So I would net it out by saying the migration was extremely healthy but that was not in itself. The reason for the strength we are seeing actually strength across the board."
FY25_Q3,2025-09-11,qa,Operator,operator,,And our next question will come from Alex Zukin with Wolfe Research.
FY25_Q3,2025-09-11,qa,Aleksandr Zukin,analyst,,"I guess maybe, Shantanu to the earlier point that you just made, I’ve got just 2 quick questions. One, it seems like this was kind of almost, I would say, a turning point quarter for you guys. It was the first quarter, I think, we’re net new DM ARR actually was flat to maybe even growing for the first time this year on a tougher comp. You raised the guide. You exceeded your AI-first spending ARR target a quarter early. It seems like you’re doing way better than expected. Can you help bifurcate like how much of this is just better adoption of the AI-first products versus for PxQ? And ultimately, does this give you confidence in continuing to be able to grow DM ARR at least double digits for the foreseeable future? And then I’ve got a quick product follow-up."
FY25_Q3,2025-09-11,qa,Shantanu Narayen,mgmt,,"Well, the way I would answer that question, Alex, is we definitely feel confident about how large the Creative opportunity is and how differentiated our solutions are. And so the way I would answer that question, we’re not providing targets for next year. We’ve always said that we have very strong aspirations for the digital Creative Business. Nothing has changed. In fact, your confidence associated with what we are executing against increases, and I’ll let David add. But you’re right. I mean, we’ve continued to execute, and we’re now also starting to see that translate into monetization much like we thought we would."
FY25_Q3,2025-09-11,qa,David Wadhwani,mgmt,,"Yes. And just a little bit more to add there. As Shantanu mentioned, it really was a top to bottom on the business you had asked about the bifurcation, right? Creative Professionals, as we talked about, we’re seeing generations accelerate. And the fact that they’re using AI so much is what drove the strong migration to Creative Cloud Pro, really validated that strategy of the value and associated pricing with that. Creators, we’re seeing — because of the third-party models, but also because more and more of those integrated workflows and the work we’re doing with Firefly models themselves. We saw over 20% of the growth in that on new users to Adobe. So we’re pulling in a lot more new users. We don’t talk that much about Business Pro and Consumer, but the AI Assistant has been a very strong contributor throughout the year and now translating that into Acrobat Studio is a real sort of, I think, driver of growth. And then both Shantanu and I talked about multiple times, the power of what we see with Creative Automation through GenStudio and enterprises. So that mix gives us a lot of momentum going into Q4."
FY25_Q3,2025-09-11,qa,Shantanu Narayen,mgmt,,"And finally, Alex, as it relates to — I know there’s a lot of focus at what you — some of you have referred to as the bottom end. I think the stat that we gave associated with how much Creative usage is happening as part of the combination of Creative Plus Acrobat and the MAU growth there. I think we saw again 25% year-over-year growth across that. So I think even that continues to show the demand and the need for our Creative Solutions. What I’m pretty excited about in the space with Express is how we’re going past the previous generation template era with a conversational AI-based approach to creativity. And I think we have a very unique solution there as well."
FY25_Q3,2025-09-11,qa,Aleksandr Zukin,analyst,,"Excellent. And then maybe just as a follow-up. You alluded to it in the comments, Anil, but as the nature of the web shifts for a kind of traditional search based to LLM based information discovery and traditional top of funnel marketing is changing in AI-driven the world. How do you see yourself the role in which you’re helping CMOs adapt, which parts of your portfolio are best positioned to capture this change? And when do we start seeing that show up kind of some of the DX book of business?"
FY25_Q3,2025-09-11,qa,Anil Chakravarthy,mgmt,,"Yes. We see exactly, as you said, with the LLM, the new LLMs, the discovery to actual consideration, to purchase, maybe even the post purchase, that entire funnel is starting to consolidate and you’re going to be seeing consumers actually adopt LLMs for the entire process. So where we see that is whatever we have done with AEP and Apps gives us a lot of confidence because in this new world, every brand will need to maintain and strengthen their direct consumer relationships. So once they get traffic, once somebody signs up from their mobile app or is on their website, they would want to deepen that relationship. And so the entire portfolio of products we have around AEP and Apps, we’ll see a strong tailwind there. Obviously, GenStudio and the content that we create with bringing together creativity and marketing agentic AI, we believe we’ll see a tailwind there as well."
FY25_Q3,2025-09-11,qa,Shantanu Narayen,mgmt,,"And maybe just adding a little bit to that. I think in his prepared remarks, Dan talked about this a little bit. The way we tend to think about it is owned site DMOs will still continue to be incredibly important. So the ability for Adobe to provide a complete different conversational owned site for every single website in the world, we think is a massive opportunity for us. We have the leadership position in how we deliver Adobe Experience Manager. So I think that’s a good area of growth. AEP and apps, I think, as Anil mentioned. And then when you put that together in terms of delivering personalization at scale, the increasing demand for GenStudio because people will now increasingly say, if I’m asking a question or prompt on that owned site, how do I get an extremely personalized answer. And so the amount of content that needs to be created for that has to increase. The business did well. As you look at the subscription revenue and the double-digit subscription revenue, and we do look at what others in this particular space have also reported. And it’s clear that we are significantly growing faster than anybody at our scale. And so we’re pleased with the amount of innovation that we’re doing in that space as well and customer retention. As a result, customer retention and demand in these solutions is pretty high."
FY25_Q3,2025-09-11,qa,Operator,operator,,And the next question will come from Mark Moerdler with Bernstein Research.
FY25_Q3,2025-09-11,qa,Mark Moerdler,analyst,,"Congratulations on the strength of the AI adoption, the fact that you hit the AI numbers so quickly is really nice to speak. So what is — I have a question, there’s a thesis out there for software in general. That AI is the headwind to seats and the seats will need to shift to consumption, the issue is then can capture more consumption revenue than seat. How do you think about the relationship between seats and consumption in the Creative Cloud, do you see that there’s any pressure on the seat side, do you see consumption as being upside to that? And separately, what are your thoughts on when AI could be big enough to move the needle on the Creative side?"
FY25_Q3,2025-09-11,qa,Shantanu Narayen,mgmt,,"Yes, I’ll start, and then certainly, David can add to that. I mean, big picture, Mark, I mean, we definitely look at it and say, “the value of AI is going to be delivered through software.” And so software is going to be the way in which people look at all this magic that AI has, and that’s what both people are going to use as well as the monetization. So we are extremely excited about how the power of AI is going to be both delivered through integrated software and monetized through software. I think to your question on Creative Cloud specifically, we definitely view this as both as seat expansion as well as a marketing automation. And that’s part of the reason, as you know, why we — this customer grouping that we talk about, which is Creative Professional and Marketing Professionals, And in the enterprise that’s playing out exactly the way it is. It is actually still continuing to play out with seat expansion in the enterprise. But in addition to the seat expansion, the automation is definitely seeing a more rapid adoption. And so I think we’re the one company that wins in either case and the fact that we have this unified offering that enables us to say, here’s how — if you’re the studio team within an enterprise, here’s how you create these campaigns but then the velocity and agility of scaling that in a company through automation solutions. And so the 4 building blocks we’ve always said, Mark, is, first, you’ve got to have the best creative applications in the world to create those campaigns. Second, you have to have the ability to deploy that in whatever your marketing campaign is in an enterprise, whether that’s e-mail, whether that’s website, whether that’s ad placement with agility. Third, you really want the ability to create a brand concierge or personalized brand for the enterprise, that business for us, embodied in the Firefly Services AI-first. That’s off to a really great start. And then fourth, how do you enable everybody else in the enterprise with a product like workflow so that you can do work as well as Express to tie that all together. So yes, we think it’s an and. Within enterprises, any 1 quarter, it might be a little bit of one or the other. But big picture, we think both are going to be growth opportunities for Adobe."
FY25_Q3,2025-09-11,qa,Operator,operator,,And the next question will come from Michael Turrin with Wells Fargo Securities.
FY25_Q3,2025-09-11,qa,Michael Turrin,analyst,,"Dan, on margin, you’ve been speaking to mid-40s margin profile, you’re still operating a bit above that this quarter. It looks like gross margins are actually up a touch versus last year. Why aren’t you seeing degradation from AI adoption, given some of the metrics you’re providing? Is that something we could or should expect to see as those numbers continue to ramp, just the why or why not in terms of the margin profile, I think, relative to what was initially expected."
FY25_Q3,2025-09-11,qa,Daniel Durn,mgmt,,"I appreciate the question, Michael. Clearly, the company is performing well through this investment cycle, driving the velocity of innovation of all the great things that Shantanu and Anil and David have been talking about. So we feel really good about the engine of innovation and the velocity. Underpinning that is a very clear sense of prioritization within the company. Narrowing the aperture around really what the growth vectors for the company are and what the must-win zones are. That focus and clarity on those real drivers of growth serves the company well in this environment. And then when you look at it from a productivity standpoint, I think there’s 2 vectors of productivity that the company is driving to underpin margin delivery. First one, how we drive GPU training fleets to support training, the utilization, the algorithms we use to efficiently get at model construction as well as continually loading that GPU fleet to make sure there’s high utilization over time. The second piece is inferencing. Constantly tuning the algorithms and cost per inference. We watch this maniacally, how we feel these fleets of GPUs to make sure that the reserve instances, which come in at very different price points than on demand that we constantly balance and optimize the cost structure that underpins the usage of that compute power. And then obviously from an internal working standpoint, adoption of these technologies how we drive productivity gains in the company, how we augment individual employees from a productivity standpoint as well as ways of working inside of the company, to continue to drive more and more productivity out of the world’s best employees. It’s a combination of all of these elements that come to bear and deliver a strong margin profile that the company is proud of, and the cash flow that supports it."
FY25_Q3,2025-09-11,qa,Operator,operator,,And we will take a question from Brad Zelnick with Deutsche Bank.
FY25_Q3,2025-09-11,qa,Brad Zelnick,analyst,,"Excellent. Anil, it’s great to see agents for AEP now generally available. Can you talk us through the vision of how these agents drive greater for customers? And then ultimately, how Adobe captures some of that benefit?"
FY25_Q3,2025-09-11,qa,Anil Chakravarthy,mgmt,,"Yes. Thanks, Brad. We see this as a massive transformation from the SaaS model to the agentic software model. And as you saw at Summit, we announced the AEP Agent Orchestrator. And our view is, we build agents where we have core domain knowledge, and we can really democratize the use of our applications to a wide variety of marketing, customer experience practitioners. We also want to work with agent orchestrators from Microsoft, ServiceNow, other partners because we believe that enterprises will ultimately build their own agents and have multiple ways of using agents. So within our own applications. What we really see is when you think of things like, for example, coming up with a new audience or a new journey, typically, you needed to have somebody with some data expertise to do that. Somebody who could come up with a SQL query. So usually, marketing teams set up alternate teams or a dedicated team to do that kind of work. What we see now with Agent Orchestrator is that enables the creation of an audience agent, a data insights agent, a journey agent that now lets marketers with a conversational interface get access to that kind of data, which they can use for targeting and it helps in making marketing campaigns go much faster and much more efficiently. So that’s where we really see the promise of this — of the new agentic technology."
FY25_Q3,2025-09-11,qa,Operator,operator,,And we’ll take our last question from Saket Kalia with Barclays.
FY25_Q3,2025-09-11,qa,Saket Kalia,analyst,,"Okay. Great. David, maybe for you. I mean I think a resounding theme on this call is sort of the infusion of AI into the core applications is really what’s differentiating. And I think that’s interesting from a couple of angles. But one of them, especially in my view, is retention. So can you just talk about what you’re seeing in terms of retention trends as AI adoption grows, and then separately, just as an aside, we’ve also started to see some noise out there about intellectual property issues, right, when it comes to AI usage. Maybe talk about how important the commercial safety aspect is as you spend time with enterprises."
FY25_Q3,2025-09-11,qa,David Wadhwani,mgmt,,"Yes. Thanks for the question. Yes, this is — the thing that we have seen is a direct correlation between increased use of AI and retention, and we feel very good about that. That’s why we are so excited when we see the number of generations continuing to increase. But what’s also interesting about this is that as Shantanu was talking about earlier, as we’re selling into enterprises, the Creative teams are often the ones that are bringing in also — in addition to the marketing teams, bringing in these automation services. There’s a Creative Ops team that’s bringing these in. And so it lets us go from that seat-based pricing to a value-based pricing. And what the underpinning of that is, is the ability to have these commercially safe models. On top of that, the ability to create customizations of those models for your specific needs. And then lastly, integrate those customized models and the inference on all of that into the entire workflow from what the Creative Professionals are doing all the way into the automation stack that Shantanu was talking about and Anil was talking about and then into democratizing that to the entire company through Adobe Express. So that whole funnel of both sort of direct generation by individuals and automated generation underpinned by commercially safe model continues to play extremely well for us. And to your point, yes, a lot of time with Louise, our GC, talking about and really helping our customers understand how to think about the commercial safety aspect of it, and there’s a lot of attention we’re getting on it now."
FY25_Q3,2025-09-11,qa,Shantanu Narayen,mgmt,,"Saket, since that was the last question, maybe just let me say, we are really excited about the performance that we had. I think our strategy on really making sure that we tailor our products to the customer groups that we’re focused on, Business Professionals and Consumers, Creators and Creative Professionals as well as marketing professionals just continues to give us a lot of confidence that we have effectively not just embraced AI but infused it into the right applications and tailored them for them. I know we didn’t talk a lot about Business Professional and Consumers. But what we’ve done there with both AI Assistant as well as more recently with PDF Spaces, gives us a lot of confidence that the future of work and how you think about documents, but not just documents for consumption but as an on-ramp to then create and the combination of Acrobat and Express also really excited about the adoption as well as the customer feedback that we’re getting in that area and expect to see more innovation. I hope to see a lot of you at Adobe MAX. The magic will continue, and you’re going to see a lot not just from Adobe, but also from how the community is embracing and actually leveraging the cool things that we’re doing. And with that, I’ll turn it over to Doug."
FY25_Q3,2025-09-11,qa,Doug Clark,mgmt,,"Thank you, everyone, for joining the call today. I appreciate the time. We’ll talk to you again at MAX and again next quarter."
FY25_Q3,2025-09-11,qa,Operator,operator,,"Thank you. That does conclude today’s conference. We do thank you for your participation. Have an excellent day. Follow Adobe Inc. (NASDAQ:ADBE) Follow Adobe Inc. (NASDAQ:ADBE) Receive real-time insider trading and news alerts or Subscribe with Google We may use your email to send marketing emails about our services. Click here to read our privacy policy.  (NYSE:KR) Q2 2025 Earnings Call Transcript Quantum Corporation (NASDAQ:QMCO) Q1 2026 Earnings Call Transcript 10 Stocks Jim Cramer Discussed As He Remained Optimistic About American Ingenuity... Vera Bradley, Inc. (NASDAQ:VRA) Q2 2026 Earnings Call Transcript Jim Cramer Discussed Adobe Inc.  A few years from now, you’ll probably wish you’d bought this stock. Published on May 16, 2026 at by Inan Dogan, PhD Dr.  Fast forward a year and Amazon’s new CEO Andy Jassy described generative AI as a “once-in-a-lifetime” technology that is already being used across Amazon to reinvent customer experiences. At the 8th Future Investment Initiative conference, Elon Musk predicted that by there would be at least 10 billion humanoid robots , with each priced between $20,000 and $25,000 . Do the math. According to Musk, this technology could be worth $250 trillion by 2040. Put another way, that’s roughly equal to: 175 Teslas 107 Amazons 140 Metas 84 Googles 65 Microsofts And 55 Nvidias And here’s the wild part — this $250 trillion wave isn’t tied to one company, but to an entire ecosystem of AI innovators set to reshape the global economy. It’s a leap so massive, it could reshape how businesses, governments, and consumers operate worldwide. Even if that $250 trillion figure sounds ambitious, major firms like PwC and McKinsey still see AI unlocking multi-trillion-dollar potential. How could anything be worth that much? The answer lies in a breakthrough so powerful it’s redefining how humanity works, learns, and creates. And this breakthrough has already set off a frenzy among hedge funds and Wall Street’s top investors. What most investors don’t realize is that one under-owned company holds the key to this $250 trillion revolution. In fact, Verge argues this company’s supercheap AI technology should concern rivals. Before I reveal the details, let’s talk about how some of the richest people on the planet are positioning themselves. Bill Gates sees artificial intelligence as the “biggest technological advance in my lifetime,” more transformative than the internet or personal computer, capable of improving healthcare, education, and addressing climate change. Larry Ellison — through Oracle, is spending billions on Nvidia chips and partnering with Cohere to embed generative AI across Oracle’s cloud and apps. Warren Buffett — not known for tech hype — says this breakthrough could have a ‘hugely beneficial social impact. When billionaires from Silicon Valley to Wall Street line up behind the same idea — you know it’s worth paying attention to. Even as we admire what Tesla, Nvidia, Alphabet, and Microsoft have built, we believe an even greater opportunity lies elsewhere… But the real story isn’t Nvidia — it’s a much smaller company quietly improving the critical technology that makes this entire revolution possible. And judging by what I’m hearing from both Silicon Valley insiders and Wall Street veterans… This prediction might not be bold at all: A few years from now, you’ll wish you’d owned this stock. The best part? You can discover everything about this company and its groundbreaking technology right now. I’ve compiled everything you need to know about this groundbreaking company in a detailed, members-only report. Trust me — you’ll want to read this report before putting another dollar into any tech stock.   These stocks are handpicked by our research director, Dr. Inan Dogan.   If you’re thinking about getting in, don’t wait – because once Wall Street catches wind of this story, the easy money will be gone. Space is Limited! Only 1000 spots are available for this exclusive offer.  Here’s what to do next: 1. 99 a month . (33% Off – was $14.99). 2.  3. Sit back, relax, and know that you’re backed by our ironclad 30-day money-back guarantee. Don’t miss out on this incredible opportunity! Subscribe now and take control of your AI investment future! Subscribe Now! <b>Cancel anytime.</b> Turn off auto-renewal via our website with just a click.    I have an important message for you today. Since March 2017, my stock picks have returned 16.5% annually. Today, I’ve found an opportunity even bigger than my British American Tobacco call. Two years ago, Wall Street wrote off British American Tobacco (BTI) as a “melting ice cube.” The stock had crashed 40% from its peak, and consensus said the business was dying. We looked under the cover and realized they were wrong. We alerted our subscribers, and BTI returned 90% in just 16 months. Now if you had invested just $10,000 in BTI in June 2024, you’d be sitting on $19,000 in October 2025. Today, we have identified a nearly identical pattern in a digital-first giant trading at $3. While the market panics over a surface-level revenue decline, our PhD-led research shows management has actually surgically cut $100 million in waste to focus on high-margin growth. This pattern is a hallmark of our 16.5% annual return track record. The current opportunity offers a 400% upside potential—dwarfing even our 90% BTI return. Get the ticker for our new “Underdog” pick and the full BTI case study for just 99 cents. 99 and become part of a savvy investor community.! This offer vanishes in 7 days , so don’t miss your chance to lock in market beating returns ! Sign up NOW! The monthly newsletter comes with a 30-day, no-risk money-back guarantee. This offer is available to the first 1000 new investors who respond.   Cancel anytime. Here’s why this is a deal you can’t afford to pass up: Access to our Detailed Report on this $3 stock with 400% upside potential. BONUS REPORT on our #1 AI-Robotics Stock with 10000% upside potential: Our in-depth report dives deep into our #1 AI/robotics stock’s groundbreaking technology and massive growth potential.  These stocks are handpicked by our research director, Dr. Inan Dogan.    Space is Limited! Only 1000 spots are available for this exclusive offer.  Here’s what to do next: 1. 99. 2.  3. Sit back, relax, and know that you’re backed by our ironclad 30-day money-back guarantee.   Cancel anytime. Get our editor’s daily picks straight in your inbox! RSS Feed Hedge Funds Insider Trading About Us Authors Contact Us Sitemap Privacy Policy Terms of Use FAQ CCPA - Do Not Sell My Information. ©2026 Koala Guide LLC."
FY25_Q4,2025-12-10,prepared,Operator,operator,,"Good day, and welcome to the Q4 and FY25 Adobe earnings conference call. Today's conference is being recorded. At this time, I'd like to turn the conference over to Doug Clark, Vice President of Investor Relations. Please go ahead."
FY25_Q4,2025-12-10,prepared,Doug Clark,mgmt,Adobe Inc,"Good afternoon, and thank you for joining us. With me on the call today are Shantanu Narayen, Adobe's Chair and CEO; David Wadhwani, President of Digital Media; Anil Chakravarthy, President of Digital Experience; and Dan Durn, Executive Vice President and CFO. On this call, which is being recorded, we will discuss Adobe's fourth quarter and fiscal year 2025 financial results. You can find our press release as well as PDFs of our prepared remarks and financial results on Adobe's Investor Relations website. The information discussed on this call, including our financial targets and product plans, is as of today, December 10, and contains forward-looking statements that involve risks, uncertainties, and assumptions. Actual results may differ materially from those set forth in these statements. For more information on those risks, please review today's earnings release and Adobe's SEC filings. On this call, we will discuss GAAP and non-GAAP financial measures. Our reported results include GAAP growth rates and non-GAAP growth rates, including constant currency rates. During this presentation, Adobe's executives will refer to constant currency growth rates, unless otherwise stated. Non-GAAP reconciliations are available in our earnings release and on Adobe's Investor Relations website. I will now turn the call over to Shantanu."
FY25_Q4,2025-12-10,prepared,Shantanu Narayen,mgmt,Adobe Inc,"Thanks, Doug. Good afternoon, everyone, and thank you for joining us. In fiscal 2025, Adobe delivered significant AI influence on AI-first ending ARR, which accelerated through the year. We achieved record revenue of $23.77 billion and non-GAAP EPS of $20.94, which represents outstanding financial performance. We're leveraging AI to accelerate innovation to anticipate and serve the needs of large and expanding audiences, business professionals and consumers, creators and creative professionals and marketing professionals. Our vision for business professionals and consumers is to deliver AI-driven, quick and easy applications that enable them to be creative and productive, consuming or generating content across multiple media types and channels. We do this by delivering new conversational and agentic interfaces in Adobe Reader, Acrobat and Express to provide a freemium integrated experience for billions of users. For creators and creative pros, our vision is to deliver the most comprehensive power and precision applications from ideation and creation to production and delivery. We've done an outstanding job of both creating our own commercially safe Firefly models as well as seamlessly integrating third-party partner models across Creative Cloud flagship applications like Photoshop, Illustrator, and Premiere. With the Firefly application, we're giving creators a rich set of generative AI capabilities that allow users to generate with Adobe and partner models, ideate with Firefly boards, and create and edit videos and images through conversational experiences blended with direct manipulation. Along with the Firefly app, we've introduced new products like Premiere Mobile with YouTube integration and Photoshop Mobile to further serve creators anywhere they create. We're transforming the enterprise content supply chain by integrating creative applications, workflow management, asset management, Firefly Services, and custom models with Firefly Foundry. We have the most comprehensive vision for marketing professionals whether they are freelancers or working at an agency or within an enterprise, to create a brand or address the expanding needs of the content supply chain in the era of AI to deliver customer experience orchestration solutions. Adobe Experience platform and apps power customer engagement and loyalty, Adobe Experience Manager and Agentic Web Solutions, including LLM Optimizer, Sites Optimizer and brand concierge deliver brand visibility and discovery. And Adobe GenStudio enables enterprises to optimize their full content supply chain to realize true personalization at scale. FY25 accomplishments and highlights include: establishing ourselves within leading AI ecosystems with partnerships and integrations across AWS, Azure, Google Gemini, HUMAIN, Microsoft CoPilot, OpenAI and others, offering unprecedented access, choice, and flexibility to customers, leading the way in AI innovation around conversational and agentic interfaces including products like LLM Optimizer and Acrobat AI Assistant, creating custom models through Firefly Services, Firefly Foundry and GenStudio as well as infusing AI within our applications, including Photoshop, Lightroom, Express and Premiere. We continue to leverage inorganic strategies to deliver more value to customers and are pleased with our recently announced intent to acquire Semrush to help brands enhance their visibility and expand audience reach, driving significant new user acquisition across individuals and enterprises with products including Acrobat, Creative Cloud, Express, and Firefly achieving total MAU growth of greater than 15% year over year. Accelerating adoption of our AI functionality by enterprise customers further highlights our leadership and their trust in Adobe's ability to deliver AI value seamlessly across workflows. In Q4, globally, we drove record bookings of deals greater than $1 million and achieved over 25% year-over-year growth in the number of customers with $10 million-plus in ARR. Our customer group strategy, large market opportunity, and product innovation drove strong FY25 results. This is the foundation for our FY26 total Adobe ARR growth target of over 10% and we're focused on accelerating this momentum beyond FY26. I'll now turn it over to David."
FY25_Q4,2025-12-10,prepared,David Wadhwani,mgmt,Adobe Inc,"Thanks, Shantanu. Hello, everyone. Digital Media had a record Q4, driven by user acquisition and expanded customer value across business professional and consumers and creators and creative professionals underpinned by two big areas of innovation: generative AI models and agentic experiences. Digital Media achieved revenue of $4.62 billion in Q4 and full year revenue of $17.65 billion, both of which grew 11% year over year. We exited the quarter with $19.2 billion of Digital Media ARR, growing ending ARR 11.5% year over year. As it relates to generative AI models, we have continued to develop our own commercially safe Firefly models, while dramatically expanding our ecosystem of GenAI model partnerships. The new Firefly Image 5 model is performing incredibly well with generation quality, native 4 megapixel resolution and industry-leading prompt-based editing capabilities. At Adobe MAX in October, we significantly expanded Firefly to become the only app with our own commercially safe models and over 25 leading partner models, including Google, OpenAI, Black Forest Labs, Luma, Runway, Topaz Labs, and ElevenLabs. These models are now integrated into our Firefly Express and Creative Cloud applications. We also announced advanced model capabilities, including custom model support for Firefly and Creative Cloud customers. Usage and monetization of new Adobe and third-party models is measured and charged through generative credits, different models, Firefly, Gemini or Flex, for example, and different media types, video and high-resolution images, for example, consume different quantities of generative credits. Generative credits are a great indicator of high-value usage and credit consumption increased 3x quarter over quarter. As subscribers consume more generative credits they have the choice of moving to higher value creative cloud offerings or acquiring Firefly credit add-ons. We also took a huge step forward in Q4 as we showcase the work we've been doing to atomize Photoshop, Express, and Acrobat capabilities as model context protocol endpoints at Adobe MAX. In addition to delivering applications, we are providing imaging, video, and productivity functionality in ChatGPT, CoPilot and other conversational platforms in order to deliver and monetize creative and PDF functionality in new services. Users will be able to work conversationally while still benefiting from the power and precision of Adobe's industry-leading features and direct manipulation tools, making it easier than ever to go from intent to outcome, whether editing a PDF, refining an image or generating a design. The advances in generative models and agentic capabilities position Adobe well to take advantage of the long-term opportunities servicing business professionals and consumers and creator and creative professional audiences. Our vision for business professionals and consumers is to deliver AI-driven, quick and easy applications that enable users to be creative and productive whether consuming or generating content across multiple media types and channels. The strategy is showing real traction, and we are driving strong business momentum. We revolutionized how users consume and comprehend documents by introducing Acrobat AI Assistant in FY24 and recently added PDF Spaces, allowing individuals and teams to create knowledge hubs to collaborate across multiple documents. Users package multiple documents, not just PDFs, but other file types and web links into a single workspace they can share with others, enabling a collaborative conversational experience. Usage of these AI features inside Acrobat and Reader has grown more than 4x year over year as users increasingly turn to Acrobat to help them discover insights, synthesize new ideas, and share knowledge. Adobe Express made significant advances in Q4 with the introduction of an AI assistant capable of generative content creation and complex editing. Express now supports generative presentations and designs, moving the industry into a post template world. Express AI Assistant is capable of conversationally editing images, flyers, presentations, infographics, and more. Innovations like these have contributed to significant Express mile growth. Adobe Acrobat Studio brings together the conversational consumption and comprehension capabilities of AI Assistant and PDF Spaces with the generative creation power of Express alongside the PDF tools people know and rely on into a unified offering. Customer reception of Acrobat studio has been strong with nearly 50% of Acrobat commercial ETLAs renewed in Q4 already upgrading to this offering, reflecting user enthusiasm for unified document comprehension and content generation. FY25 business professional and consumer accomplishments and highlights include: continued growth of Acrobat Web, which saw now increase over 30% year over year. Strong adoption of Express and Education with over 70% year-over-year growth of students with access to Express Premium. Over 45 new partners added to the Express ecosystem in Q4, including Bynder, Hootsuite, and Sprout Social. Over 25,000 businesses purchased Express or Studio for the first time in Q4 alone, accelerating quarter over quarter and key enterprise customer wins include Allianz, American Automobile Association, Bundeswehr Von Deutschland, Nippon Life, PwC, Sony, and the US Navy. Turning to creators and creative professionals. Our vision is to deliver the most comprehensive power and precision applications from ideation and creation to production and delivery. We continue to succeed in our goal to attract the next generation of content creators, provide creative professionals with game-changing generative AI capabilities, and automate content production at scale in enterprises. We are attracting new creators to Adobe through the Firefly application, which can be purchased through our Firefly Standard Pro and Premium subscription plans. Firefly has a rich set of generative AI capabilities that allow users to generate with Adobe and partner models, ideate with Firefly boards, and create and edit videos and images. Simply put, Firefly is a one-stop shop for accessing industry-leading models integrated into rich creative workflows at an affordable price. In addition, we're seeing strong adoption of Firefly from Creative Cloud customers as they embrace the growing breadth of AI models and tools seamlessly integrated into creative workflows. We drove 2x quarter-over-quarter growth in first-time subscriptions of Firefly. The release of Premiere Mobile in Q4 marks an important milestone in next-generation AI video editing. In partnership with Google and YouTube, we are introducing AI-driven audio and video tools to streamline how creators remix YouTube Shorts, which receive 200 billion daily views. Creative Cloud delivered massive new value at Adobe MAX, including the release of new models for generative fill, upscaling and prompt editing in Photoshop, reflection removal in Lightroom, Turntable, and Illustrator and smart masking in Premiere. We also announced the general availability of Firefly Boards, a new ideation surface that brings together everything creative professionals need to explore visual and design concepts with stakeholders using industry-leading models from Adobe and our partners. Use of AI in these applications continues to accelerate, underscoring the impact AI is having and what creative professionals can produce. As part of the overall content supply chain solution for marketing use cases, we continue to advance automated content production with Firefly Services that include video resizing, video reframing, image composition, image harmonization, digital twin generation and more. We also announced Adobe Firefly Foundry at MAX, which delivers enterprises with proprietary foundation models trained on their own content, data, and brand catalogs. Interest in Firefly Foundry has been strong from enterprise marketing teams and media and entertainment companies, where there is increasing desire to produce content faster and more cost effectively. FY25 creator and creative professional accomplishments and highlights include hosting Adobe MAX, the world's largest creativity event with over 10,000 members of the creative community in attendance with millions more online. The tremendous innovations we showcased earned over 2,000 articles and garnered 820 million video views, growing our base of creative users across Firefly, Express, Premiere Mobile, and other freemium offerings. MAU for these offerings surpassed $70 million in Q4, growing over 35% year over year, accelerating adoption of Firefly Services within enterprises with over 100 new deals signed in Q4, accelerating generative credit consumption in Creative Cloud, Firefly, and Express by individuals and enterprises, which grew approximately 3x quarter over quarter. Strength across all routes to market and geographies with particular strength in SMB, enterprise and emerging markets and key enterprise wins include Coca-Cola, HUMAIN, IKEA, JPMorgan Chase, Lowe's, Nintendo, and Sony. Over the last few years, we have extended our lineup to anticipate and serve the diverse needs of creative users. The continued strength of Creative Cloud, generative credits, and Firefly automation underscores the success of this strategy with creative professionals across both individuals and enterprises. The accelerated growth in Creative Premium MAU demonstrate success with offerings that target creators, consumers, and business professionals and is already starting to have an impact as evident in our Q4 results and FY26 targets. Overall, we delivered strong business results and record Digital Media net new ARR in Q4 and are excited about the opportunity in FY26. I'll now turn it over to Anil."
FY25_Q4,2025-12-10,prepared,Anil Chakravarthy,mgmt,Adobe Inc,"Thanks, David. Hello, everyone. Our success serving creative and marketing professionals in the enterprise has been driven by having the most comprehensive vision for customer experience orchestration, enabling enterprises around the world to deliver personalized experiences at scale in the era of AI. Digital experience had a strong close to the year, achieving revenue of $1.52 billion for the quarter and a record $5.86 billion in revenue in FY25. Subscription revenue in the quarter was $1.41 billion, representing 11% year-over-year growth. Adobe delivers the unified AI-powered platform for customer experience orchestration, planning brand visibility, content supply chain, and customer engagement. Adobe Experience Platform is a leading customer data platform that serves as the foundation in enterprises for digital customer engagement and brings together new AI-powered apps and agents to drive engagement and loyalty as well as to reduce costs. Our platform operates at scale with over 35 trillion segment evaluations and more than 70 billion profile activations per day. We released six new AI agents powered by AEP Agent Orchestrator reader to transform how business is built, deliver and optimize marketing campaigns and customer experiences. Subscription revenue for AEP and native apps grew over 40% year over year, demonstrating our continued leadership. We have the best pulse on digital conversations across search, social media and LLMs and enable marketers to get a unified view of where online traffic is originating, how to create and promote brands, and drive engagement and commerce. In fact, our most recent Adobe Digital Index data, which is based on online transactions across more than 1 trillion visits to US retail sites shows that generative AI traffic is up 760% thus far in the 2025 holiday season. Our data shows that AI-powered traffic from LLMs and agentic browsers is rising and requires different approaches to conversion, underscoring the growing importance of the agentic web and our opportunity to provide insights and automation to marketers. Brand visibility is critical to success in this new agentic web, and Adobe solves customer needs through solutions like Adobe Experience Manager, Adobe Analytics, and the newly available Adobe LLM Optimizer. The pending acquisition of Semrush, which we announced a few weeks ago, brings complementary assets to help us address marketers' growing need for sustained brand relevance in AI search. Over the past decade, Semrush's data-driven search engine optimization and generative engine optimization solutions have earned the trust of industry leaders like Amazon, JPMorgan Chase, and TikTok. Together, Adobe and Semrush will deliver a comprehensive solution to enable marketers to shape how their brands appear across own channels, LLMs, traditional search and the wider web. We anticipate the transaction to close in the first half of 2026, subject to regulatory approvals and other closing conditions. Adobe Brand Concierge, which was launched in Q4, is an AI-first application, enabling businesses to configure and manage AI agents that guide consumers from exploration to purchase decisions using immersive and conversational experiences. By uniting data, content, and agentic AI in a single experience, Brand Concierge gives businesses ownership of the critical discovery and consideration phase. We are pleased with the significant customer interest and the wins we had for Brand Concierge in Q4. The third pillar of customer experience orchestration is the content supply chain. GenStudio is our comprehensive offering, spanning content ideation, creation, production, and activation. At MAX, we introduced new scaled content production capabilities through Firefly Services and has model customization with Adobe Firefly Foundry and integration with a growing ecosystem of ad networks. Ending ARR for the Adobe GenStudio solution grew over 25% year over year as the world's leading brands increasingly turn to Adobe to power their content supply chain. FY25 marketing professional accomplishments and business highlights include: strong customer demand for our newly introduced agent web offerings with over 50 customers in Q4 for Adobe LLM Optimizer, Sites Optimizer, and Brand Concierge; growing international momentum, resulting in a record quarter for our enterprise business in our Europe, Middle East and Africa and Asia regions, expanded ad network partnerships with Amazon, Google, LinkedIn, Microsoft, Snap and Tiktok. Q4 industry analyst recognition, including being named a leader in the Forrester Wave for digital experience platforms; and three, Gartner Magic Quadrant, including multichannel marketing hubs, B2B marketing automation platforms, and digital asset management. And key global customer wins for the quarter include AstraZeneca, AT&T, Citigroup, Comcast, Costco, CVS Health, Ernst & Young, General Motors, IKEA, JPMorgan Chase, Lowe's, NatWest Group, PwC, Sony, Walgreens, Wells Fargo, and Woolworths Group. Customer experience orchestration continues to be a critical area of investment for companies of all sizes. We are helping brands across the world turn the promise of AI into tangible marketing ROI. As a leader, we're well positioned to grow our business and help our customers drive customer loyalty, revenue growth, and profitability. I'll now pass it to Dan."
FY25_Q4,2025-12-10,prepared,Daniel Durn,mgmt,Adobe Inc,"Thanks, Anil. Today, I'll start by summarizing Adobe's performance in Q4 and FY25, highlighting growth drivers, and I'll finish with our targets. In FY25, Adobe delivered record revenue of $23.77 billion, growing 11% year over year as reported and in constant currency. GAAP EPS for the year was $16.70 and non-GAAP EPS was $20.94, growing 35% and 14% year over year, respectively. We delivered over $10 billion in operating cash flows, while investing in AI product innovation. We executed record share repurchases totaling nearly $12 billion, reducing our shares outstanding by over 6% during the year, underscoring our confidence in the company's long-term opportunity. FY25 business and financial highlights included: Digital Media revenue of $17.65 billion, growing 11% year over year as reported and in constant currency. Digital Experience segment revenue was $5.86 billion, growing 9% year over year as reported and in constant currency. Digital Experience subscription revenue was $5.41 billion, growing 11% year over year as reported and in constant currency. Digital Media ending ARR was $19.2 billion, growing 11.5% year over year, exceeding our prior target of 11.3%. Over 75% of Digital Media net new ARR was driven by continued growth in subscriptions and cross-sell and upsell with the remainder from value-based pricing, reflecting the success of our customer acquisition strategy. Total Adobe ending ARR across business professionals and consumers and creative and marketing professionals, up $25.2 billion, growing 11.5% year over year. Cash flows from operations of $10.03 billion and ending cash and short-term investment position of $6.6 billion, RPO of $22.52 billion exiting the year, growing 13% year over year or 12% in constant currency and CRPO growing 11% as reported or 10% in constant currency, and repurchasing approximately 30.8 million shares of our stock during the year. We currently have $5.9 billion remaining of our $25 billion authorization granted in March 2024. In Q4, Adobe achieved revenue of $6.19 billion, growing 10% year over year as reported and in constant currency. GAAP EPS in Q4 was $4.45, and non-GAAP EPS was $5.50, increasing 17% and 14% year over year, respectively. Q4 business and financial highlights included: Digital Media revenue of $4.62 billion, growing 11% year over year as reported and in constant currency. Digital Experience segment revenue was $1.52 billion, growing 9% year over year or 8% in constant currency. Digital Experience subscription revenue was $1.41 billion, growing 11% year over year as reported and in constant currency. Total new AI influenced ARR now exceeds one-third of our overall book of business as we integrate AI deeply into our solutions and continue to launch new AI-first offerings, which are now included as part of the AI influence metric. As we've shared over the past year, our strategy is to drive the entire book of business with AI influence solutions. Record net new Digital Media ARR growth reaccelerated year over year driven by strong demand for AI influenced offerings, including Creative Cloud Pro, Acrobat, and Express as well as AI-first products, including Firefly. When combined with the strong net new digital experience ARR in Q4, we delivered record net new total Adobe ARR in the quarter. Record cash flows from operations of $3.16 billion, adding a record $2.08 billion to RPO in the quarter. For business professionals and consumers group, subscription revenue was $1.72 billion, increasing 15% year over year as reported or 14% in constant currency. Q4 growth drivers for business professionals and consumers included double-digit ending ARR growth with strength across digital, SMB and enterprise and across all geographies. Mobile ending ARR grew greater than 30% year over year. Monthly active users of Acrobat in Express surpassed $750 million, growing 20% year over year and strong customer reception of Acrobat Studio with nearly 50% of Acrobat commercial ETLAs renewed in Q4, already upgrading to this offering. For the creative and marketing professionals group, subscription revenue was $4.25 billion, increasing 11% year over year or 10% in constant currency. Q4 growth drivers for creative and marketing professionals included: growth in Creative Cloud driven by CC Pro, growth in single apps driven by strength in Photoshop and Lightroom, consumption of generative credits in Creative Cloud, Firefly and Express increased 3x quarter over quarter, significant web and mobile user acquisition across Firefly, Express, Premiere and our other freemium offerings, growing over 35% year over year to greater than 70 million monthly active users. AEP in apps ending ARR grew over 30% year over year. Demand for content automation offerings like Firefly Services and Firefly Foundry with ending ARR more than doubling year over year. GenStudio solution ending ARR grew over 25% year over year and continued success in the enterprise, adding a record number of customers to the group with ARR exceeding $10 million. Total customers with ARR over $10 million grew 25% year over year to over 150. On November 19, we announced the intent to acquire Semrush Holdings for an equity value of approximately $1.9 billion in an all-cash transaction. We expect the transaction to close in the first half of FY26, subject to regulatory approvals and other customary closing conditions. We expect the non-GAAP EPS impact of the acquisition to be negligible in the first year post close and accretive thereafter. Let me now turn to our financial targets, which assume current macroeconomic conditions. Our targets do not include any contribution from Semrush. As is customary, we revalued ending ARR at the end of FY25, which resulted in a $460 million increase to total Adobe ARR from $25.2 billion to $25.66 billion entering FY26, primarily from FX rate changes. We've now provided historical information on total Adobe ARR going back to FY23 in our investor data sheet. For FY26, we're targeting total Adobe revenue of $25.9 billion to $26.1 billion. Business professionals and consumer subscription revenue of $7.35 billion to $7.4 billion, creative and marketing professional subscription revenue of $17.75 billion to $17.9 billion. Total Adobe ending ARR book of business growth of 10.2% year over year. GAAP EPS of $17.90 to $18.10 and non-GAAP EPS of $23.30 to $23.50. This total Adobe ARR book of business growth target of 10.2% translates to approximately $2.6 billion of growth, which would be our highest beginning of year guide for total net new ARR. This target is based on the strength exiting FY25 and continued momentum across all three audiences: business professionals and consumers, creators and creative professionals, and marketing professionals. Our FY26 targets anticipate non-GAAP operating margin of approximately 45.0%, a GAAP tax rate of approximately 20.5%, and a non-GAAP tax rate of approximately 18%. This non-GAAP tax rate is based on a three-year projection and may be adjusted for changes in the future. For Q1 FY26, we're targeting total Adobe revenue of $6.25 billion to $6.3 billion, business professional and consumer subscription revenue of $1.74 billion to $1.76 billion, creative and marketing professional subscription revenue of $4.3 billion to $4.33 billion, GAAP EPS of $4.55 to $4.60, and non-GAAP EPS of $5.85 to $5.90. For Q1, we expect non-GAAP operating margin of approximately 47.0%, a GAAP tax rate of approximately 21.5%, and a non-GAAP tax rate of approximately 18%. In summary, Adobe delivered another outstanding year, fueled by strong global demand for our AI solutions across business professionals and consumers and creative and marketing professional customer groups. Our disciplined execution and strategic investments position us to extend our leadership as we deliver an ecosystem of AI models, conversational interfaces, and agentic experiences. Looking ahead to FY26, we're confident in our ability to deliver industry-leading innovation, double-digit ARR growth, and world-class profitability. Shantanu, back to you."
FY25_Q4,2025-12-10,prepared,Shantanu Narayen,mgmt,Adobe Inc,"Thanks, Dan. Our success is fueled by the incredible ingenuity of our global employees who are passionate about delivering innovation with relentless execution in service of our expanding customer base. Adobe is well positioned to seize the immense market opportunities that we are creating, driving continued growth and shaping the industry in 2026 and beyond. Thank you, and we will now take your questions. Operator?"
FY25_Q4,2025-12-10,qa,Operator,operator,,"(Operator Instructions) Mark Murphy, JPMorgan."
FY25_Q4,2025-12-10,qa,Mark Murphy,analyst,JPMorgan Chase & Co,"Congratulations on a great finish to the year. Shantanu, down at Adobe MAX, the energy, the enthusiasm was just truly phenomenal. And it felt to us like a breakthrough moment, talking to customers down that there was just quite a bit of interest in Firefly Foundry specifically because the customers can end up with this private AI model and something that will understand their identity and their style. Can you speak to how customers are starting to use Foundry in the early stages? And perhaps just what type of economic potential that might be able to unleash for Adobe?"
FY25_Q4,2025-12-10,qa,Shantanu Narayen,mgmt,Adobe Inc,"Sure, Mark. And thanks for the comment. I'll start and then maybe David can add as well. And I did see in your report that you had sort of the work that you've been doing behind the scenes to understand customer sentiment. So we appreciate that. From our perspective, we just look at it and for enterprises, the entire content supply chain, GenStudio is really the offering that we want to provide that takes care of every aspect of their content production whether it's the creation part of the campaign, whether it's then creating custom models, whether it's training it at the back end, whether it's automating it and then certainly, delivery. And so Firefly Services is off to a great start, continued, I think, in the prepared remarks. David talked about the hundreds of deals that we're signing in that particular space. And Foundry just takes it to a different level in terms of our ability to customize whether it's for a retailer, whether it's for media and entertainment, the ability to do a lot more. So we really view that as a massive opportunity in terms of whether it's a marketing team or the entire media and entertainment workflow that allows them to create content, deliver that content, localize it. But maybe, David, you can add to some of the sort of customers and what we can do there as well."
FY25_Q4,2025-12-10,qa,David Wadhwani,mgmt,Adobe Inc,"Yes. As Shantanu talked about, because we have this great position with GenStudio and the content supply chain, we've been hearing more and more from customers that in order to take it to the next level, they need more than what off-the-shelf models can provide. And as a result, we introduced Foundry, like you mentioned at MAX and the core value is that we train on their content, their data and their brand guidelines. We're able to generate images, videos, audio and 3D models, and we operate it as a managed service. So marketing teams can then train on product shots, environment, styles, brand guidelines and media companies actually train on their individual franchises whether it's a movie or whether it's a series. They'll train their characters, their set, their props, their locations so they can generate the whole thing. I'll give you one example from a financials or economics perspective, let's say, media and entertainment company we're working on. And I'm rounding the numbers here, but to give you a little bit of context, let's say, that organization was spending $10 million with us ARR on our core creative products that we've been selling with them. We ran a sales process with them and engagement with them for about six months. We were able to sell them Firefly Services and Firefly Foundry for about $7 million, so a pretty significant step-up in terms of the engagement that we have with the customer, we were able to train models within two or three months and now we're running some of those models specifically as managed services for them for ideation and production processes. They're already seeing increased efficiency in content production. They're able to generate more production content, and they're now getting into opportunities that are revenue-bearing opportunities like increasing the types of content they produce for social shorts and personalizing more of it for fan engagement with integration with our real-time CDP. And of course, that's with just a few of their franchises more opportunities to expand beyond that. So very excited."
FY25_Q4,2025-12-10,qa,Shantanu Narayen,mgmt,Adobe Inc,"And maybe one last thing to just punctuate what David said. So the vision clearly is that for every single brand, if you're a consumer company or for every single TV show or a movie, we can create a foundry specifically for that particular franchise, as David said, because the ability to help with the automation of that content and production is massive."
FY25_Q4,2025-12-10,qa,Operator,operator,,"Matt Swanson, RBC Capital Markets."
FY25_Q4,2025-12-10,qa,Matthew Swanson,analyst,RBC Capital Markets Inc,"I had a question kind of as we expand the product portfolio and the go-to-market motion of really mirroring up the Creative Cloud and the Experience Cloud. Could you just talk about maybe the ROI focus on kind of justifying the value creation of these new productivity enhancements, right? We've seen through all your product demos how much more content can be created, but really being able to marry that up to results and really kind of why is it a good thing for the enterprise that they have all these new capabilities."
FY25_Q4,2025-12-10,qa,Shantanu Narayen,mgmt,Adobe Inc,"Well, if you take a step back, Matt, and you think about every single business, I mean, there are trillions of dollars that are spent in marketing. And our opportunities to really say we can help you make sure that that content is more personalized. I'll have Anil also add after this and deliver it. And the fact is that since we can deliver that content through an ad network and then we understand through our analytics, where that is resulting in traffic, where that is resulting in conversion where that's not, we're the only company that can close the loop from the creation of a campaign, the execution of that campaign as well as then actually looking at what that causes in terms of commerce. And so I think our real value proposition and all of this is that as increasingly people are saying, hey, I want to use AI to create more. We can not only optimize and accelerate the amount of content that they're producing, but we're the only company that can then help them say, hey, this caused so much traffic. And I think we can speak more to that as well as it relates to what we are doing around search, LLM, and ROI."
FY25_Q4,2025-12-10,qa,Anil Chakravarthy,mgmt,Adobe Inc,"Exactly, Shantanu. Depending on the industry, 10% to 20% of the total marketing budget is actually spent on content, on content creation and production. And exactly with the content supply chain, the solution we offer through GenStudio: one, we are helping them reduce the content production -- creation and production costs. But equally importantly, we're helping them create the content in a much more agile manner and create a lot more content. So most marketers are moving from traditional marketing channels to a lot of the new channels like Shantanu were saying, digital channels, both for paid media as well as their own media. And that requires a lot more agility in content production. Therefore, the content supply chain solution that we offer helps them get a lot more effectiveness out of their marketing and better ROI."
FY25_Q4,2025-12-10,qa,Operator,operator,,"Alex Zukin, Wolfe Research."
FY25_Q4,2025-12-10,qa,Ivan Radojicic,analyst,Wolfe Research LLC,This is Ivan here on the line for Alex. Maybe one question on going back to Semrush acquisition. Can you maybe talk a little bit about what was the strategic rationale? A little more color on that and maybe how we should think about the series from the deal for next year.
FY25_Q4,2025-12-10,qa,Anil Chakravarthy,mgmt,Adobe Inc,"Yes. If you look at what's top of mind for market is, right now, when we think of customer experience orchestration, brand visibility is one of the key areas that's top of mind for marketers. How their brands appear, how they're positioned, especially in new channels like the LLM, whether it's ChatGPT or Google or Perplexity, that's top of mind for marketers. So one of the things that we do really well, by bringing Adobe and Semrush together, we will be able to offer a comprehensive solution for marketers so that whether it is their own media, like their own website and their mobile apps, whether it is earned media, like these LLMs or our cross-search engines, they have one solution that helps them improve their brand visibility and make sure that they understand what customers are searching for, what prospects are actually searching for or prompting for and they are in the right places in the right way with their brands. And we are the only ones that can offer a comprehensive solution to be able to do that across their own channels as well as all of these new channels like LLMs in addition to search engines."
FY25_Q4,2025-12-10,qa,Shantanu Narayen,mgmt,Adobe Inc,"Maybe the one thing I'll say is also based on the previous question that Matt had, when we think about our own spend and how we do this at Adobe as we're engaging with billions of customers, being able to provide an integrated way of spending money across search, across LLMs and understanding what is the relative efficiency of that, I think most companies would say when they're seeing their business move up and to the right, it's now coming from a more diverse set of channels. And this just allows us between the search engine and the generative engine to provide this unified approach. So I think it's very unique, and then we can provide the analytics for folks. So I think combining both your questions, this is why the excitement around the creative and marketing and the combination of that is something that really gives us a lot of confidence."
FY25_Q4,2025-12-10,qa,Operator,operator,,"Keith Weiss, Morgan Stanley."
FY25_Q4,2025-12-10,qa,Keith Weiss,analyst,Morgan Stanley,"Congratulations on the solid end of the year. Maybe a kind of longer-term focus question. You guys have been clear that the strategy is proliferation first and then kind of monetization going forward when it comes to a lot of these technologies and a lot of the innovation that you're pushing into the base. And I think some of the metrics that we're seeing in Q4 are getting us a little bit excited that we're starting to see some of that ability. You guys talked about monthly active users up over 15%. So the user base is growing. You talked about 3x growth in the usage of the models on a quarter-on-quarter basis, so the usage is ramping up. When can we potentially see this sort of grow the totality or stabilize or accelerate the totality of growth at Adobe? Meaning, another -- when do we see a year where ARR growth is stable, right, on a year-on-year basis are actually improving because I think that's what investors really want to see to get more confident in the stock and start revisiting the stock and coming back to the shares?"
FY25_Q4,2025-12-10,qa,Shantanu Narayen,mgmt,Adobe Inc,"Yes, Keith. I mean, from my perspective, Q4 was a really strong quarter and frankly, starting to be this inflection in terms of as we see the leading indicators, what is happening across the leading indicators, which gives us a lot of confidence. And that's why when you look at the total Adobe ARR growth target, which translates to approximately $2.6 billion, that's the highest beginning of the year guide for total net new ARR. But unpacking your question, you're absolutely right. I mean, when we think about how we've innovated in AI and transformed the business to serve the massive customer audiences that we see, what we've done a really good job of is in the business pros and consumers, you're seeing the MAU increase. You've seen the fact that we've got this technology in front of a lot of people. We've got usage. You saw the metrics that I think David provided there in terms of what's happening on the freemium usage of that. So that's the early indicator. On the Creative Pro, what we have seen across all three parts of the business, which is what's happening in Creative Cloud, what's happening in Firefly as a new app, and to the earlier question, Firefly Foundry, the automation associated with that. So we look at all of the three markets that we serve. And I think in the data as well, I'm sure you looked at the fact that when you look at what's happening on the creative business, you can see, given you have underlying visibility into the core creative subscription, that is now growing sequentially quarter over quarter. And that's coming. Frankly, the record digital media ARR is coming as a result of all three of them. So I think we're pleased not just with the strong Q4, but underlying how we've actually changed the sort of underlying part of the business to be whether it's on mile, whether it's infusing AI, whether it's on higher-value products. And combining all of that, frankly, for the enterprise, which we continue to think is a differentiated strategy for us. So we have to just keep executing. But I think Q4 was an inflection in the early indicators, which we continue to track."
FY25_Q4,2025-12-10,qa,Operator,operator,,"Mark Moerdler, Bernstein."
FY25_Q4,2025-12-10,qa,unidentifiedparticipant,analyst,,"This is [Shelly] calling on behalf of Mark. Congratulations on a solid quarter. Total Adobe and ARR growth this year ended at 11.5%. And next year, you're guiding to 10.2%. Could you help us understand what is driving the difference between this year's growth and the guidance? Is it certain parts of the market that you think might behave differently next year versus this year?"
FY25_Q4,2025-12-10,qa,Shantanu Narayen,mgmt,Adobe Inc,"Well, first, I guess there's another call that's also going on. But from our perspective, when we look at it, I think you have to look at it also in terms of the absolute and the target actually shows momentum across all of these audiences. And so if you think that we've accomplished approximately $2.6 billion, this actually starts our guide for fiscal '26 at that level. So I think from our perspective, it's showing the momentum that we have. And to your second question, as we think about the ARR across the business professionals and consumers as well as the creative and marketing professionals, this is predicated on our confidence associated with all three customer groups as opposed to one of them. Again, to the question that Keith asked earlier, it reflects the progress that we made on Express and Acrobat, whether it's with AI system, whether it's with PDF Spaces, whether it's with infusing creativity into that offering. Firefly in Creative Cloud and Creative Pro, CC Pro offering, Firefly Services. So across the board, and (inaudible) and apps, Anil talked about [AEP] and apps, I talked about GenStudio, brand visibility as well as the acquisition of Semrush that will -- when that happens based on all the regulatory conditions that we need to fulfill. That also adds to our offering. So we're pleased with our performance in Q4, and we're excited about the future."
FY25_Q4,2025-12-10,qa,Operator,operator,,"Jake Roberge, William Blair."
FY25_Q4,2025-12-10,qa,Jake Roberge,analyst,William Blair Capital Partners,"Good to see the partnership announcement and integration with ChatGPT. David, as you expand to these new surfaces outside of the Adobe ecosystem, how are you thinking about driving monetization of that usage or converting those users over to your platform?"
FY25_Q4,2025-12-10,qa,David Wadhwani,mgmt,Adobe Inc,"Yes. Our focus has always been around sort of meeting customers where they are. And that used to predominantly be focused on search and the web, and now we're seeing this incredible growth with LLMs. And so we are taking all of our technology and making sure that it can run in these LLMs. They represent, in our mind, a great top of funnel. They let us reach new users that we typically wouldn't have reached with some of the traditional markets that we go through, and we can engage them in new ways. And it gives us the journey work that's already in there, gives us the opportunity to flow them into our full paid plan. So it's a real top of full game with a conversion opportunity on the back end of that. And one of the -- maybe the more important elements and moments of why this is such a critical moment for us is that as LLMs start embracing these model context protocols, these MCP end points, it's no longer that these LLMs are about a prompt to a model and a response. It now gives us the opportunity to have the LLMs actually work with models and APIs and that plays to a really strong strength that we have and durable differentiator given the incredible APIs we have across creativity and productivity. So it lets us reach a lot more customers. It lets us automize the capabilities, double down on the freemium experience that we've been putting in place, as Keith mentioned, our creative freemium now grew over 35%, and this just continues to drive that. And we're starting to see the tail end of that turn into conversion and show up in our results."
FY25_Q4,2025-12-10,qa,Operator,operator,,"Michael Turrin, Wells Fargo."
FY25_Q4,2025-12-10,qa,Michael Turrin,analyst,Wells Fargo Securities LLC,"You mentioned credit consumption up 3x this quarter. I was just hoping to hear a bit more around what you're seeing from an overall consumption perspective, how third-party models are impacting that? And if you're becoming at all more confident in monetizing or forecasting consumption? And then secondarily, from your perspective, are there better or worse scenario for us to be thinking about in terms of which of the larger models win [mile] share in the market for Adobe just given, I think you've seen a lot of differing opinions of that, especially of late?"
FY25_Q4,2025-12-10,qa,David Wadhwani,mgmt,Adobe Inc,"Yes. Happy to take that. So just for the broader group on the call, if you take a step back, we introduced generative credits a few years ago when we introduced generative AI into our products. And customers get credits in a couple of different ways. First, all of our plans now come with some base level of credit access. And of course, higher end plans include more credits. The second thing is that when customers deplete their credits, they can get more credits in one of two ways. They can upgrade to a higher-end plan and/or they can purchase generative credit add-on packs. And as we think about the growth algorithm associated with this, it's really a multiplier across four different things. First of all, the number of apps that have these generative capabilities, times the number of media types that we support, times the number of use cases and workflows that we've integrated these into, times the number of models that we have that we -- that people are able to use. And we had major updates for all of these at MAX earlier this -- earlier in Q4. From an apps perspective, we now have these generative capabilities into our Firefly app, our creative cloud applications, including Photoshop, Premiere, Lightroom, obviously, also in the Creative Cloud Pro offer that we have. From a media type perspective, we've been doing a lot with images, video, audio design. We've seen a huge inflection in terms of video consumption in particular. So that's been a great sort of contributor to the growth we're seeing. In terms of use cases, we've been focused on editing use cases. We've been expanding those editing use cases, but we also introduced Firefly Boards, which is around ideation that generates hundreds of images or videos or designs and also bulk generation at the end of the process for individuals that want to do bulk actions on things. And then last, it's the models continue to get better with Firefly and our partner models -- we're seeing higher resolution outputs. We're seeing higher density and quality. All of those things also increase the number of credits that are getting consumed. And so in addition to all that, we announced a big amplifier to onboarding, which was we have a very attractively priced plan with our Firefly apps. It's really an all-in-one offer. You can get the world's best models from Adobe and third parties, and they're fully integrated into these amazing workflows at a very attractive onboarding price. So all of that led to the 3x quarter-over-quarter growth in generation. And as a result of that, as we touched on, we're starting to see increasing user upgrades to higher-priced brands and including credit pack add-on. So we're excited, and you saw that in some of the numbers. And our vision here is we'll work with all the great model providers, of course, including the work we're doing internally, and we will increasingly be the single destination that everyone comes to access those models."
FY25_Q4,2025-12-10,qa,Doug Clark,mgmt,Adobe Inc,"Operator, we have time for one more question."
FY25_Q4,2025-12-10,qa,Operator,operator,,"Keith Bachman, BMO."
FY25_Q4,2025-12-10,qa,Keith Bachman,analyst,Bank of Montreal,"David, I'd like to direct this to you, if I could, and just ask you how you're thinking about the components of the construct of growth over the course of FY26? And if I break it into two parts, just wondering if you could comment specifically on seats within the creator and marketing professionals? Not looking for specific numbers, but if seat growth remain steady within that category, it looks like you're filling the top of the funnel across the board. But really, what I'm asking about is paid seat growth. Would you anticipate that that remains steady in FY26? And then the second part of the question is, in the prepared remarks, digital media more broadly, it was 75% was upsell in price and then the balance was basically price. And what I'm asking -- the spirit of the question is, despite growing competition, do you think pricing is still a lever that you can draw on to support growth in '26 and beyond?"
FY25_Q4,2025-12-10,qa,David Wadhwani,mgmt,Adobe Inc,"Yes. Happy to take that. A few things. One is, I know we've spent a number of time -- a number of -- a couple of years with all of you explaining the evolution of the product lineup. A few years ago, we used to have in the creative ecosystem, we used to have Creative Cloud, all apps and Creative Cloud single apps. And one of the most important things we've done over that period of time is to really look at where and how consumers or business professionals want to engage with creativity, and we found that it's very different. So when it comes to our lineup, we now have an increasing number of freemium offers with business professionals with the introduction of Express, but also the introduction of Acrobat Studio, which is off to a great start. We have a specific offer for creators with everything we're doing with the Firefly application. And again, that's another freemium offer, but also has a nice sort of tiered pricing associated with it. We have a strong momentum with Creative pros and those using the Creative Cloud applications. We've mentioned in the past and we continue to see very strong migration over to the Creative Cloud Pro Plan, the higher value plan that has more generative capabilities embedded in it. And we have, at the very tail end of that process, we have the ability to do all of this automation work that we have associated with Firefly Services and Firefly Foundry integrated into GenStudio. So as we look at creativity and how it's seeped into all of these different flows, we feel really good in the first two, as we said, with the freemium MAU increasing over 35% year over year and our ability to start converting some of that MAU with the plans that we have in place now with both Express and Acrobat Studio and with everything we're doing with Firefly. And we're continuing to see strong usage that 3x growth we talked about. You see a lot of creative professionals actually using that and starting to see more and more and more reliance and value from that in addition to what we're seeing in the enterprise. So overall, we're seeing strong seat growth. We continue to believe that we have a lot of user acquisition ahead of us. We continue to see a lot of value to pricing opportunity with creative professionals, and I think there's a lot more ahead of us on that. And as we mentioned in that case with media -- the media company and enterprise is at the highest end, we think that automation is going to be a really good addition and sort of additional rocket engine to what we do."
FY25_Q4,2025-12-10,qa,Shantanu Narayen,mgmt,Adobe Inc,"Thanks, David, and thank you all for joining us since that was the last question. What I wanted to, again, to summarize, was not only was Q4 a strong end to the year. I would say fiscal '25, we just continue to execute. And in particular, I'm pleased with three aspects of what we are focused on. The first is certainly our customer groupings as we provide these tailored offerings for business professionals and consumers and creative and marketing professionals; how we've embraced AI and infused AI in all of those offerings demonstrating that that's the value that people look as they increasingly adopt our solutions. And something that we probably talked a little less about, but the execution that we have across all routes to market. And so whether that's what we are doing on digital, online, in terms of engaging with our customers, what's happening both through the channel as well as our phone in terms of selling to small and medium businesses. And certainly, at the higher end, the strategic partnerships and the relationships that we're creating at the enterprise across our combined offerings. So thank you for joining us. Happy holidays, and we look forward to continuing to execute against our strategy and sharing more with you in the future. Thank you."
FY25_Q4,2025-12-10,qa,Operator,operator,,Thank you. That does conclude today's conference. We do thank you for your participation. Have an excellent day.
FY26_Q1,2026-03-12,prepared,Shantanu Narayen,mgmt,,"Thanks, Doug. Good afternoon, everyone, and thank you for joining us. Earlier today, we announced that I will be transitioning from my role as CEO after over 18 years and 100 earnings calls. Over the coming months, I will be working with Frank Calderoni, Adobe's Lead Director and the Board of Directors to identify my successor and to ensure a smooth transition. Until then, I will continue to lead Adobe as CEO and will stay on as Chair of the Board to support my successor just as John and Chuck did when I took on this role. What attracted me to Adobe 28 years ago remains unchanged: our leadership in creating new market categories, world-class products, a relentless drive to innovate in every functional area of the company and our employees who continue to invent the future. The privilege of leading this company has been the greatest honor of my career, and I'm committed to setting it up for its next decade of growth with the right leader and executive team in partnership with the Board while driving our fiscal '26 strategic priorities. Our mission to empower everyone to create represents an even larger opportunity in the AI era. Let me outline what Adobe is doing to drive our top line growth, while maintaining a high level of profitability. As a company that has prided itself on creating categories, our AI transformation begins with a focus on customer-centric product strategy to anticipate and fulfill the diverse needs of a large and growing customer base. At Adobe, we are targeting business professionals and consumers and creative and marketing professionals through differentiated AI-infused and AI-first product offerings across various routes to market and different monetization models. With creativity at the core, we are expanding innovation in all our flagship applications as well as investing in new offerings. These new products include Adobe Acrobat Studio with Adobe Express, Adobe Firefly and Adobe GenStudio. Our new AI-first offerings ending ARR more than tripled year-over-year, reflecting progress against this opportunity with individuals and enterprises alike. Adobe's continued success in AI will be underpinned by our deep understanding of creativity domains, the vast amount of data to which we have access, delivery of complex workflows driving business outcomes, and a great brand across individuals, small and medium businesses and enterprises. Content is at the heart of all Adobe solutions, which powers educational, social, marketing, brand, entertainment and business content. Our growth has always been fueled by attracting new users, individual consumers, students and business professionals into our products, delighting them and driving adoption. We're ruthlessly focused on monthly active users as an indicator of adoption and success for Acrobat and Express, Creative Cloud applications and Adobe Firefly across different surfaces, including desktop, web, mobile and LLM platforms. In Q1, we surpassed 850 million monthly active users of Acrobat, Creative Cloud, Express and Firefly, achieving 17% year-over-year growth, a clear indication that we have both strong usage and a foundation for monetization. In addition to broad end-user adoption, Adobe has always been a trusted partner for enterprises and we're increasingly being asked to help them drive their AI strategy across customer experience orchestration globally. Enterprises are looking to the combination of employees and automation to deliver on the demands of content and marketing at scale. Agentic AI will further enable outcome-focused enterprise workflows as customers look beyond speed to elevate creative differentiation, brand governance and personalized experiences across channels. Adobe's end-to-end solutions are uniquely designed to meet these needs at scale. Strong momentum across our enterprise offerings underscores our leadership and customer confidence in Adobe's ability to deliver AI-driven value. In Q1, globally, we achieved over 30% year-over-year growth in AEP and apps as well as Adobe GenStudio ending ARR. Our goal has always been to meet customers wherever they work across the broad range of surfaces they use every day and emerging new platforms have always been additive to our market opportunity. In addition to Windows, Mac, iOS, Android, Chrome and Edge, we intend to integrate with leading AI platforms such as Anthropic, Google, Microsoft, NVIDIA and OpenAI, providing customers with access, choice and flexibility. We're jointly driving enterprise transformation at scale in collaboration with global leaders such as Accenture, Cognizant, Deloitte, Dentsu, EY, IBM, Infosys, Omnicom, Publicis, PwC, Stagwell, TCS and WPP. Given the strategy, I'm pleased with how Adobe is transitioning to an AI-driven business. We had a strong start to the year achieving $6.4 billion in revenue in Q1, representing 11% year-over-year growth. GAAP earnings per share for the quarter was $4.60 and non-GAAP earnings per share was $6.06, representing 11% and 19% year-over-year growth, respectively. Driving this momentum were Acrobat and Express, Creative Cloud Pro, overall strength in the CXO enterprise solutions as well as in our AI-first applications. Importantly, we saw tremendous MAU growth in our new initiatives that dampens ARR in the short term but sets us up to deliver in the quarters ahead. As we continue to transform the business to capitalize on the AI opportunity, our customer-focused strategy, rich product road map, innovation momentum and early success across all routes to market position us well to empower everyone to create. I'll now turn it over to David."
FY26_Q1,2026-03-12,prepared,David Wadhwani,mgmt,,"Thanks, Shantanu. Hello, everyone. AI is fundamentally reshaping how people create and work. As experiences become increasingly conversational and outcome-driven, more people than ever will benefit from our creativity and productivity tools. Our approach is to expand access to AI across our existing audiences in products like Creative Cloud and Acrobat, reach new audiences with products like Firefly and Express and help automate content production in enterprises with Firefly Enterprise. As we execute on our strategic initiatives, we're pleased with the progress we're making against 3 growth drivers. First, new user acquisition is gaining momentum and we are reaching more new users than ever before as measured through the growth of monthly active users. Notably, creative freemium MAU crossed 80 million, growing 50% year-over-year and includes web and mobile versions of Firefly, Express, Premiere, Photoshop and Lightroom. Second, AI usage continues to grow quickly, as measured through record levels of generative credit consumption. Third, our content automation solutions continue to see strong enterprise adoption, as measured through record numbers of API calls. These metrics highlight that we're executing against our strategy to empower individuals and businesses to create content in new ways in the era of AI. In the first quarter, subscription revenue for Business Professionals & Consumers was $1.78 billion, growing 15% year-over-year. Our vision for business professionals and consumers is to deliver AI-powered applications that reinvent how users comprehend, create and share content. PDF Spaces transforms collections of files and links into dynamic knowledge hubs that allow you to easily collaborate with others. Acrobat AI Assistant provides users conversational experiences that help them comprehend information faster and more accurately with an individual PDF or across documents in the PDF Space. Our Acrobat and Express integrations empower users to turn content they're consuming into generated presentations, infographics, audio summaries and more. It's clear that these AI-based capabilities are resonating with users as AI Assistant MAU doubled year-over-year and Express MAU tripled year-over-year. Express is now used in 99% of U.S. Fortune 500 companies. In Q3, we introduced Adobe Acrobat Studio, a single offering that brings together all these AI creative capabilities with the PDF tools users know and rely on. Subscription upgrades to offerings that include Acrobat Studio value are off to a strong start across routes to market, including adobe.com and enterprise license renewals. We are embedding Adobe's capabilities directly into new conversational platforms. In Q1, we have launched Acrobat and Express for ChatGPT, significantly expanding the reach of our creativity and productivity workflows. You can expect to see similar integrations into Copilot, Claude and Gemini as those platforms support integrated application experiences. We activated new Express partnerships, including Airtel in India, illustrating how our distribution strategy continues to accelerate new user acquisition at scale. Partnerships like these are helping to drive momentum across our Business Professional & Consumer offerings across individuals and businesses. Subscription revenue in Q1 for Creative & Marketing Professionals was $4.39 billion, growing 11% year-over-year. Our strategy for creators and creative professionals is to empower everyone to create, from first-time creators to seasoned professionals to large enterprises seeking to scale content production. Firefly, an all-in-one creative AI studio, is the right tool for the next generation of creators and creative professionals. Creative Cloud with deeply infused AI capabilities continues to be the destination of choice for power and precision creation and enterprises are increasingly turning to Firefly Enterprise to unlock a new era of content automation. Firefly is quickly becoming the go-to destination for content generation, ideation and assembly. Users can generate with over 30 industry-leading models, including Adobe, Google and OpenAI. They can collaboratively ideate with stakeholders in Adobe Firefly Boards. They can edit and assemble image, video and audio using Firefly's prompt-based editing capabilities with integrated Photoshop and Express web journeys. Firefly momentum is strong with generative credit consumption growing over 45% quarter-over-quarter. While that growth is broad-based, generations are skewing toward higher-value modalities with video generative actions growing more than 8x year-over-year and audio generative actions doubling year-over-year, reflecting customers moving deeper into AI-assisted creation across the full creative process. As a result, Firefly subscription and credit pack ending ARR grew 75% quarter-over-quarter. Creative Cloud applications continue to embed new AI capabilities, making users far more productive. Photoshop added new partner models and support for higher resolution image generation and editing Illustrator expanded its generative design capabilities with models from OpenAI, Ideogram and Google to support frequent vector workflows. Premiere added AI Object Masks, which quickly became one of the most used AI features in the application. As Creative Cloud users increase AI usage, we're seeing purchases of Firefly credit packs ramp nicely. Firefly Enterprise, the combination of Firefly Services and Firefly Foundry is empowering the world's largest brands to scale content production to unprecedented levels. Firefly Services provide enterprise-grade APIs, giving businesses more than 30 content production capabilities, which can be run in automated workflows. These include 3D digital twin workflows showcasing physical products, image and video resizing across every social and digital channel and campaign variant generation and assembly for personalized marketing content. Firefly Foundry enables the world's largest marketing teams and media companies to build private, deeply tuned AI models trained on their own IP. Unlike generic AI models, Firefly Foundry gives enterprises a commercially safe model that understands and is able to accurately generate their branded assets. Together, these products are driving measurable business outcomes by increasing production scale, accelerating velocity and reducing cost. Firefly Enterprise new customer acquisition grew 50% year-over-year. Additional Q1 Creators & Creative Professionals highlights include: Photoshop launched a conversational editing experience in ChatGPT. 85% Of films premiering at the 2026 Sundance Film Festival were made using Adobe Creative Cloud tools. Frame is emerging as the cross-media work-in-progress repository to manage the rapidly increasing volume of content being created, and doubled the number of assets under management year-over-year. And Firefly Foundry continues to build momentum in the media and entertainment vertical, with partnerships, including B5 Studios, Cantina Creative, Creative Artists Agency, United Talent Agency and WME. While Q1 had many highlights, our traditional stock business saw a steeper decline than we expected. This shift is playing out more quickly than we had planned for, and our focus remains on giving customers meaningful choice between stock and generative AI as they build their creative and marketing workflows. Q1 reinforced our confidence in the strategy and opportunity across creativity and productivity. We're thrilled with the new user acquisition and usage growth for creative freemium offerings. We're excited to see the momentum continue with workflow and automation capabilities, driving incredible efficiencies in enterprises. I'll now turn it over to Anil."
FY26_Q1,2026-03-12,prepared,Anil Chakravarthy,mgmt,,"Thanks, David. Hello, everyone. Adobe provides the leading AI-powered solutions for creative and marketing professionals to deliver personalized customer experiences at scale. AI remains a tailwind for our enterprise business, enabling us to deliver Creative & Marketing Professionals subscription revenue of $4.39 billion in Q1, growing 11% year-over-year. Adobe pioneered the category of customer experience management. Enterprises around the world rely on our software to identify prospects, acquire new customers, engage and delight them with personalized experiences and grow customer lifetime value. We are the leading provider of content management systems for websites and mobile apps and the leading customer data platform that serves as the foundation in enterprises for digital customer engagement. We serve 99 of the Fortune 100 and are the digital platform of choice for Chief Marketing Officers and Chief Digital Officers for their ongoing campaigns and for major marketing moments like the Olympics and Super Bowl. During the 2026 Super Bowl, Adobe-enabled experiences peaked with more than 8 billion analytics server hits, 21 million concurrent viewers, 34 million page views, 1.5 million video requests per minute and 216 million e-mails delivered. In the era of AI, every enterprise needs to drive their current business while harnessing AI to address new trends in consumer behavior and expectations. Companies must ensure their brands remain front and center, even as consumers are increasingly discovering new information, engaging with businesses and buying products through LLMs and agents. These trends vary significantly by geography and consumer segment, adding complexity for global companies that need to provide personalized experiences through well-established channels like websites, e-mail and mobile apps, while ramping up new channels like LLMs. Adobe has become the trusted partner for AI-powered customer experience orchestration through our thought leadership, rapid innovation and omnichannel capabilities, while providing the security, reliability, data governance, global scale and partner ecosystem that enterprises require. Adobe's unified CXO platform provides solutions for brand visibility, content supply chain and customer engagement. Adobe Experience Platform is a leading platform for digital customer engagement and brings together new AI-powered apps and agents to transform how businesses build, deliver and optimize marketing campaigns and customer experiences as well as reduce costs. In Q1, we introduced new AEP agents along with expanded agent orchestrator capabilities now available to all AEP customers via a try-and-buy program. The scale of our platform has grown to over 35 trillion segment evaluations and more than 70 billion profile activations per day. Subscription revenue for AEP and native apps grew over 30% year-over-year, demonstrating continued momentum and value realization. As consumers increasingly use LLMs and agents to discover brands and purchase products, brand visibility has become critical to success in the agentic web. According to Adobe Digital Insights, during the 2025 holiday season, traffic to retail sites from LLMs increased nearly 7x, bringing qualified referrals that convert 31% higher and generate 254% more revenue per visit. Adobe's brand visibility solution, which includes Adobe Experience Manager, Adobe LLM Optimizer and Adobe Brand Concierge empowers brands to engage consumers across their own properties, search, social media, LLMs and agentic channels. Adobe LLM Optimizer enables enterprises to enhance the discoverability of their websites by LLMs and significantly increase their organic traffic. Adobe Brand Concierge is an AI-first application, enabling businesses to configure and manage agentic AI experiences on their websites and mobile apps to guide consumers from exploration to purchase decisions using immersive and conversational experiences. We expect our pending acquisition of Semrush will expand our offering to provide marketers with a comprehensive solution to shape how their brands appear across their own websites, LLMs, traditional search and the wider web. Content is at the heart of delivering personalized customer experiences, and the demand for high-quality on-brand content has exploded. GenStudio is our comprehensive content supply chain offering, spanning content ideation, creation, production and activation. GenStudio is highly differentiated by integrating best-in-class capabilities across Adobe's creativity and marketing applications, including Creative Cloud, Firefly Enterprise, Frame, Adobe Experience Manager and Workfront. In Q1, we delivered breakthrough innovations, enabling GenStudio-created assets to flow directly into activation workflows across the Adobe stack and a broad ecosystem of advertising platforms, including Amazon Ads, Google, LinkedIn and Meta. Ending ARR for the Adobe GenStudio family of products grew over 30% year-over-year as the world's leading brands and agencies increasingly turn to Adobe to power their content supply chain. Q1 accomplishments and business highlights include: Strong customer demand for our agentic web offerings with over 650 customer trials underway for Adobe LLM Optimizer, Sites Optimizer and Brand Concierge. Continued adoption and momentum for AEP AI Assistant with 70% of all AEP customers using the agentic capabilities. Partnership in the OpenAI initiative to enable brands to create ads for ChatGPT. Accelerating momentum for Firefly Services and custom models as part of the GenStudio solution with over 2,500 custom models since launch and Q1 industry analyst recognition, including being named the Leader in 2 Forrester Waves for Digital Asset Management Solutions and Revenue Marketing Platforms for B2B as well as the Gartner Magic Quadrant for Personalization Engines. Adobe's unique value is helping enterprises solve their comprehensive customer experience and content supply chain needs, balancing creativity, automation and costs. Global customer wins in the enterprise in Q1 included Centene, Danske Bank, Deutsche Bank, Heineken, HP, MongoDB, Nordstrom, Paramount, Pilot Travel Centers, RACQ, Revlon, Sherwin-Williams, Southwest Airlines, Stagwell, Target, TUI Travel Group and WPP. Customer experience orchestration is a critical imperative for every business to drive both top line and bottom line growth. Our unique vision, comprehensive offerings, rapid pace of innovation, extensive partner ecosystem and laser focus on delivering business value position Adobe as the partner of choice for AI-powered customer experience orchestration. We look forward to unveiling significant innovations and partnerships that will further advance our leadership position at Adobe Summit in April. I'll now pass it to Dan."
FY26_Q1,2026-03-12,prepared,Daniel Durn,mgmt,,"Thanks, Anil. Today, I'll start by summarizing Adobe's performance in Q1 fiscal 2026, highlighting growth drivers across our customer groups and I'll finish with our financial targets. In Q1, Adobe achieved revenue of $6.40 billion, growing 12% year-over-year as reported and 11% in constant currency. GAAP EPS was $4.60 and non-GAAP EPS was $6.06, increasing 11% and 19% year-over-year, respectively. GAAP operating margin was 37.8%, and non-GAAP operating margin was 47.4%. Q1 financial highlights included total Adobe ending ARR of $26.06 billion, growing 10.9% year-over-year. Total customer group subscription revenue of $6.17 billion, growing 13% year-over-year or 12% in constant currency. RPO of $22.22 billion exiting the quarter, growing 13% year-over-year or 12% in constant currency and cRPO growing 12% as reported or 11% in constant currency. Cash flows from operations in the quarter were a Q1 record of $2.96 billion and ending cash and short-term investment positions exiting Q1 was $6.89 billion and repurchasing approximately 8.1 million shares of our stock during the quarter. Exiting Q1, we have $3.89 billion remaining of our $25 billion authorization granted in March 2024. Business Professionals & Consumers subscription revenue was $1.78 billion, increasing 16% year-over-year as reported or 15% in constant currency. Q1 growth drivers for Business Professionals & Consumers included sustained double-digit ending ARR growth across all geographies. Acrobat and Express MAU grew approximately 20% year-over-year. Acrobat AI Assistant ARR grew approximately 3x year-over-year and strong upgrades to Acrobat Studio as part of enterprise license renewals. Creative & Marketing Professionals subscription revenue was $4.39 billion, increasing 12% year-over-year or 11% in constant currency. Q1 growth drivers for Creative & Marketing Professionals included growth in Creative Cloud driven by the CC Pro offering, creative freemium MAU crossed 80 million, growing over 50% year-over-year and includes web and mobile versions of Firefly, Express, Premiere, Photoshop and Lightroom. Generative credit consumption increased more than 45% quarter-over-quarter. Firefly ending ARR across Firefly app, Firefly credit packs and Firefly Enterprise exceeded $250 million. GenStudio and AEP and apps ending ARR each grew over 30% year-over-year. Strong pipeline momentum for new AI offerings across LLM Optimizer, Sites Optimizer and Brand Concierge. Continued strength and retention across the enterprise customer base, and continued success in the enterprise as total customers with ARR over $10 million grew greater than 20% year-over-year. As we transform our business, we continue to deliver double-digit total Adobe ARR growth at scale, driven by innovative technology, the breadth of our solutions and strong go-to-market motions. From a product perspective, Q1 ARR growth was driven by Acrobat and Express, Creative Cloud Pro and AEP and apps and GenStudio in the Enterprise as well as growing momentum in our expanding portfolio of AI-first applications, including Firefly app and Firefly Enterprise. In total, ARR from AI-first applications more than tripled year-over-year. In Q1, we drove significant MAU growth for our new creative web and mobile freemium offerings, including Express, Firefly, Photoshop and Premiere. While this freemium approach is intentionally designed to serve the next generation of creators, build the Adobe brand and set the foundation for accelerated growth over time, these offerings have a near-term impact on ARR. In addition, we continue to monitor and drive utilization of AI functionality across our products. In Q1, this AI functionality drove significantly greater credit consumption quarter-over-quarter. However, in Q1, we experienced a greater-than-anticipated decline in our traditional stand-alone stock book of business. While this is happening faster than expected, our strategy is to provide customers with the choice to use stock or generative AI offerings for creative and marketing workflows. We expect strength for our core Acrobat and CC products and enterprise demand for our CXO solutions, coupled with new MAU growth for Firefly and Express and increasing AI usage and monetization to gain momentum as we move through the year. We continue to expect total Adobe ARR growth of 10.2% for FY '26. Let me now turn to our financial targets, which assume current macroeconomic conditions and do not include the contribution of Semrush, which we continue to expect to close in Q2, subject to regulatory approvals and closing conditions. For Q2 fiscal 2026, we're targeting total Adobe revenue of $6.43 billion to $6.48 billion, Business Professionals & Consumers subscription revenue of $1.80 billion to $1.82 billion, Creative & Marketing Professionals subscription revenue of $4.41 billion to $4.44 billion, GAAP EPS of $4.35 to $4.40 and non-GAAP EPS of $5.80 to $5.85. For Q2, we expect non-GAAP operating margin of approximately 44.5% and non-GAAP tax rate of approximately 18%. In addition, we are reaffirming our FY '26 targets. Adobe remains focused on executing our growth strategy in a period of profound technological change. As customer behavior evolves, the strength of our platforms and the rapid pace of our AI-driven innovation and creativity, productivity and customer experience orchestration workflows, position us to drive profitable growth and seize the opportunities ahead. Shantanu, back to you."
FY26_Q1,2026-03-12,prepared,Shantanu Narayen,mgmt,,"Thanks, Dan. Q1 represented a strong start to the year, both for our existing platforms where we've been innovative with AI as well as the new strategic initiatives that will drive future growth. Adobe remains steadfast in its commitment to innovation and delivering value to our customers, partners and shareholders. We're confident that our customer-centric approach, groundbreaking product innovations, passionate employees and unwavering execution will continue to drive growth and create durable value. Thank you, and we will now take your questions. Operator?"
FY26_Q1,2026-03-12,qa,Operator,operator,,[Operator Instructions] And we will take our first question from Jay Vleeschhouwer with Griffin Securities.
FY26_Q1,2026-03-12,qa,Jay Vleeschhouwer,analyst,,"Shantanu, first, for you, I just want to say how much I have appreciated our 3-decade relationship. And I do want to commend you, if that's a strong enough word, for the multiple transformations at the company that we've seen over that long period of time. So I just wanted to make that personal and professional remark before I ask my question, which this evening is actually for Dan, not a product question. One of your most important metrics, I think, is and will be the progression of your current RPO. The constant currency growth rate for cRPO was about 1 point better than Q4 and also, over the last number of years, we've seen that cRPO has fairly consistently been somewhere around 51%, 52% of your estimated next 12-month revenue on a rolling quarterly basis. Is there any reason to believe that your revenue visibility via cRPO coverage might proportionately increase over the next number of years. Maybe just talk about that perhaps structural change that you foresee, if any, in your cRPO?"
FY26_Q1,2026-03-12,qa,Daniel Durn,mgmt,,"Yes. Thanks, Jay. I appreciate the question. We're pleased with the momentum that we exited the year last year 2025, strong progression across all 3 customer audiences, and the business performed well. As we window into this year, you can see the strength in terms of our enterprise business and the way we're combining solutions from creativity to marketing to create those content automation solutions and help brands drive their business in this environment. So we're pleased with the progression and the performance and the strategy and the execution against that strategy. I don't see any reason why the trends we've seen in the business historically would inflect to drive a different dynamic as it relates to RPO, cRPO and translation to revenue."
FY26_Q1,2026-03-12,qa,Shantanu Narayen,mgmt,,"And Jay, I just wanted to say thank you for those kind thoughts. And I have to -- I'd be remiss if I didn't say that I'm even more excited about what we've been accomplishing as it relates to the AI transformation and the opportunity ahead of us. So we're going to stay really focused on capitalizing on that opportunity."
FY26_Q1,2026-03-12,qa,Operator,operator,,We will take our next question from Saket Kalia with Barclays.
FY26_Q1,2026-03-12,qa,Saket Kalia,analyst,,"Shantanu, I just want to start by echoing Jay's comments. I mean clearly, this has been a very dynamic space, but you've helped build one of the largest SaaS businesses in the world over the years. So let me just start by saying congrats. But maybe on that point, I was wondering just a bit of a broad question. What is the Board looking for in Adobe's next CEO?"
FY26_Q1,2026-03-12,qa,Shantanu Narayen,mgmt,,"Well, thanks again, Saket. I think at our core, we're always going to be a product company. And I think taking advantage and looking around the corner as it relates to the immense opportunity that AI has across creativity and marketing is the real opportunity for not just the CEO, but the company as well. And I think from my perspective, it's a massively scaled business right now. And so just continuing to have a growth agenda. And we're all about our people. And so the values associated with it. And I'm actually really confident that the Board and the Special Committee will do a great job of shepherding that search."
FY26_Q1,2026-03-12,qa,Operator,operator,,We will take our next question from Brad Zelnick with Deutsche Bank.
FY26_Q1,2026-03-12,qa,Brad Zelnick,analyst,,"Firstly, Shantanu congrats on an epic run. Your impact on Adobe and the industry at large, I know will be enduring for decades to come. But my question is for David. David, it's great to hear the generative credit consumption is ramping so meaningfully up 45% sequentially and much of the expansion has been skewing towards video and audio. Would love to understand what use cases you're seeing consume credit so meaningfully in video and audio. Are we still in more of an exploration stage or maybe asked differently, what are the use cases you're seeing from leading-edge customers that are driving this type of consumption?"
FY26_Q1,2026-03-12,qa,David Wadhwani,mgmt,,"Yes. I think that's a really important question and indicator in terms of where we're going. If you take a step back, I think when you look at the evolution of AI, it has gone from a fun thing to play with to something that's evolving and being integrated more and more into existing workflows. And now I think people are very much relying specifically on the need for AI to be part of their creative process. And so you can -- for those who haven't been tracking, you can think about generative credits like tokens for our creative applications. Obviously, we do a lot of generations across the entire business, but that's effectively what that is. The net of what you're seeing here is we have more people generating than ever before. You saw that monthly active users of our freemium creative software, as an example, is up to over 80 million, 50% year-over-year. So we have more people generating. They're generating higher resolution because it's not just a fun thing to play with. It's actually part of their existing workflows. And they're generating higher modalities, things like video, audio, design. And so you see all of that pushing generative credits up. The second thing is they're actually generating in more places, right? We've certainly started the process by having them create and use generative AI in our core flagship applications, and that continues to grow nicely. Firefly is becoming really more of a destination. We talked about how that grew -- that business grew 75% sequentially quarter-over-quarter. Express Boards for broad-based ideation and stakeholder value. So lots of reasons to look at this as the right leading indicator. And the last thing I'll say is we're starting to see a nice ramp in terms of existing creative professionals adding on additional creative packs as a result of this."
FY26_Q1,2026-03-12,qa,Operator,operator,,We will take our next question from Mark Murphy with JPMorgan.
FY26_Q1,2026-03-12,qa,Mark Murphy,analyst,,"Shantanu, congrats on one of the greatest and longest CEO tenures and growing Adobe to $26 billion in revenue. I want to ask you and also the others, it's remarkable to see 13% subscription revenue growth. We haven't seen that in quite some time. It's intriguing that total revenue growth accelerated in constant currency to 11% or maybe I should say, upticked, but can you speak to the revenue acceleration, we were not expecting to see revenue accelerate quite yet. And I'm just trying to understand, should we assume the stock business is pretty small. And therefore, whatever minor setback you saw, it's just being more than offset by tripling in AI revenue and the step-up in credit consumption that Brad asked about. And that maybe -- is it that kind of netting out that drove this top line acceleration during the quarter?"
FY26_Q1,2026-03-12,qa,Shantanu Narayen,mgmt,,"Yes. A couple of things, Mark. I mean if you take a step back and really look at, as we've been going through this transition, what we've been focused on. First and foremost, it's about are we driving the right product innovation with great new customer audiences in sight. And the way I tend to think about that, it's on the user side, as we have been saying, really driving a huge amount of new user adoption and usage is the early indicator for us that we are driving success with the next generation of creators and business professionals and consumers because our strength with the creative professional continues. And so I think we've done a really good job of -- with Firefly and Acrobat and Express continuing to drive innovation in those particular areas. And then on the other side of the spectrum, I mean, we've always said one of our sustainable differentiation is what we do within the enterprise. And so the enterprise pipeline and continuing to make sure that we deliver, you saw both GenStudio as well as AEP and apps growing 30%. I think as it relates to the revenue, we're doing a better job of really making sure that as it relates to translating ARR to revenue that we're really focused on it. That continues to be both a focus on making sure that we drive retention. And just looking at linearity. So the linearity also associated with the business tends to help with that. So we're pleased with revenue as well as EPS. But I think bigger picture, we just look at it and say the fact that we're driving AI across the individual user segment and the enterprise, which was a really strong quarter. I think as it relates to your question around stock or order of magnitude, it's about a $450 million book of business. And maybe just to talk a little bit about that, if you had -- if you take out the stock business like-for-like, instead of the 10.9% growth, it would have been approximately 11.2% growth. So just to give you a flavor. Now we still look at that entire business as an opportunity because people do like to start any creation or marketing workflow with a piece of content. That's increasingly become generative. That's why you saw the scale, I think, in how we are doing generations. But hopefully, that gives you a flavor of how we think of that business. And we want to make sure that we offer a combined royalty-free stock, plus generative AI offering to take advantage of that opportunity."
FY26_Q1,2026-03-12,qa,Operator,operator,,We will take our next question from Keith Weiss with Morgan Stanley.
FY26_Q1,2026-03-12,qa,Keith Weiss,analyst,,"Shantanu, I don't think we can start a question without congratulating you on what was really an amazing career. I think it's pretty safe to say that you've been a North Star of leadership for the entire careers of probably most of the people on this call and your stewardship of Adobe has just been legendary. So you'll be sorely missed. So it's been a pleasure working with you. So thank you for all of that. And best of luck on your future endeavors. Maybe as a little bit of an for your future successor, you talked a lot about laying foundation for future growth. You talked about some of the initiatives in the near term that -- near term ARR, but sets us up for success in the longer term. Can you talk to us a little bit more about those initiatives and a little bit more about those foundations and how you expect that to evolve? And maybe just the time frame for what today is a foundation-building initiative to when that becomes more of a ARR-driving initiative when that becomes more of the acceleration story within Adobe."
FY26_Q1,2026-03-12,qa,Shantanu Narayen,mgmt,,"Yes. Sure. Keith, and again, thank you all for the kind remarks. I'm not done yet. I just want to make sure -- make no mistake, I'm going to be laser-focused on continuing to drive the company until we have a new CEO and to make sure they are successful. But the things that we tried to outline as strategic priorities. I mean first, creativity is at the core on the DNA and as it relates to the business professional and consumers, we just believe that the combination of creativity and marketing, creativity and productivity with the Acrobat plus Express is what's going to drive both usage as well as an ARR. And so I think in terms of how we look at that particular business that's driving good mid-teens growth, and we want to, as we continue to drive applicability of Express in that, accelerate that business. And so the good news is the early indicators, which is MAU, is really increasing. Same thing with the freemium. I think in our prepared remarks, we talked about the 80 million that we're seeing as it relates to the creative freemium MAU. And so I think even that's driving the business. The slight difference, Keith, in those businesses tend to be that in the traditional business when somebody came and bought it, you would just immediately translate that into ARR. And here, they have to see a little bit of the paywall and they have to get -- so it's a little face-shifted is how I think about it. But for that particular customer segment, the fact that we're driving MAU, that is the right early indicator for us to focus on, much like we did with Reader for so many years, which is you get the adoption and you get the usage. And Reader ubiquity even in new environments like Chrome as well as Edge are really what's driving the revenue. So that's sort of the early indicator in driving that. The core creative professional, I think the ARR will continue to be driven by adding more value to the products, Creative Pro, which is the offering there. It's good to see the success associated with that. And I think on the enterprise side, hopefully, both from our prepared remarks and from the answers to your question, that's really an area of strength for us because people are looking at it and with AI, everybody wants to know how you transform your business. Every CEO that I talk to wants to ensure that they deal with the next generation of consumers and attract them as well as what they want to do then is say, how do I ensure that from my marketing spend, I'm getting as much breadth as I can as well as how much automation and productivity in terms of revenue. And so I think the fact that we have all these new offerings, specifically, Firefly. Dan, I think, talked about a $250 million book of business for Firefly, that didn't exist a few years ago. As we talk about what's happening with GenStudio, 30% growth, AEP and apps. And I would venture to say, Keith, that we should hopefully see what we had identified as the AI-first sort of book of business. That tripled, but that should be our next billion-dollar business. So that's -- we're ruthlessly focused on all of those. So hopefully, that gives you some color on why we're excited about the performance that we put up."
FY26_Q1,2026-03-12,qa,Operator,operator,,We will take our next question from Alex Zukin with Wolfe Research.
FY26_Q1,2026-03-12,qa,Aleksandr Zukin,analyst,,"And again, echoing everybody's praise, Shantanu on the call, it's truly been a special opportunity to work with you and follow your progress. I guess maybe a quick 2-parter, which is, if I think about the impact of AI MAU growth on ARR growth in the quarter, can you maybe just unpack exactly why it was dampened. And as consumption trends improve, how do we think about that kind of impact as we head through Q2, Q3, Q4, when does net new ARR growth start to maybe go positive? And then maybe just anything on the timeline that we and investors should expect around the CEO search. Is this something that is a quarter, multiple quarters? Any timing there would be helpful."
FY26_Q1,2026-03-12,qa,Shantanu Narayen,mgmt,,"Maybe I'll cover the second part and start, which is if I take a step back, actually, because this is a question that is on people's minds, I just wanted to actually say that there never would have been a good time given how much Adobe is part of me. So I do want to start off with that. And in many ways, I've always believed that my role is looking around the corner, whether it's positioning the company for the future or about product and leadership. And as we've said many times, on product, I feel really good about how we've transformed our road map based on this AI and customer audiences, the new products are both exciting and groundbreaking. On leadership, we've always invested in developing a really deep bench of outstanding execs. But timing-wise, part of it is it was really important for me to be transparent about my decision and communicate and allow the Board to take ownership for the selection. So I would suspect it will take a few months. This is not because I have just notified them. So hopefully gives you that a little flavor for that. And I'll start on the other question, Alex, a little bit and then ask David and Dan, which is, the way you have to think about it is our traffic patterns in terms of creativity at adobe.com is only going up and to the right. We have 2 options in terms of how we guide that traffic. We can guide that to ARR that comes immediately or we can guide it to a long-term value and what drives greater long-term value in terms of getting the right product. And increasingly, we're ensuring that we transition. So top line traffic is good, and that's why when we say dampen, I like phase shift also a little bit because that sort of moves out. If you think about the fact that we reaffirmed our targets, I mean, that would imply that we would expect double-digit ending book of business growth for the remaining 3 quarters. So hopefully, that gives you some flavor. But David?"
FY26_Q1,2026-03-12,qa,David Wadhwani,mgmt,,"Yes. I'm happy to just add on a little bit there. So as Shantanu indicated, we look at creativity as a whole as bigger than it's ever been. And if we look forward, we couldn't be more excited about the fact that literally everyone in the world is going to be creating. They're going to be creating visually. They're going to be creating images, the videos, designs, and that's really our wheelhouse, right? And if we think about the shape of that broader creative audience, that is evolving, right? So we have creators now representing basically anyone in the world that wants to create visually. We have creative professionals who are under more and more pressure to create more prolifically and more content and we have enterprises that are looking to automate more of that creativity. And so as we think about that creativity infusing itself into everything, we think about it in 2 columns. The first is around the end user, right? And if you think about that, it really is about reaching the end user where they are. And so we have freemium offers like Firefly and Express. We have power and precision by embedding AI in our existing creative products. And we have more and more products for businesses around automation with Firefly Foundry and Firefly Services now part of GenStudio. So as we think about the growth algorithm for growth, we're going to see more traffic to adobe.com. We continue to see record traffic levels, traffic continues to grow very nicely. And how we route that traffic to freemium offers is going to be really the evolution that Shantanu is talking about in terms of the change that we should expect to see. And as that traffic goes to these new offers, it's just going to take a little time for them to use the product, to hit the paywalls and then translate out. So again, as we said on the prepared remarks, this is really on strategy to drive MAU, drive credit consumption, drive enterprise usage. And we should expect to see that start to accelerate in the back half."
FY26_Q1,2026-03-12,qa,Operator,operator,,We will take our next question from Matt Swanson with RBC Capital Markets.
FY26_Q1,2026-03-12,qa,Matthew Swanson,analyst,,"Shantanu, I'd echo my congratulations, I guess, as I work for this, too. I want to talk to you about the partnerships that we've had announced the last 2 quarters. So last quarter, with all the embedded models and then this quarter, building on even more so with a lot of the advertising platforms, Amazon Ads, Google, Meta. It's a lot of different companies that I think over the last year on this GenAI journey, investors have brought up to us as potential competitors or maybe almost a risk to Adobe that are now kind of part of the ecosystem. So can you talk a little bit more about kind of how you're evolving in this role of orchestration to really help monetize all this new creative content for all these stakeholders."
FY26_Q1,2026-03-12,qa,Shantanu Narayen,mgmt,,"And so maybe I'll touch on the enterprise one first, and then I'll touch on the models. I mean I think as it relates to the enterprise, I mean what's completely clear is as we are helping people with customer experience orchestration, and Anil can certainly add to that. I mean people are looking to us from everything. They're looking to us for brand visibility, acquiring customers, serving them and then ensuring that they create a long-term engagement. So if you think of it that way, there's just no question that from the perspective of a CMO or CIO or the Head of Business, they're looking to Adobe because in this LLM world, it's going to become even more important to them that they actually have a direct engagement with their customers and their own sites actually take way more importance in terms of the value. And so as a multichannel work -- multichannel world emerges in the LLM space, our ability to support it. So those specifically are like the partnerships with Google and Amazon, Meta as well as the other ad places. I think to your point, all of them may have an offering because they have to allow a self-serve offering, those typically tend to be geared towards the small and medium business and maybe even smaller part because it's important, but they value the fact that we can actually help them get campaigns faster and understand the efficacy of those campaigns by closing the loop, and they would like to work with us to jointly go to a customer and say, see, if you advertise on our channel, your return on investment is much better. So that's as it relates to that side. Same thing with the agencies because the agencies are partnering with us to say, we need more automation. We need more technology to help deal with how AI is going to impact marketing spends. Let's partner with you. And so that's why a partnership with Publicis or WPP accomplishes that. I think on the model side, my take on the model side would be as follows, which is there are going to be 2 or 3 really large language models that actually succeed. All of these individual models that exist, small model companies in 1 part of a media ecosystem, I just don't see how long term they survive because people aren't interested in just the model, they're interested in the workflow. And so for us, offering customers with that choice was actually very strategic because we can actually then provide for all of our creative customers the right model for the right case because these all have different brands. And so I think as it relates to the support of all these models, I think it's a win-win. They would like access to customers, which Adobe has, and we would like access to these different models because they have different brand attributes. And I think if you look at the larger companies like Google, we're actually with them and with Nano Banana, it's been a great partnership because we are providing them with a lot of customers and they're providing us with great technology. And so -- and to some degree, I look at that, and I think I may have said that in my prepared remarks. I definitely look at that as I looked at when iOS came along or Android came along or the browser came along, whether that's Edge or Chrome, or Mac and PC, frankly, every single environment in which people want to engage is additive to the opportunity. And if we don't think it's additive to the opportunity, we're just unnecessarily ignoring that. So that's the way I look at it. And frankly, you'll continue to see more partnerships. So stay tuned. I mean that's something that we continue to work on."
FY26_Q1,2026-03-12,qa,Operator,operator,,We will take our next question from Brent Thill with Jefferies.
FY26_Q1,2026-03-12,qa,Brent Thill,analyst,,"The dampening of ARR with new premium offerings, I guess, what gives you confidence on the back side that you can monetize this?"
FY26_Q1,2026-03-12,qa,Daniel Durn,mgmt,,"Yes. So I would say, first of all, we already are monetizing it. You see the momentum we have with Express. You see the momentum we have with Firefly. And we've got a long history. Acrobat, I think, is the first freemium funnel around software, and it's the one of the most performing parts of our business. And so we feel good about the journey we've been on which takes a large surface area of highly engaged users, takes them on journeys where they dive deeper from a feature functionality standpoint, hit pay walls and bring them down the funnel. And once they are paying customers in these freemium models, and frankly, this is where customers' preferences and behaviors are going. They want to try before they buy. And so it's meeting the customers where they are. But we've got an incredible ecosystem that's pervasive. And once they become deeper customers around those freemium entry points, the opportunity to more deeply monetize that over time with a well-worn notion around upsell and cross-sell is one of the historical strengths of the company and will continue to be. So we feel confident that it is on strategy, meet the customers where they are, allow them to engage in the way in which they want to engage and then continue to bring them deeper into the Adobe ecosystem, which becomes an effective monetization lever over time. So we feel good about the strategy and how we're executing against it."
FY26_Q1,2026-03-12,qa,Brent Thill,analyst,,"And then Dan, one quick follow-up just on capital allocation. From an M&A perspective, I know you backed off quite a bit, but the environment has changed considerably where other large companies are feeling things are easier to get done. Have you shifted your view at all on the buyback versus M&A?"
FY26_Q1,2026-03-12,qa,Daniel Durn,mgmt,,"Yes. I won't say there's a change in our philosophy. We've always said there's 3 elements to our capital allocation strategy. First pillar is to grow the company, grow it organically by investing in game-changing category-defining innovation, but also complement it from time to time with inorganic activity that maintain a flexible, strong balance sheet and return excess capital to shareholders. That framework is standing the test of time. We've announced Semrush, great asset, great acquisition, complements the business well and allows us to engage from a brand visibility standpoint in an evolving environment where you're layering in LLMs next to search engine optimization, and we'll have the industry's best leadership product -- category defining products. And so we continue to look, but we won't be cavalier about M&A. We've got great innovation in flight. We've got an organic engine that we're pleased with the innovation we're bringing and the strategy that we're executing against. But we continue to look to see how we complement that organic growth engine within organic and the bar is going to be high. But when we see something that's interesting and attractive, we will absolutely go out and action it. And so I would say there's really no change to the approach, Brent."
FY26_Q1,2026-03-12,qa,Operator,operator,,We will take our next question from Michael Turrin with Wells Fargo Securities.
FY26_Q1,2026-03-12,qa,Michael Turrin,analyst,,"This one's for the broader team. The company is still delivering greater than 47% operating margin. It's an impressive number, but the net new ARR number was down a touch this quarter. So I'm just wondering what the team's thoughts are on potentially taking margin down to grow faster. It's the question we're getting from investors across software. So is that something you think you could do with some of the newer revenue streams and engagement levels you're seeing? Or maybe talk to us around how you're evaluating the trade-offs there just given the current environment."
FY26_Q1,2026-03-12,qa,Shantanu Narayen,mgmt,,"Sure. I'll start. And then, I mean, we are always looking to make sure that we spend money to drive long-term value. And on some of the businesses, namely, I would say, Firefly and Express, you're absolutely right, which is the more marketing we spend on it, the more with our data-driven operating model, we continue to see it. I think you'll see as it relates to the Q2, there's a slight degradation that has as much to do with the Summit and the other events. But maybe what's not well understood is how below the surface, we're actually constantly getting more efficient as it relates to our spend and making sure that we spend that more on marketing as well as on the COGS associated with what's happening. So we now track tokens and token usage within the company, and it's nice to see that token usage increase because that means that our AI products are seeing great value associated with it, and we will continue to do that. We will continue to do that. And given we have the best customer experience orchestration solutions, we know where that ROI is helpful and where that ROI can be wasteful. But it's a good question. And be assured that we're spending on the newer initiatives, and that's why tripling that revenue, and you're right. I mean we will continue to see how we can accelerate that as well. I mean given that is the last question, maybe, again, in summary, what I would say is that, as it relates to our business, a strong start to the fiscal year. And as we think about where the company is focused, namely AI products and ensuring that at the user level, we continue to see accelerated acquisition and usage and, on the enterprise, making sure that we combine the power of our creative tools to enable them to accomplish their business objectives with customer experience orchestration, we feel really good about that. So thank you for joining us, and hope to see all of you at Summit. Doug?"
FY26_Q1,2026-03-12,qa,Douglas Clark,mgmt,,"Thank you, everyone, for joining."
FY26_Q1,2026-03-12,qa,Operator,operator,,Thank you. And this does conclude today's question-and-answer session. I would now like to turn the call back to Shantanu for any additional or closing remarks.
FY26_Q1,2026-03-12,qa,Shantanu Narayen,mgmt,,I think we actually closed. Thank you very much.
FY26_Q1,2026-03-12,qa,Operator,operator,,"And this does conclude today's call. Thank you for your participation, and you may now disconnect."
FY26_Q2,2026-06-11,prepared,Operator,operator,,"Thank you. Saket, once your mute function is turned off to allow your signal to reach our equipment. Again, that is *1 if you would like to signal with questions. And the first question will come from Michael Turrin with Wells Fargo Securities."
FY26_Q2,2026-06-11,prepared,Michael Turrin,analyst,,"Hey. Brent. Thanks very much. Appreciate you taking the question. And I guess just realize it was not planned, but with Daniel leaving, I think we are going to feel questions on how the company manages through this level of transition in a world where there are a lot of questions around just disruption or changes to the market across software. So maybe you can just speak to how you maintain continuity with the both CEO search and CFO transition in motion and maybe also touch on the profile of what you are looking towards or think the company needs and it is next stage at this point."
FY26_Q2,2026-06-11,prepared,Shantanu Narayen,mgmt,,"Sure, Michael. Let me take that. And, you know, I will first start off by saying, the leadership team that exists in the finance organization is absolutely, absolutely seasoned and top notch. So you know, I wish Daniel well. it is clear that where he is going is where his background and expertise has been. But I am confident that we will not miss a beat. I think as it relates to, you know, any other questions associated with the transition, I am happy to answer that. But my short answer is we have a incredibly seasoned leadership team and, you know, I will continue to work with them closely as I have in the past. To make sure that we drive, all our strategic objectives."
FY26_Q2,2026-06-11,prepared,Michael Turrin,analyst,,"And just if I may, a follow-up just on the decision to defer line optimizations on Creative Cloud I assume we are coming up on just potential price increase there. So maybe speak to why that is the right decision for Adobe today. And how you think that kind of sets the creative business up for future growth."
FY26_Q2,2026-06-11,prepared,Shantanu Narayen,mgmt,,"Yeah. Happy to, Michael. I mean, I think if we really look at it, we just look at what is happening with the AI opportunity for creativity. is this incredible opportunity that is upon us right now and no other company is as well positioned given what we have with our models across our products. Across our interfaces to take advantage of it. So this is really about saying, what we have done as it relates to capturing MAU with Acrobat and Express, what we have done with respect to Firefly, the entire creative market. You know, sometimes I like to also characterize this much like what is happened with the code opportunity. If you think about what is happened with the code opportunity across AI, it is just completely being turned upside down. And every company is thinking about how they can, you know, add to all of the billions that is already spent in code. The same opportunity exists, I think, in every single category, whether that is gaming, entertainment, and creativity. And this is an opportunity for us not just to focus on creative pros and communicators, who have traditionally been the strength of this company, but to actually become that AI platform for all creativity. Across every single surface. The success that we have seen associated with what we have done on these new products. We talked about the MAU. We have talked about the ARR that is coming. We want to just have a singular focus right now to make sure that we go capture that immense opportunity with a singular focus, a clear marketing message. It also is based on a complete confidence that we have that the creative business is extremely stable. The amount of innovation that we have delivered in that space continues to make us you know, a category of 1 as it relates to our focus on that particular market. And so, you know, that 1, we can defer. it is not going away. But anything that comes in the way of the company aligning, and the market understanding that we are going to go after that entire creative opportunity right now, I think will detract from what is the real price for this company. So, hopefully, that gives you some color. And I think in terms of, you know, the impact on ARR, you can think of it as maybe half of the impact of ARR is as a result of what we are doing around deferring that creative, price line optimizations. And the other half is about going, you know, full steam on what it-- what it takes to deliver the freemium experience. Appreciate the candor in those responses. Thanks, Shantanu. Thanks, Michael."
FY26_Q2,2026-06-11,qa,Operator,operator,,And the next question comes from Alex Zukin with Wolfe Research.
FY26_Q2,2026-06-11,qa,Alex Zukin,analyst,,"Hey guys. appreciate you taking my question. I apologize for any background noise. Maybe just at the risk of redundancy or simplification, just why now to accelerate the freemium MAU motion I think before, we were thinking that the previous messaging was that it could actually positively impact second half ARR. The freemium motion, and now it is turning into a headwind. As they convert. Or so maybe just simplify why now is the right time and then I have got a quick follow-up."
FY26_Q2,2026-06-11,qa,Shantanu Narayen,mgmt,,"Sure. I mean, I think you should think of it, more in terms of, does that early success that we are having across all of them give you confidence to actually go even more aggressively about this? So that is how I think about this, Alex, in terms of why now. We all recognize that when you look at the traffic that is coming to the Adobe site, that traffic is just gushing. And so when we think about how we can capture that with a unique value proposition associated with delighting them and making sure we have a friction free experience, anything that comes. When we take a step back, we have built a incredible business. But it is a balanced business. We are always trying to figure out what we send to the freemium. And what we send to ARR. I think this singular clarity will enable us to capture way more people in the audience. And so the why now has more to do with the fact that we are seeing the success associated with what we have done the products, whether it is Acrobat Express or Firefly, are there. The ability to support third party models is there, and I will have David-- I will have David also add. So it is really the success that we are seeing and the incredible amount of traffic that says, if-- if we do not take advantage of this opportunity right now, we will just unnecessarily diffuse it, and we will send people other places when they want to come, have that engagement with Adobe and are looking for the Adobe brand, and Adobe Magic to help them solve their creativity needs."
FY26_Q2,2026-06-11,qa,David Wadhwani,mgmt,,"David? Yeah. And maybe, Alex, I will just add on a couple examples to what Shantanu was saying to demystify what we mean by, you know, user behavior changing and evolving. Let me give you 1 example with Acrobat and 1 example with Creativity and Firefly as an example to hopefully cement this a bit. So what we see is a shift in or an emergence in terms of LLM usage and that is driving a lot more intent based search. So what is an intent based search? Someone might type into a search engine, summarize this PDF. Right? And what we do is we are using SEO and SEM and some of, Anil's SEMrush capabilities now to make sure that we are ranking high when someone types in something like summarized PDF. When the user clicks on our link, we take them instead of taking them to adobe.com and talking to them about Acrobat. We are now taking them directly into Acrobat web with a single call to action, which is upload your PDF, and then we summarize it for them. And when we summarize it for them, we then introduce them to this idea that they can use AI assistant to even have her ask some questions. And we use this process to let them build a habit before we start giving them paywall. So that is an evolution. If we just took that traffic direct to a paid flow to buy Acrobat and download Acrobat, it would not produce as much opportunity long term for Adobe. Similarly, in Firefly, we see things like you know, a growth in terms like generate pixel for social media posts. Again, we rank really high in SEO SEM, then we take them directly into Firefly so they can upload an image of themselves create this pixelated version, maybe introduce them to this idea that you can convert that to video, But it is a very different flow. And that is where the world is going. that is how users are engaging. We want to lean into that, and we think, as Shantanu said, we have the right products for that now. So this is the moment to go for it."
FY26_Q2,2026-06-11,qa,Shantanu Narayen,mgmt,,"Maybe the last thing I will say to that to just punctuate what David said is, not only are we seeing the MAU increase, but we are seeing the engagement increase then as a result of serving that first experience because they are looking for Adobe. So I think it is the satisfaction associated with completing their task that makes them want to engage with Adobe more and are those signals. Give us confidence that now is the time."
FY26_Q2,2026-06-11,qa,Alex Zukin,analyst,,"And then maybe just to follow-up then. If we think about the combination of that action that you described and the per postponement of the line optimizations as driving roughly, I think, by our math, a half-billion-dollar adjustment to the organic ARR. Downward. Like, what is the payback period on that? So $500 million, let's say, that you are investing in this motion, what is the payback period and multiple that you think you can get as a result of the successful strategy that you are or potential successful strategy that you are embarking Well, let me give you some color."
FY26_Q2,2026-06-11,qa,Shantanu Narayen,mgmt,,"I think on the second 1 first, which is you know, the, Creative Pro line optimizations, we can introduce them, as we continue to deliver value. So that 1 is just you know, a phase shift. And as we add that, we will actually think we believe that we are gonna have better offerings that are more differentiated the more these premium offerings are successful. So that 1 for us, we just look at it and say, you know, we are deferring it, but not closing it. So, hopefully, that gives you some color. And then in terms of, you know, the traffic, if the disproportionate amount of traffic is gonna go to these premium offerings, You are right about, hey. How does that sort of start to come back? And, you know, we are already seeing some of it as it relates to the amount that we have on Firefly. So we shared some numbers. On that as well as on express, you know, which are growing well, but that will play out, I think, over 2027. More important, I think it sets the company up for the right, you know, sort of really growing our customer base, which, like we have done, with Reader, you know, then pays off for decades. And maybe the other thing, just to give color because I am sure people will ask this question. As you think about it in terms of how it plays out over the second half, you know, maybe the way to think about it is if you go back and look at our fiscal 2024 or our fiscal 2025 results, yeah, you can understand whatever our second half ARR expectations are. They probably typically pay out 40 and 60 in Q3 and Q4. Given we will be making more of these changes, in Q3 as it relates to you know, changing the traffic patterns, and we expect our seasonal enterprise strength. The enterprise and everything we are doing around content continues to be an area of strength for us. That will be perhaps a little bit more proportionately in Q4 than it was in, Q4 in the last few years. So, hopefully, that gives you both color on the line optimizations we can always introduce. But we wanted to be transparent with you. I think as it relates to the moving of the freemium, hopefully, we gave you a lot of indication as to why now all of the early success that we are seeing. And I just wanted to make sure you had color as to how that might play out in Q3 and Q4 as you do your modeling."
FY26_Q2,2026-06-11,qa,Operator,operator,,"And once again, if you would like to And we will take our next question from Matt Swanson with RBC Capital Markets."
FY26_Q2,2026-06-11,qa,Matt Swanson,analyst,,"Brent. Thank you guys so much for taking my question. Not to front-run Cannes too much, but if we could focus a little bit on the brand visibility solution and kind of the broader idea of what SEMRush brings to the Adobe platform. You just kinda talk a little bit maybe more holistically on how that fits into your broader portfolio and kind of what the maybe compounding benefit could be over time?"
FY26_Q2,2026-06-11,qa,Anil S. Chakravarthy,mgmt,,"Thanks for the question, Matthew. Brand visibility is a topic of huge interest to CMOs. As you just heard from David as well, you know, we are seeing a lot of that play out in our own traffic patterns, and every brand across the world wants to have the right placement in regardless of which LLM, customers are using. Want to have the right message, and they want to have their messages show up. On LLMs, on social media, and all the other new platforms that consumers are going to. And we believe that the best way to do that is to take their content that they have already within their content management system like Adobe Experience Manager, and make sure it gets out there, whether it is the bots and the agents that these LLMs have or third party sites where have credibility with these LLMs. Making sure that all the brand visibility is shows up in the right places. Requires the integration of what SEMrush brings, which is the outside in knowledge of how what is actually being prompted for, what is being searched for, And that, the data, the database that they have of all of the prompts and search queries and so on. And combine it with the inside out intelligence that we have with all the content, marrying those 2 products, the opportunity to bring the most comprehensive brand visibility solution in the market, and that is what we are introducing at Cannes. Later this month. So we are super excited about that, and I believe we believe that this is going to be a must have. For every CMO. Thank you."
FY26_Q2,2026-06-11,qa,Operator,operator,,And the next question will come from brand Zelnick with Deutsche Bank. brand
FY26_Q2,2026-06-11,qa,Zelnick,analyst,,"Brent. Thank you so much for taking the question. Maybe on a different topic, we saw the announcement on the Creativity Connector with Google Gemini. Wondering how you are thinking about relationships with companies like Google that are seemingly developing their own design tools versus making Adobe innovations available in their apps? And more broadly, how are you thinking about competition partnerships and co-opetition in the age of AI?"
FY26_Q2,2026-06-11,qa,David Wadhwani,mgmt,,"Yeah. Thanks for asking that question, Brad. I think it is a-- there is-- we have made a lot of progress in terms of how we think about the evolution of a creative agent and productivity agent, and Anil also introduced to basic customer experience, coworker, at Summit a couple of months ago. Overall, what we have done is we have taken all of our, core capabilities in our, creative flagship applications as an example. And we have used that to create a series of capabilities that are accessible to the endpoints. In other words, if the creativity agent can now really access 50, creative tools across our ecosystem. And that AI assistant is then available in Firefly and to our Creative Cloud subscribers we have also, to exactly to your point, we have also taken that AI assistant, that creative agent, and made it available inside of, both ChatGPT and inside of, Claude with Copilot and Gemini, coming, very soon. And what that lets us do is it lets us again, similar to what we were talking about go to where user experience and user intent actually, initiate. So if someone starts to want to do something with, AI assistant, to, you know, create a logo, convert that logo to some merchandise, be able to post that merchandise across social, media networks, you can do all of that conversationally at this point. In that context, if you have anything you wanna do that goes beyond what you can do conversationally, we use that opportunity to journey them over to Firefly for a deeper, richer AI, tooling, experience. So the whole end to end experience here is about getting to users where they are, letting them do a lot more conversationally, really reducing the bar to create more but then also leveraging the opportunity to monetize them by converting them over to Fireflies, etcetera. And the last thing I will say is the monetization model for these AI agents is similar in that it is basically about credit consumption, and it drives a lot more, credit consumption and opportunity for upsell."
FY26_Q2,2026-06-11,qa,Operator,operator,,"And as it relates to your question on partnerships, maybe I will just add a couple more points."
FY26_Q2,2026-06-11,qa,Shantanu Narayen,mgmt,,"I mean, firstly, you have to look at what the economic model is for a lot of these companies. So whether it is Amazon, Microsoft, or Google, We are huge, you know, users of their cloud services. Which at the end of the day is a significant revenue stream for them. So, you know, we have great partners with all 3 of them. I think with Google specifically, we also partner on how we can jointly go to media and entertainment. We are a big user of their Nemo Framework within our application. So I think there is a lot of synergy associated with that. I think with OpenAI and with Anthropic, they are looking to say how can they become more of a sort of platform of choice and provide us. I think all of their focus right now, I would say, Brad, is on code, and that is where everybody is doing a student body left on that. And I think creativity is an area that we not only have a passion for, that we are uniquely qualified, And so, you know, this is our time, and our opportunity to leverage everything that they are providing. And so with every 1 of them, we have a great partnership. But I think as it relates to the consumer side of creativity, which is where this is going after, where I think a company of 1 in terms of the focus that we can have. on that particular business. Very helpful. Thank you both."
FY26_Q2,2026-06-11,qa,Operator,operator,,And the next question will come from Billy Fitzsimmons with Piper Sandler.
FY26_Q2,2026-06-11,qa,Billy Fitzsimmons,analyst,,"Hey, guys. Thanks for taking the question and fitting me in. I want to go back to the discussion earlier. there is a lot of debates right now around kind of the moats in software. If I think back to Summit, there is a big focus on kind of what you are doing with AI agents internally. And I think there is an important emphasis on your differentiation of being you know, having 20 years of customer relationships and proprietary data around that. As well as being that governance and auditability layer for AgenTic workflows. You just talk about the importance of that in the ecosystem? And then if I could sneak another 1 in And to be honest, I do not really know who this is for at this point, but you announced a $25 billion share repurchase authorization at Summit. A significant chunk of your cap we are also in a much more or it feels like a more relaxed regulatory environment. How do we think about kind of your ability and propensity to do kind of tuck-in M&A in this environment? Thanks, guys."
FY26_Q2,2026-06-11,qa,Shantanu Narayen,mgmt,,"Maybe I will start with the second and then you know, we can all touch on the first. And we are all a team of 1, so you can ask anybody that question, Billy, and we you will get the same answer. I think as it relates to the you know, stock buyback, I think you know we had a $25 billion authorization previously. We added to that with another $25 billion authorization in April. Of the first authorization. I think if you look at it, there is $2 billion left and, you know, we would have completed it in less than you know, 11 quarters or so. So, you know, we are clearly showing a lot of confidence that, we should be using our capital allocation, to buy back our stocks. Semrush was a good acquisition. We are confident about, you know, our ability to monetize that. It further differentiates our marketing solutions, and I will come to the marketing part. But, you know, we are continuously looking at a whole bunch of companies. there is going to be some very interesting tuck ins as it relates to technology because, none of them have business models that are sustainable or monetizable. So it is actually a good time for us to look at technology companies. I think as it relates to differentiation, we always talk about content. And the fact that we have these behaviors and we have the data as a huge differentiator for us, I know there is a lot of talk about what is happening in the enterprise. Number of CEOs and CFOs who are coming to us and talking about, hey. We have this transformation. A big, big component of that transformation is customer experience in Adobe. You are the 1 who is gonna help us with that in terms of both the content and the understanding of the customer. that is a huge differentiator. I think we are clearly you know, focused on that as separated us from anybody else in the customer experience orchestration. The Creative Pro, as I continue to say, you know, our understanding of that customer base is unique. And this is now about saying, how do we extend both of those into also the consumer space and the era of AI? And so that is how we look at it. And to your point, our ability to take the depth of our technology, whether it is in audio, whether it is in video, whether it is in imaging, and bring that to Firefly, the speed and velocity by which we can bring it. Has to do a lot with what the technology code base is underlying. And the understanding of behaviors. So that is how I would describe our differentiation. Anybody who wants to create content and use it for marketing, that is Adobe."
FY26_Q2,2026-06-11,qa,Operator,operator,,And our next question will come from Kirk Materne with Evercore ISI.
FY26_Q2,2026-06-11,qa,Kirk Materne,analyst,,"Yes. Thanks for taking the question. I guess this 1's maybe for David. David, when we think about this push into freemium and changing that up a little bit, I guess, how do you get comfortable on sort of the long term economics in terms of lifetime value? I guess, what are you seeing in terms of those customers going through sort of a gestation period and then monetizing over a certain period of time. Can you just add some more color to that? Because I get the idea of adding a lot more new users to the platform, but just trying to get a sense on how you guys get comfort about sort of the stickiness of those users after a certain period of time. And you know, the ultimate monetization opportunity? Thanks."
FY26_Q2,2026-06-11,qa,David Wadhwani,mgmt,,"Yeah. Happy to take that. You know, again, just the foundation of this here really starts with understanding user intent and user behavior. As I mentioned in the example of that transition to, increasing intent based expression when they are searching. That just gives us an opportunity to, massively open up the top of funnel you are starting to see with the over 40% increase in traffic to adobe.com through those activities. And if you think about the journey, the user goes from, they go from searching directly to using our product, which does result, and we see that in our stats, that results in higher engagement which you then start to see in terms of, monthly active user growth. And what we see is on the on the back end of that, when they convert to a paid user, they tend to have much higher engagement and usage patterns than those that go directly into paid, which translates to long-term lifetime value and long term value for the company. And in terms of why now, again, that question was asked earlier. Why now? Because we see all the right signals. Right? The product is there. the traffic is up 40% year-over-year over year. We see the strong usage of the product. We see that MAU is up 70%, year over year, when looked at it. And we even talked about how that has started to translate into ARR growth with 50% as an example, ARR growth that you see, quarter over quarter for Firefly. So all of those early indicators are there. And, really, what we are working to do as we bring more of that traffic over is that just needs time to play out. All of that sort of in the backdrop of this is where the world is going. The opportunity is bigger than ever. Instead of trying to balance the you know, both things, really go all in on this opportunity because it is ours to ours to win. We have all of the foundation here."
FY26_Q2,2026-06-11,qa,Operator,operator,,And our next question will come from Brent Thill with Jefferies.
FY26_Q2,2026-06-11,qa,Brent Thill,analyst,,"Shantanu, 1 of the questions we get is, just the reset for this next tectonic shift and I realize you are guiding margins down a bit, but I think many investors believe that you could be doing more and putting a much bigger moat and investment in to protect yourself. I do not know if that view is right or wrong, but I am curious why not be a little more severe in terms of the push and the pivot You went through this from perpetual subscription. You obviously nailed it and had incredible results from that pivot. Maybe it is not the right analogy, but I think we are getting a lot of questions on that. Yeah."
FY26_Q2,2026-06-11,qa,Shantanu Narayen,mgmt,,"I think, Brent, this is actually a indication that we are, you know, really going to pivot, as you, to use your words. Into getting, you know, this acquisition and customers. I mean, I what is not as evident is under the surface, how we are increasingly, you know, moving all of the expenses that we have and spend that we have and the scrutiny on just making sure. That we find the money to spend. So we will not be short term focused on this, Brent, in terms of, you know, spending money to make sure we capitalize on the opportunity and but we are spending on this, and we will continue to, whether it is on the models whether it is in marketing, whether it is in the product. Associated with these. We do not intend to be short term at all. About trying to-- this is as you point out correctly, Brent, this is not about balance. This is about saying, hey. Be clear about your strategic intent, and we are saying it is about becoming that platform of choice for AI right now. It is about getting those users to engage with Adobe and partner with Adobe But be assured that as it relates to cloud spend, what we are doing on models, as well as what we are doing in marketing, we are spending the money. The good news is we get a lot of you know, Anil's products relatively, you know, cheap in order to be able to use it. So our, efficiency on that is probably better than anybody else in the industry."
FY26_Q2,2026-06-11,qa,Operator,operator,,And moving on to Saket Kalia with Barclays.
FY26_Q2,2026-06-11,qa,Saket Kalia,analyst,,"Okay, great. Hey, guys. Thanks for taking the question here. Maybe for Shantanu and David, you know, as I think about the original freemium business at Adele, it is really Acrobat. And I think the hope here is that some of your products like Express and Firefly can replicate that success. Maybe the question is, can you just compare and contrast maybe the next generation of freemium products in terms of what is similar, what is different than, you know, some of the really successful freemium businesses that we have built up over the years."
FY26_Q2,2026-06-11,qa,David Wadhwani,mgmt,,"Yeah. Thanks, Saket. Happy to share a little bit about this For the broader context of folks that may not have been tracking us as long as you have, You know, if you really take a step back, we have talked a lot in terms of the Acrobat funnel as part of our data driven operating model. And the level of scrutiny and detail we understand around you know, the breakup of when we talk about the 850 million monthly active users, many of them are on desktop readers. Some of them are in our Chrome extension. Some of them are in Microsoft Edge extension. Some of them are on mobile devices. We are able to look at the utilization of all of that, reader experience in those free, free experiences and understand the specifics of how users are engaging in each of those, and look for the right opportunities in those surfaces to put up paywalls and opportunities to convert. So we found in that process things like edit PDF or redact PDF, inquiries are a great opportunity to, take a user that is built up a habit using these products, and convert them to a long-term paid customer. A lot of that same learning, that infrastructure that we have in place for Acrobat that we have developed over the years that same infrastructure applies to everything we are doing as you said, with Express, with Firefly, with Acrobat AI assistant. And the foundation of how we are taking that 90 million of creative premium MAU and converting that is identical. Maybe the difference that we see as an opportunity, and this goes back to why we are investing so heavily right now, in going after where we see a user behavior is that intent no longer just starts in the product. That intent now also starts, as part of their search history and the things they are doing in search. And so the investment in terms of driving a broader percentage of that search directly into the same flows and the same model that we have done with Acrobat over the years, I think that is really the opportunity to fundamentally change and reshape this business for decades to come. So very excited about what we have learned, and there is growth that we can apply to new experiences as well."
FY26_Q2,2026-06-11,qa,Shantanu Narayen,mgmt,,"Maybe I will just add a little bit to it, Saket. Having been there for, that journey, which was, I think, you know, a lot of people may not remember that we actually tried to charge for the Acrobat Reader. And, you know, most customers told us that, hey. Allow us to use it and, you know, you will find different ways to monetize it. And so, you know, in addition to what David said, I would add that I think what is common across all of these is product first and foremost, which is how do you get usage? In the reader case, it was distribution. In this case, the new model is premium, and that is the underlying theory behind both of those is get the product right and get usage. Going because that is the way to monetize it. I think as it relates to, the 2 other things that are, I think, learnings from what we will continue to do, on Firefly, how we can expand from Firefly into Creative Cloud. And we are doing a really great job of that, which is you try things in Firefly and you wanna expand to creative cloud, that is pretty seamless. You wanna start with Creative Cloud and have Firefly, that is also very seamless in terms of you know, how much innovation we have delivered. it is slightly different with Acrobat Express in that with Acrobat and Express, it is a little bit more of paywalls in terms of how we are doing it. So, you know, what I look at when we see what we are doing is usage is common, getting the product is common. And then making sure that at the appropriate times, we find ways to add value and find ways to monetize it. And so I think that is the learning that we have, but usage at the end of the day. And since I believe that is the last question, I mean, let me just because I think the whole set of questions has really been around hey. As you think about this era of AI and as you think about what is happening with creativity, what gives you confidence associated with some of the things? And I will repeat what I said, which is we really think this is a unique opportunity for creativity. Everything that is changing with AI and user behavior and user intent and how users discover products. Based on the early success to say now is the time to have the singular focus in the company, get the alignment, and go really drive. The Creative Cloud business continues to do well. That is not where you know, tweaking it is going to, you know, allow us to get the next hundreds of millions of customers. On the marketing side, you know, enterprises, we just continue to extend you know, the offerings that we have and tying together content between what we are doing on the client side and the enterprise. That entire economic pool, as I think, Anil talked about, in terms of how much money is being spent across content creation, marketing folks, practitioners, the agencies, as well as the channels, that is only gonna increase, and that is gonna go the benefit of that and the economic pool is gonna go to folks who can help automate that. Provide technology and software to do that. So, you know, that is why we feel really good about these changes, and we feel, this is the way to continue to drive. We are also pleased with what we have done as it relates to the conversion of ARR to revenue. I should recognize that. that is why you have seen the overachievement. And so, you know, that speaks to again, the stability, I think, that we see in the ARR from customers. So thank you for joining us today, and we look forward to those of you who are gonna be at Cannes, you know, certainly, stop by and see what Adobe has to offer. Otherwise, we will see you at the next call."
FY26_Q2,2026-06-11,qa,Operator,operator,,Thank you. Thank you. That does conclude today's conference We do thank you for your participation. Have an excellent day.
